# Seconds,DAQ1/ai0,DAQ1/ai1,DAQ1/ai2
0.000000,0.018429,-1.172512,6.902401
0.001000,0.018495,-1.161001,6.934632
0.002000,0.018462,-1.150148,6.959957
0.003000,0.018462,-1.138636,7.025077
0.004000,0.018594,-1.127454,7.062242
0.005000,0.018363,-1.115943,7.092171
0.006000,0.018495,-1.104760,7.121113
0.007000,0.018594,-1.092920,7.184589
0.008000,0.018726,-1.082067,7.220767
0.009000,0.018627,-1.070227,7.249709
0.010000,0.018660,-1.058716,7.286874
0.011000,0.018627,-1.047862,7.341798
0.012000,0.018693,-1.036022,7.375345
0.013000,0.018791,-1.024182,7.403301
0.014000,0.018627,-1.012671,7.445070
0.015000,0.018824,-1.001159,7.491114
0.016000,0.018923,-0.989648,7.522030
0.017000,0.018923,-0.978466,7.547355
0.018000,0.018758,-0.966955,7.593728
0.019000,0.018890,-0.955115,7.637800
0.020000,0.018890,-0.943603,7.667729
0.021000,0.019055,-0.931434,7.691409
0.022000,0.018890,-0.920581,7.738769
0.023000,0.019055,-0.909070,7.778893
0.024000,0.019121,-0.897229,7.806849
0.025000,0.018923,-0.885389,7.828885
0.026000,0.019252,-0.873878,7.878876
0.027000,0.019187,-0.862038,7.914396
0.028000,0.019219,-0.850198,7.941694
0.029000,0.019055,-0.838029,7.964717
0.030000,0.019154,-0.826847,8.013063
0.031000,0.019252,-0.815335,8.046281
0.032000,0.019351,-0.803495,8.070619
0.033000,0.019252,-0.791655,8.090353
0.034000,0.019318,-0.779815,8.140015
0.035000,0.019285,-0.767975,8.170931
0.036000,0.019252,-0.756135,8.195598
0.037000,0.019318,-0.744624,8.212700
0.038000,0.019417,-0.732455,8.263020
0.039000,0.019516,-0.720943,8.290976
0.040000,0.019450,-0.708445,8.312025
0.041000,0.019318,-0.696934,8.329456
0.042000,0.019384,-0.685094,8.379448
0.043000,0.019549,-0.673254,8.406417
0.044000,0.019483,-0.661414,8.426150
0.045000,0.019549,-0.649245,8.440950
0.046000,0.019582,-0.637734,8.491599
0.047000,0.019483,-0.624907,8.516924
0.048000,0.019483,-0.613396,8.535342
0.049000,0.019549,-0.601227,8.553760
0.050000,0.019713,-0.589716,8.598489
0.051000,0.019680,-0.577875,8.620525
0.052000,0.019713,-0.565378,8.636969
0.053000,0.019648,-0.553209,8.659991
0.054000,0.019680,-0.541697,8.696827
0.055000,0.019680,-0.529199,8.718205
0.056000,0.019680,-0.517359,8.731032
0.057000,0.019812,-0.505519,8.759317
0.058000,0.019812,-0.493350,8.790890
0.059000,0.019812,-0.481839,8.811610
0.060000,0.019713,-0.469341,8.826410
0.061000,0.019779,-0.457172,8.853708
0.062000,0.019845,-0.444674,8.881993
0.063000,0.019911,-0.433163,8.898437
0.064000,0.019746,-0.421323,8.912580
0.065000,0.019878,-0.408825,8.938891
0.066000,0.019779,-0.395998,8.963887
0.067000,0.019878,-0.384816,8.978358
0.068000,0.019911,-0.371660,8.988882
0.069000,0.019977,-0.359820,9.016509
0.070000,0.020076,-0.347980,9.038216
0.071000,0.019911,-0.335482,9.052687
0.072000,0.019845,-0.323642,9.061239
0.073000,0.020076,-0.311144,9.089852
0.074000,0.020141,-0.298975,9.107941
0.075000,0.020010,-0.287135,9.120768
0.076000,0.019911,-0.275295,9.128003
0.077000,0.019911,-0.263126,9.158590
0.078000,0.020109,-0.249970,9.173390
0.079000,0.020043,-0.237801,9.183915
0.080000,0.020109,-0.225961,9.189835
0.081000,0.019977,-0.213792,9.219435
0.082000,0.019977,-0.201294,9.232920
0.083000,0.020043,-0.189454,9.242458
0.084000,0.020141,-0.176956,9.247720
0.085000,0.020273,-0.164788,9.276333
0.086000,0.020141,-0.152619,9.286858
0.087000,0.020076,-0.140450,9.293436
0.088000,0.020109,-0.127952,9.300014
0.089000,0.020207,-0.116112,9.324352
0.090000,0.020043,-0.103285,9.334547
0.091000,0.020174,-0.091445,9.338823
0.092000,0.020076,-0.078947,9.343427
0.093000,0.020076,-0.066778,9.365792
0.094000,0.020043,-0.054938,9.375330
0.095000,0.020141,-0.041782,9.380263
0.096000,0.020141,-0.029613,9.387828
0.097000,0.020273,-0.017444,9.403943
0.098000,0.020174,-0.005604,9.411179
0.099000,0.020141,0.006894,9.415454
0.100000,0.020109,0.018405,9.421375
0.101000,0.020174,0.031232,9.434859
0.102000,0.020207,0.043730,9.439135
0.103000,0.020207,0.056556,9.440779
0.104000,0.020174,0.068068,9.449330
0.105000,0.020141,0.080565,9.459197
0.106000,0.020207,0.092077,9.460841
0.107000,0.020076,0.104903,9.462815
0.108000,0.020240,0.117401,9.470050
0.109000,0.020207,0.129241,9.475970
0.110000,0.020207,0.141410,9.478273
0.111000,0.020141,0.153579,9.475970
0.112000,0.020109,0.165748,9.484522
0.113000,0.020109,0.178246,9.487482
0.114000,0.020141,0.190744,9.487482
0.115000,0.020141,0.202913,9.486166
0.116000,0.020076,0.214753,9.492415
0.117000,0.020141,0.226922,9.494060
0.118000,0.020109,0.240078,9.492415
0.119000,0.020109,0.251918,9.488139
0.120000,0.020109,0.263758,9.488797
0.121000,0.020273,0.275269,9.485508
0.122000,0.020076,0.288425,9.480904
0.123000,0.019944,0.300265,9.473997
0.124000,0.020010,0.312763,9.468077
0.125000,0.020076,0.324932,9.459855
0.126000,0.020141,0.337101,9.451633
0.127000,0.019944,0.348941,9.441766
0.128000,0.019944,0.360452,9.432557
0.129000,0.019812,0.373279,9.422361
0.130000,0.019944,0.385448,9.411837
0.131000,0.019944,0.397617,9.401312
0.132000,0.019944,0.409128,9.389801
0.133000,0.019812,0.421297,9.379276
0.134000,0.019911,0.433466,9.367765
0.135000,0.019812,0.445306,9.356912
0.136000,0.019713,0.457146,9.345729
0.137000,0.019812,0.469315,9.334547
0.138000,0.019779,0.481813,9.322707
0.139000,0.019779,0.492995,9.310867
0.140000,0.019648,0.505164,9.302316
0.141000,0.019680,0.517333,9.288831
0.142000,0.019615,0.529502,9.277978
0.143000,0.019845,0.541013,9.265480
0.144000,0.019746,0.553182,9.253640
0.145000,0.019516,0.564693,9.242458
0.146000,0.019549,0.576533,9.231604
0.147000,0.019582,0.588702,9.219106
0.148000,0.019582,0.600542,9.207595
0.149000,0.019615,0.612711,9.197728
0.150000,0.019549,0.624551,9.184573
0.151000,0.019417,0.635405,9.173719
0.152000,0.019549,0.647574,9.162866
0.153000,0.019384,0.659414,9.151026
0.154000,0.019450,0.671254,9.138199
0.155000,0.019516,0.683423,9.126359
0.156000,0.019549,0.694934,9.114190
0.157000,0.019351,0.706445,9.104323
0.158000,0.019384,0.718614,9.092812
0.159000,0.019417,0.730125,9.082288
0.160000,0.019384,0.741965,9.070119
0.161000,0.019417,0.753148,9.057292
0.162000,0.019384,0.764659,9.046438
0.163000,0.019252,0.776499,9.035914
0.164000,0.019318,0.788339,9.024074
0.165000,0.019252,0.800179,9.012563
0.166000,0.019285,0.812348,9.001709
0.167000,0.019285,0.823201,8.989211
0.168000,0.019285,0.835041,8.978358
0.169000,0.019351,0.845895,8.965860
0.170000,0.019252,0.858064,8.955336
0.171000,0.019219,0.869575,8.937575
0.172000,0.019187,0.881415,8.922775
0.173000,0.019154,0.892597,8.908962
0.174000,0.019088,0.905095,8.895149
0.175000,0.019154,0.915949,8.870482
0.176000,0.019022,0.927460,8.852722
0.177000,0.019055,0.939300,8.835619
0.178000,0.018989,0.950811,8.818188
0.179000,0.018989,0.961993,8.788259
0.180000,0.019022,0.973176,8.765894
0.181000,0.018923,0.984687,8.747476
0.182000,0.018824,0.996198,8.724783
0.183000,0.018791,1.007709,8.695183
0.184000,0.018791,1.018234,8.671832
0.185000,0.018726,1.030402,8.651769
0.186000,0.018758,1.041256,8.625787
0.187000,0.018660,1.053096,8.596187
0.188000,0.018627,1.063949,8.572506
0.189000,0.018495,1.075461,8.551786
0.190000,0.018693,1.086643,8.522515
0.191000,0.018561,1.098154,8.490613
0.192000,0.018594,1.109336,8.465288
0.193000,0.018462,1.119861,8.442924
0.194000,0.018462,1.131043,8.411350
0.195000,0.018297,1.141568,8.379119
0.196000,0.018363,1.153079,8.352807
0.197000,0.018265,1.163932,8.328798
0.198000,0.018166,1.174457,8.293278
0.199000,0.018166,1.186297,8.259731
0.200000,0.018034,1.196492,8.232762
0.201000,0.018133,1.207675,8.208096
0.202000,0.018067,1.218857,8.169944
0.203000,0.018100,1.229710,8.137713
0.204000,0.017935,1.239906,8.110415
0.205000,0.017869,1.250430,8.086735
0.206000,0.017902,1.261613,8.043321
0.207000,0.017836,1.272466,8.009117
0.208000,0.017738,1.282990,7.980832
0.209000,0.017771,1.293515,7.956165
0.210000,0.017606,1.304039,7.910779
0.211000,0.017672,1.315222,7.875587
0.212000,0.017474,1.325746,7.845987
0.213000,0.017606,1.336271,7.821649
0.214000,0.017474,1.345809,7.771987
0.215000,0.017408,1.356662,7.737453
0.216000,0.017310,1.367515,7.706209
0.217000,0.017244,1.378040,7.682858
0.218000,0.017277,1.387906,7.628262
0.219000,0.017244,1.398431,7.594057
0.220000,0.017211,1.408955,7.561497
0.221000,0.017178,1.419151,7.534528
0.222000,0.016980,1.428689,7.478946
0.223000,0.016816,1.438885,7.445399
0.224000,0.016980,1.449080,7.413168
0.225000,0.016816,1.458947,7.379292
0.226000,0.016882,1.469471,7.327656
0.227000,0.016717,1.479667,7.293123
0.228000,0.016651,1.489534,7.262865
0.229000,0.016585,1.500058,7.224056
0.230000,0.016519,1.509925,7.175051
0.231000,0.016519,1.519463,7.136900
0.232000,0.016519,1.529329,7.106313
0.233000,0.016322,1.538867,7.060597
0.234000,0.016157,1.549392,7.012250
0.235000,0.016256,1.558601,6.973113
0.236000,0.016289,1.567810,6.940881
0.237000,0.016157,1.577347,6.891877
0.238000,0.016058,1.587214,6.844845
0.239000,0.015927,1.597410,6.806694
0.240000,0.015795,1.606290,6.774134
0.241000,0.015927,1.616156,6.722170
0.242000,0.015795,1.625365,6.675467
0.243000,0.015828,1.634903,6.637645
0.244000,0.015762,1.644112,6.604756
0.245000,0.015466,1.652992,6.547858
0.246000,0.015433,1.663188,6.501156
0.247000,0.015367,1.671739,6.462347
0.248000,0.015499,1.680948,6.427155
0.249000,0.015367,1.689828,6.367955
0.250000,0.015268,1.699037,6.318622
0.251000,0.015103,1.708575,6.282115
0.252000,0.015038,1.717455,6.249226
0.253000,0.015005,1.726335,6.184764
0.254000,0.014708,1.735544,6.138390
0.255000,0.014807,1.743766,6.098266
0.256000,0.014807,1.752646,6.064719
0.257000,0.014609,1.761526,5.996968
0.258000,0.014544,1.770077,5.952239
0.259000,0.014478,1.779286,5.912114
0.260000,0.014511,1.787508,5.878238
0.261000,0.014412,1.795730,5.806869
0.262000,0.014313,1.804611,5.762469
0.263000,0.014313,1.812504,5.724318
0.264000,0.014116,1.821384,5.690114
0.265000,0.014116,1.829935,5.613153
0.266000,0.013918,1.837828,5.568753
0.267000,0.013984,1.845722,5.527642
0.268000,0.013819,1.854273,5.484886
0.269000,0.013687,1.862495,5.416148
0.270000,0.013622,1.870389,5.369446
0.271000,0.013523,1.879269,5.331624
0.272000,0.013457,1.886504,5.279002
0.273000,0.013325,1.894726,5.213224
0.274000,0.013259,1.902620,5.166850
0.275000,0.013194,1.910184,5.126397
0.276000,0.012897,1.918078,5.071143
0.277000,0.012930,1.925313,5.011943
0.278000,0.012798,1.933207,4.965570
0.279000,0.012897,1.941429,4.925774
0.280000,0.012798,1.948007,4.863943
0.281000,0.012667,1.955900,4.804743
0.282000,0.012370,1.963136,4.757383
0.283000,0.012436,1.970700,4.717587
0.284000,0.012337,1.978265,4.651151
0.285000,0.012304,1.984513,4.590307
0.286000,0.012041,1.992078,4.545578
0.287000,0.011975,1.999313,4.505124
0.288000,0.011745,2.005562,4.437044
0.289000,0.011745,2.013127,4.380146
0.290000,0.011745,2.020034,4.335746
0.291000,0.011778,2.026940,4.296280
0.292000,0.011251,2.033847,4.224253
0.293000,0.011251,2.040425,4.166368
0.294000,0.011218,2.047331,4.120981
0.295000,0.011284,2.053909,4.080199
0.296000,0.011086,2.060158,4.003568
0.297000,0.011020,2.066078,3.949301
0.298000,0.010921,2.072656,3.902270
0.299000,0.010691,2.079563,3.863132
0.300000,0.010460,2.085483,3.782554
0.301000,0.010559,2.091403,3.728287
0.302000,0.010428,2.097323,3.683229
0.303000,0.010197,2.103243,3.642447
0.304000,0.009967,2.109163,3.560882
0.305000,0.009868,2.115741,3.506287
0.306000,0.009934,2.121003,3.461229
0.307000,0.009868,2.126594,3.421762
0.308000,0.009670,2.131856,3.335264
0.309000,0.009604,2.137447,3.282642
0.310000,0.009407,2.142710,3.237913
0.311000,0.009308,2.148958,3.190224
0.312000,0.009209,2.154221,3.114250
0.313000,0.008946,2.159483,3.061957
0.314000,0.008979,2.164416,3.016899
0.315000,0.008781,2.169350,2.963619
0.316000,0.008485,2.174941,2.890276
0.317000,0.008287,2.179874,2.838970
0.318000,0.008419,2.184479,2.793912
0.319000,0.008353,2.189083,2.732409
0.320000,0.007991,2.194345,2.662356
0.321000,0.007727,2.198621,2.612364
0.322000,0.007760,2.202568,2.565991
0.323000,0.007727,2.207830,2.499884
0.324000,0.007530,2.210790,2.432133
0.325000,0.007332,2.215065,2.382470
0.326000,0.007135,2.219670,2.340372
0.327000,0.006904,2.223945,2.269003
0.328000,0.006937,2.227892,2.203554
0.329000,0.006904,2.231839,2.153892
0.330000,0.006772,2.235457,2.110478
0.331000,0.006311,2.239403,2.034834
0.332000,0.006180,2.242692,1.973002
0.333000,0.006081,2.246310,1.920380
0.334000,0.006147,2.249270,1.878940
0.335000,0.005982,2.252559,1.800664
0.336000,0.005587,2.255519,1.741792
0.337000,0.005126,2.259137,1.691801
0.338000,0.005093,2.262754,1.648059
0.339000,0.005291,2.265057,1.566494
0.340000,0.005291,2.267359,1.508609
0.341000,0.004863,2.269990,1.459933
0.342000,0.004533,2.273279,1.417836
0.343000,0.004072,2.275581,1.332324
0.344000,0.004270,2.277554,1.275755
0.345000,0.004467,2.279857,1.228066
0.346000,0.003743,2.281830,1.187612
0.347000,0.003743,2.285119,1.100456
0.348000,0.002755,2.284132,1.044545
0.349000,0.004336,2.287750,0.995869
0.350000,0.004698,2.288737,0.950811
0.351000,0.003513,2.289723,0.864970
0.352000,0.003677,2.294986,0.812348
0.353000,0.005126,2.296301,0.763672
0.354000,0.005291,2.297946,0.717956
0.355000,-0.000571,2.293670,0.630471
0.356000,0.003743,2.298275,0.586071
0.357000,0.005422,2.301892,0.539369
0.358000,-0.001855,2.295972,0.473919
0.359000,0.001998,2.302879,0.406497
0.360000,-0.002974,2.299919,0.351901
0.361000,0.004928,2.299590,0.296318
0.362000,0.001175,2.301235,0.236789
0.363000,-0.001427,2.300577,0.173313
0.364000,0.000516,2.300906,0.118059
0.365000,0.000154,2.300906,0.074974
0.366000,-0.000143,2.300577,0.008538
0.367000,-0.000241,2.299919,-0.060529
0.368000,-0.000373,2.299590,-0.109863
0.369000,-0.002052,2.297946,-0.150645
0.370000,-0.002151,2.298932,-0.218068
0.371000,-0.000735,2.301563,-0.287135
0.372000,-0.002678,2.290381,-0.348967
0.373000,0.000681,2.291697,-0.386789
0.374000,0.002887,2.299590,-0.447634
0.375000,-0.004687,2.287750,-0.519990
0.376000,-0.006728,2.284790,-0.570969
0.377000,0.001899,2.293012,-0.602542
0.378000,-0.004489,2.284461,-0.682463
0.379000,0.001076,2.288737,-0.743308
0.380000,-0.000571,2.285119,-0.796589
0.381000,0.000253,2.283803,-0.835069
0.382000,-0.006399,2.274266,-0.915319
0.383000,-0.003007,2.276568,-0.970244
0.384000,-0.006695,2.269990,-1.019906
0.385000,-0.006168,2.268017,-1.058058
0.386000,-0.002645,2.268017,-1.144228
0.387000,-0.003106,2.265386,-1.198495
0.388000,-0.003370,2.261439,-1.246513
0.389000,-0.006201,2.254203,-1.285980
0.390000,-0.004950,2.253874,-1.369519
0.391000,-0.005938,2.248941,-1.423457
0.392000,-0.005707,2.245652,-1.469831
0.393000,-0.006103,2.241048,-1.509627
0.394000,-0.006333,2.236772,-1.594481
0.395000,-0.006926,2.232497,-1.648091
0.396000,-0.007156,2.228221,-1.693149
0.397000,-0.007420,2.222301,-1.738865
0.398000,-0.007387,2.218354,-1.818129
0.399000,-0.007551,2.213421,-1.869436
0.400000,-0.007980,2.208488,-1.911863
0.401000,-0.008276,2.203225,-1.963171
0.402000,-0.008177,2.198292,-2.039474
0.403000,-0.008638,2.192701,-2.089137
0.404000,-0.008671,2.186781,-2.132222
0.405000,-0.008836,2.180861,-2.189449
0.406000,-0.009363,2.175270,-2.260490
0.407000,-0.009626,2.169679,-2.310811
0.408000,-0.009560,2.163430,-2.352251
0.409000,-0.009758,2.156523,-2.415399
0.410000,-0.010087,2.150274,-2.481507
0.411000,-0.010317,2.143696,-2.529196
0.412000,-0.010647,2.137118,-2.570966
0.413000,-0.011042,2.130870,-2.635429
0.414000,-0.011009,2.123305,-2.700221
0.415000,-0.011075,2.116069,-2.747582
0.416000,-0.011272,2.109492,-2.787049
0.417000,-0.011569,2.102256,-2.855459
0.418000,-0.011931,2.094692,-2.914002
0.419000,-0.012030,2.087456,-2.960705
0.420000,-0.012063,2.079892,-2.999186
0.421000,-0.012096,2.071669,-3.070556
0.422000,-0.012458,2.063776,-3.127784
0.423000,-0.012787,2.056211,-3.172842
0.424000,-0.012919,2.047660,-3.210994
0.425000,-0.013050,2.039767,-3.285982
0.426000,-0.013182,2.031545,-3.339921
0.427000,-0.013248,2.022665,-3.383335
0.428000,-0.013479,2.014442,-3.420171
0.429000,-0.013775,2.006549,-3.496475
0.430000,-0.013874,1.997998,-3.547782
0.431000,-0.013874,1.989118,-3.590539
0.432000,-0.013874,1.980567,-3.627046
0.433000,-0.014203,1.971358,-3.706639
0.434000,-0.014368,1.962807,-3.757289
0.435000,-0.014499,1.953598,-3.799387
0.436000,-0.014565,1.944389,-3.833264
0.437000,-0.014598,1.935180,-3.914830
0.438000,-0.014829,1.926300,-3.964493
0.439000,-0.014960,1.916104,-4.003632
0.440000,-0.015290,1.907224,-4.041784
0.441000,-0.015290,1.898015,-4.119732
0.442000,-0.015421,1.888806,-4.167751
0.443000,-0.015257,1.878940,-4.207876
0.444000,-0.015323,1.869073,-4.254908
0.445000,-0.015718,1.859535,-4.324963
0.446000,-0.015751,1.849997,-4.371337
0.447000,-0.015751,1.840131,-4.410147
0.448000,-0.015882,1.830922,-4.463100
0.449000,-0.015849,1.820397,-4.528550
0.450000,-0.015915,1.810531,-4.573609
0.451000,-0.016212,1.800664,-4.611761
0.452000,-0.016245,1.790797,-4.668989
0.453000,-0.016409,1.780602,-4.730164
0.454000,-0.016212,1.770077,-4.773907
0.455000,-0.016409,1.760210,-4.811401
0.456000,-0.016541,1.750015,-4.872905
0.457000,-0.016706,1.739490,-4.929146
0.458000,-0.016837,1.729624,-4.971245
0.459000,-0.016738,1.720086,-5.007424
0.460000,-0.016738,1.708246,-5.072875
0.461000,-0.016870,1.698708,-5.127143
0.462000,-0.016837,1.687197,-5.168584
0.463000,-0.016936,1.678646,-5.203118
0.464000,-0.017101,1.667463,-5.269884
0.465000,-0.017035,1.656281,-5.321850
0.466000,-0.017068,1.646085,-5.362633
0.467000,-0.017101,1.635890,-5.396510
0.468000,-0.017167,1.625036,-5.467223
0.469000,-0.017397,1.614183,-5.514913
0.470000,-0.017430,1.603987,-5.552408
0.471000,-0.017364,1.592805,-5.586284
0.472000,-0.017463,1.582610,-5.660615
0.473000,-0.017397,1.571756,-5.705016
0.474000,-0.017529,1.560574,-5.743498
0.475000,-0.017529,1.550049,-5.774414
0.476000,-0.017693,1.539196,-5.848745
0.477000,-0.017759,1.528014,-5.894133
0.478000,-0.017628,1.517818,-5.931957
0.479000,-0.017595,1.506307,-5.960571
0.480000,-0.017693,1.495125,-6.032271
0.481000,-0.017693,1.484271,-6.073054
0.482000,-0.017825,1.474076,-6.106931
0.483000,-0.017990,1.462565,-6.137847
0.484000,-0.017825,1.451711,-6.208890
0.485000,-0.017726,1.440858,-6.250002
0.486000,-0.017858,1.430004,-6.284537
0.487000,-0.017825,1.419151,-6.323676
0.488000,-0.018121,1.407640,-6.386495
0.489000,-0.018154,1.397115,-6.424648
0.490000,-0.018187,1.385275,-6.457538
0.491000,-0.018056,1.374422,-6.504570
0.492000,-0.018121,1.362911,-6.561470
0.493000,-0.018286,1.352057,-6.598636
0.494000,-0.018220,1.340875,-6.628566
0.495000,-0.018352,1.329693,-6.679216
0.496000,-0.018286,1.319168,-6.731512
0.497000,-0.018121,1.307328,-6.767362
0.498000,-0.018286,1.296475,-6.795976
0.499000,-0.018484,1.284635,-6.850245
0.500000,-0.018550,1.274110,-6.897935
0.501000,-0.018780,1.261941,-6.932799
0.502000,-0.018385,1.251088,-6.963387
0.503000,-0.018517,1.239248,-7.016997
0.504000,-0.018484,1.228395,-7.060083
0.505000,-0.018615,1.216883,-7.092316
0.506000,-0.018550,1.205701,-7.119943
0.507000,-0.018714,1.193861,-7.176843
0.508000,-0.018681,1.182679,-7.217956
0.509000,-0.018615,1.171825,-7.250517
0.510000,-0.018550,1.159985,-7.276171
0.511000,-0.018681,1.148145,-7.335045
0.512000,-0.018780,1.136963,-7.372869
0.513000,-0.018912,1.124794,-7.404114
0.514000,-0.018813,1.113941,-7.427795
0.515000,-0.018813,1.102101,-7.487655
0.516000,-0.018813,1.090589,-7.523834
0.517000,-0.019109,1.079078,-7.551133
0.518000,-0.019076,1.067567,-7.573499
0.519000,-0.019011,1.056056,-7.634017
0.520000,-0.019043,1.044216,-7.667894
0.521000,-0.018945,1.033034,-7.694535
0.522000,-0.019011,1.021194,-7.714927
0.523000,-0.019208,1.009353,-7.776102
0.524000,-0.019208,0.997842,-7.807019
0.525000,-0.019142,0.985673,-7.832674
0.526000,-0.019241,0.974162,-7.853723
0.527000,-0.019043,0.962651,-7.912597
0.528000,-0.019043,0.951469,-7.943843
0.529000,-0.019307,0.938971,-7.968511
0.530000,-0.019340,0.927460,-7.997454
0.531000,-0.019373,0.915620,-8.044816
0.532000,-0.019208,0.903780,-8.073760
0.533000,-0.019241,0.891940,-8.094151
0.534000,-0.019274,0.879771,-8.129015
0.535000,-0.019406,0.868588,-8.170457
0.536000,-0.019472,0.856748,-8.196112
0.537000,-0.019472,0.844579,-8.216504
0.538000,-0.019472,0.832739,-8.254327
0.539000,-0.019504,0.820899,-8.291494
0.540000,-0.019472,0.808730,-8.316490
0.541000,-0.019537,0.797219,-8.335567
0.542000,-0.019669,0.785379,-8.373719
0.543000,-0.019636,0.773210,-8.407597
0.544000,-0.019472,0.762028,-8.429633
0.545000,-0.019406,0.749530,-8.447394
0.546000,-0.019702,0.737032,-8.486862
0.547000,-0.019669,0.725521,-8.518766
0.548000,-0.019801,0.714010,-8.539487
0.549000,-0.019603,0.701841,-8.555932
0.550000,-0.019669,0.690001,-8.597045
0.551000,-0.019669,0.677174,-8.624344
0.552000,-0.019867,0.665992,-8.643421
0.553000,-0.019801,0.653165,-8.656906
0.554000,-0.019768,0.641325,-8.695388
0.555000,-0.019801,0.629485,-8.721042
0.556000,-0.019801,0.616987,-8.738803
0.557000,-0.019768,0.605476,-8.751301
0.558000,-0.019933,0.593307,-8.791757
0.559000,-0.019867,0.581795,-8.813793
0.560000,-0.019768,0.568969,-8.831554
0.561000,-0.019735,0.557458,-8.843395
0.562000,-0.019768,0.544631,-8.883521
0.563000,-0.020064,0.532133,-8.902269
0.564000,-0.019965,0.521280,-8.918714
0.565000,-0.020031,0.508782,-8.927923
0.566000,-0.019867,0.496613,-8.965090
0.567000,-0.019965,0.484115,-8.982850
0.568000,-0.020130,0.471946,-8.994033
0.569000,-0.020163,0.460106,-9.005874
0.570000,-0.020064,0.447937,-9.040080
0.571000,-0.019965,0.435768,-9.056854
0.572000,-0.019900,0.422941,-9.067050
0.573000,-0.019965,0.411101,-9.082180
0.574000,-0.020163,0.398932,-9.110795
0.575000,-0.020097,0.386434,-9.127240
0.576000,-0.020064,0.374265,-9.135791
0.577000,-0.019998,0.362754,-9.153223
0.578000,-0.020031,0.350256,-9.176905
0.579000,-0.020229,0.337429,-9.189732
0.580000,-0.020196,0.326576,-9.198612
0.581000,-0.020163,0.313420,-9.217031
0.582000,-0.020064,0.301251,-9.236765
0.583000,-0.020031,0.289082,-9.247948
0.584000,-0.020295,0.276585,-9.256829
0.585000,-0.020262,0.265073,-9.276234
0.586000,-0.020064,0.252247,-9.293337
0.587000,-0.020328,0.240078,-9.301889
0.588000,-0.020163,0.227580,-9.309782
0.589000,-0.020163,0.215740,-9.326557
0.590000,-0.020229,0.203242,-9.340371
0.591000,-0.020328,0.191731,-9.346949
0.592000,-0.020196,0.178904,-9.350896
0.593000,-0.020163,0.166735,-9.370959
0.594000,-0.019998,0.154566,-9.382471
0.595000,-0.020196,0.142068,-9.388720
0.596000,-0.020229,0.129241,-9.391022
0.597000,-0.020295,0.117401,-9.411086
0.598000,-0.020229,0.104903,-9.419308
0.599000,-0.020163,0.093392,-9.426215
0.600000,-0.020229,0.080894,-9.424900
0.601000,-0.020394,0.068396,-9.441345
0.602000,-0.020459,0.056228,-9.448581
0.603000,-0.020262,0.044059,-9.452857
0.604000,-0.020295,0.031890,-9.453186
0.605000,-0.020097,0.019392,-9.467328
0.606000,-0.020361,0.006894,-9.472591
0.607000,-0.020361,-0.005604,-9.473249
0.608000,-0.020229,-0.017115,-9.472591
0.609000,-0.020196,-0.030271,-9.485418
0.610000,-0.020130,-0.042111,-9.488050
0.611000,-0.020163,-0.054609,-9.488050
0.612000,-0.020262,-0.066778,-9.489694
0.613000,-0.020262,-0.078947,-9.497588
0.614000,-0.020097,-0.090787,-9.500548
0.615000,-0.020031,-0.102956,-9.498903
0.616000,-0.020163,-0.115783,-9.498246
0.617000,-0.020328,-0.128281,-9.504166
0.618000,-0.020394,-0.140121,-9.504166
0.619000,-0.020295,-0.152619,-9.500548
0.620000,-0.020097,-0.164130,-9.501864
0.621000,-0.020163,-0.176299,-9.504495
0.622000,-0.020163,-0.189125,-9.503837
0.623000,-0.020361,-0.200966,-9.499232
0.624000,-0.020163,-0.213463,-9.498246
0.625000,-0.020196,-0.224646,-9.498575
0.626000,-0.020064,-0.237144,-9.495614
0.627000,-0.020064,-0.249642,-9.492325
0.628000,-0.020097,-0.261810,-9.488378
0.629000,-0.020196,-0.273651,-9.486076
0.630000,-0.020064,-0.286806,-9.480485
0.631000,-0.020064,-0.297989,-9.475551
0.632000,-0.020031,-0.310158,-9.469960
0.633000,-0.019965,-0.322984,-9.466013
0.634000,-0.020229,-0.335153,-9.459106
0.635000,-0.020130,-0.346993,-9.452857
0.636000,-0.020097,-0.358834,-9.446936
0.637000,-0.019900,-0.371331,-9.442003
0.638000,-0.019867,-0.383171,-9.433451
0.639000,-0.019900,-0.395669,-9.425557
0.640000,-0.019965,-0.407181,-9.418979
0.641000,-0.020097,-0.419350,-9.409770
0.642000,-0.019965,-0.431190,-9.400561
0.643000,-0.019834,-0.443359,-9.389049
0.644000,-0.019900,-0.455857,-9.379839
0.645000,-0.019801,-0.467697,-9.369314
0.646000,-0.019900,-0.478879,-9.358461
0.647000,-0.019965,-0.491048,-9.347278
0.648000,-0.019801,-0.502888,-9.337411
0.649000,-0.019768,-0.515057,-9.326228
0.650000,-0.019702,-0.526897,-9.315045
0.651000,-0.019735,-0.539066,-9.302875
0.652000,-0.019768,-0.550577,-9.290377
0.653000,-0.019998,-0.562417,-9.279523
0.654000,-0.019768,-0.574586,-9.267354
0.655000,-0.019570,-0.586427,-9.256500
0.656000,-0.019636,-0.598267,-9.238410
0.657000,-0.019570,-0.610436,-9.223609
0.658000,-0.019669,-0.621618,-9.209466
0.659000,-0.019801,-0.633458,-9.196968
0.660000,-0.019406,-0.645627,-9.177891
0.661000,-0.019406,-0.656809,-9.162762
0.662000,-0.019406,-0.669307,-9.147303
0.663000,-0.019472,-0.680819,-9.132173
0.664000,-0.019570,-0.692330,-9.111781
0.665000,-0.019504,-0.704170,-9.095994
0.666000,-0.019537,-0.715681,-9.081193
0.667000,-0.019274,-0.727850,-9.061130
0.668000,-0.019307,-0.739690,-9.041396
0.669000,-0.019406,-0.751201,-9.022648
0.670000,-0.019472,-0.763042,-9.005874
0.671000,-0.019373,-0.773566,-8.983837
0.672000,-0.019208,-0.785735,-8.963116
0.673000,-0.019142,-0.797575,-8.943382
0.674000,-0.019109,-0.808429,-8.926279
0.675000,-0.019274,-0.820269,-8.900953
0.676000,-0.019175,-0.832109,-8.879245
0.677000,-0.019241,-0.842962,-8.858853
0.678000,-0.018912,-0.854474,-8.841092
0.679000,-0.019011,-0.866314,-8.811491
0.680000,-0.019043,-0.877496,-8.788139
0.681000,-0.019043,-0.889007,-8.766760
0.682000,-0.018813,-0.899861,-8.747355
0.683000,-0.018813,-0.911701,-8.716766
0.684000,-0.018813,-0.923541,-8.692428
0.685000,-0.018879,-0.934065,-8.669733
0.686000,-0.018846,-0.944919,-8.650657
0.687000,-0.018912,-0.956430,-8.618095
0.688000,-0.018714,-0.967612,-8.591454
0.689000,-0.018582,-0.979124,-8.568759
0.690000,-0.018714,-0.990306,-8.548367
0.691000,-0.018681,-1.001488,-8.512517
0.692000,-0.018615,-1.012671,-8.485218
0.693000,-0.018385,-1.023853,-8.462523
0.694000,-0.018352,-1.034706,-8.439829
0.695000,-0.018418,-1.045889,-8.402334
0.696000,-0.018352,-1.056413,-8.372404
0.697000,-0.018484,-1.067596,-8.348723
0.698000,-0.018451,-1.079107,-8.326686
0.699000,-0.018056,-1.089631,-8.283600
0.700000,-0.018220,-1.100485,-8.253999
0.701000,-0.018154,-1.111009,-8.227686
0.702000,-0.018418,-1.122521,-8.202032
0.703000,-0.018286,-1.133045,-8.158945
0.704000,-0.017924,-1.143570,-8.130989
0.705000,-0.017924,-1.155410,-8.105005
0.706000,-0.017858,-1.165277,-8.073431
0.707000,-0.017990,-1.176459,-8.032318
0.708000,-0.018023,-1.186655,-8.002388
0.709000,-0.017825,-1.197508,-7.976075
0.710000,-0.017660,-1.207704,-7.940225
0.711000,-0.017529,-1.218228,-7.899112
0.712000,-0.017726,-1.229411,-7.867866
0.713000,-0.017726,-1.239277,-7.840567
0.714000,-0.017693,-1.249802,-7.801099
0.715000,-0.017463,-1.259998,-7.760315
0.716000,-0.017364,-1.270851,-7.729727
0.717000,-0.017364,-1.281047,-7.702428
0.718000,-0.017463,-1.291571,-7.656382
0.719000,-0.017331,-1.301767,-7.617900
0.720000,-0.017167,-1.311634,-7.583366
0.721000,-0.017068,-1.322487,-7.556067
0.722000,-0.017134,-1.332683,-7.507389
0.723000,-0.017134,-1.343207,-7.468908
0.724000,-0.017002,-1.352745,-7.435360
0.725000,-0.017002,-1.363270,-7.406745
0.726000,-0.016804,-1.373137,-7.356423
0.727000,-0.016804,-1.382675,-7.318271
0.728000,-0.016771,-1.393857,-7.286367
0.729000,-0.016706,-1.403724,-7.258082
0.730000,-0.016804,-1.412604,-7.202826
0.731000,-0.016541,-1.422471,-7.163358
0.732000,-0.016442,-1.432337,-7.130797
0.733000,-0.016409,-1.442204,-7.100867
0.734000,-0.016376,-1.452071,-7.041994
0.735000,-0.016475,-1.461609,-6.999566
0.736000,-0.016409,-1.471476,-6.965360
0.737000,-0.016277,-1.481342,-6.935430
0.738000,-0.016113,-1.490880,-6.876228
0.739000,-0.015981,-1.500747,-6.833471
0.740000,-0.016047,-1.509627,-6.801238
0.741000,-0.016179,-1.519494,-6.770322
0.742000,-0.015816,-1.528703,-6.705857
0.743000,-0.015751,-1.537583,-6.665403
0.744000,-0.015751,-1.547779,-6.629881
0.745000,-0.015816,-1.557317,-6.594689
0.746000,-0.015652,-1.566197,-6.530882
0.747000,-0.015520,-1.575406,-6.490428
0.748000,-0.015388,-1.583957,-6.453262
0.749000,-0.015355,-1.593824,-6.411821
0.750000,-0.015290,-1.603362,-6.351303
0.751000,-0.015355,-1.611913,-6.312493
0.752000,-0.015224,-1.620464,-6.275327
0.753000,-0.015158,-1.629344,-6.225992
0.754000,-0.014960,-1.638553,-6.168764
0.755000,-0.014927,-1.647104,-6.126994
0.756000,-0.014960,-1.656642,-6.090486
0.757000,-0.014894,-1.665522,-6.035889
0.758000,-0.014862,-1.673416,-5.981949
0.759000,-0.014631,-1.682296,-5.939192
0.760000,-0.014368,-1.690518,-5.903671
0.761000,-0.014565,-1.699398,-5.845456
0.762000,-0.014532,-1.707950,-5.792503
0.763000,-0.014302,-1.716172,-5.751720
0.764000,-0.014302,-1.724394,-5.715870
0.765000,-0.014038,-1.732945,-5.652722
0.766000,-0.013907,-1.741497,-5.601413
0.767000,-0.014071,-1.749719,-5.555697
0.768000,-0.014005,-1.757612,-5.519189
0.769000,-0.013808,-1.765506,-5.452423
0.770000,-0.013577,-1.774057,-5.402430
0.771000,-0.013446,-1.781950,-5.360660
0.772000,-0.013446,-1.790502,-5.322179
0.773000,-0.013577,-1.797737,-5.252124
0.774000,-0.013347,-1.805960,-5.199829
0.775000,-0.013314,-1.813524,-5.157730
0.776000,-0.013182,-1.822075,-5.121222
0.777000,-0.012952,-1.828653,-5.048865
0.778000,-0.013018,-1.836876,-4.997228
0.779000,-0.013050,-1.844111,-4.955129
0.780000,-0.012985,-1.852005,-4.917306
0.781000,-0.012622,-1.858911,-4.841989
0.782000,-0.012491,-1.867134,-4.791010
0.783000,-0.012326,-1.874040,-4.747924
0.784000,-0.012557,-1.881276,-4.710430
0.785000,-0.012392,-1.888512,-4.630179
0.786000,-0.012293,-1.895747,-4.579200
0.787000,-0.011997,-1.902983,-4.535786
0.788000,-0.011635,-1.909561,-4.495003
0.789000,-0.011832,-1.917125,-4.418041
0.790000,-0.011964,-1.923703,-4.367062
0.791000,-0.011766,-1.930610,-4.324634
0.792000,-0.011766,-1.937188,-4.274642
0.793000,-0.011371,-1.944095,-4.203271
0.794000,-0.011174,-1.950344,-4.153279
0.795000,-0.011239,-1.957579,-4.110523
0.796000,-0.011305,-1.963828,-4.052966
0.797000,-0.011207,-1.970077,-3.984227
0.798000,-0.010910,-1.975997,-3.936537
0.799000,-0.010746,-1.983233,-3.893780
0.800000,-0.010581,-1.989153,-3.829646
0.801000,-0.010581,-1.994744,-3.764853
0.802000,-0.010614,-2.001651,-3.715519
0.803000,-0.010614,-2.007242,-3.674078
0.804000,-0.010153,-2.013162,-3.605997
0.805000,-0.010021,-2.019082,-3.543836
0.806000,-0.009824,-2.025331,-3.495488
0.807000,-0.009889,-2.030594,-3.453061
0.808000,-0.009791,-2.036185,-3.380704
0.809000,-0.009560,-2.041776,-3.320187
0.810000,-0.009494,-2.047367,-3.271182
0.811000,-0.009330,-2.052958,-3.228097
0.812000,-0.009198,-2.057892,-3.155740
0.813000,-0.009132,-2.063483,-3.100485
0.814000,-0.009165,-2.068745,-3.052796
0.815000,-0.009165,-2.073350,-3.011684
0.816000,-0.008902,-2.078283,-2.932420
0.817000,-0.008539,-2.083545,-2.877495
0.818000,-0.008441,-2.088479,-2.830463
0.819000,-0.008276,-2.093412,-2.789680
0.820000,-0.008309,-2.099003,-2.706799
0.821000,-0.008144,-2.102621,-2.650229
0.822000,-0.007947,-2.106568,-2.603526
0.823000,-0.007782,-2.111501,-2.562415
0.824000,-0.007617,-2.116435,-2.477231
0.825000,-0.007420,-2.120382,-2.423621
0.826000,-0.007716,-2.124986,-2.376261
0.827000,-0.007453,-2.128275,-2.334820
0.828000,-0.007090,-2.132879,-2.246348
0.829000,-0.006531,-2.136497,-2.192409
0.830000,-0.006827,-2.140773,-2.146364
0.831000,-0.007453,-2.144062,-2.099661
0.832000,-0.006564,-2.147022,-2.016122
0.833000,-0.006399,-2.150969,-1.962184
0.834000,-0.006300,-2.154915,-1.916797
0.835000,-0.007189,-2.158862,-1.860885
0.836000,-0.004456,-2.159849,-1.785568
0.837000,-0.005642,-2.163467,-1.729656
0.838000,-0.006695,-2.169058,-1.685256
0.839000,-0.005510,-2.169716,-1.621780
0.840000,-0.003205,-2.171689,-1.553370
0.841000,-0.003995,-2.174978,-1.502063
0.842000,-0.004226,-2.178596,-1.456675
0.843000,-0.004061,-2.179582,-1.384977
0.844000,-0.004588,-2.183858,-1.322487
0.845000,-0.006992,-2.187805,-1.265918
0.846000,-0.004818,-2.187805,-1.218228
0.847000,-0.006794,-2.192409,-1.150805
0.848000,-0.000933,-2.188791,-1.082725
0.849000,-0.000966,-2.191751,-1.033062
0.850000,-0.006992,-2.198987,-0.991622
0.851000,-0.001723,-2.195698,-0.912030
0.852000,-0.001032,-2.196027,-0.856447
0.853000,-0.000175,-2.197343,-0.798891
0.854000,0.001767,-2.197014,-0.758437
0.855000,-0.001032,-2.200303,-0.686081
0.856000,0.001175,-2.200303,-0.615040
0.857000,-0.001591,-2.201947,-0.574586
0.858000,-0.000999,-2.201947,-0.530186
0.859000,-0.000636,-2.209841,-0.451910
0.860000,0.004138,-2.204578,-0.386132
0.861000,0.001537,-2.211485,-0.348309
0.862000,-0.006136,-2.206223,-0.291740
0.863000,-0.004654,-2.203920,-0.220699
0.864000,-0.002810,-2.208196,-0.154592
0.865000,-0.000439,-2.208196,-0.110849
0.866000,-0.000472,-2.207867,-0.070396
0.867000,-0.000175,-2.207538,0.015116
0.868000,0.000286,-2.207209,0.070370
0.869000,0.000549,-2.205894,0.117072
0.870000,0.000714,-2.205894,0.158513
0.871000,-0.001657,-2.202934,0.251260
0.872000,-0.002118,-2.204907,0.304540
0.873000,0.004369,-2.201947,0.348283
0.874000,0.005093,-2.202276,0.391039
0.875000,0.005389,-2.197014,0.483128
0.876000,0.005225,-2.196356,0.536080
0.877000,0.005060,-2.194054,0.577849
0.878000,0.000351,-2.196356,0.629814
0.879000,0.001471,-2.193725,0.709734
0.880000,0.000878,-2.191422,0.763014
0.881000,0.001438,-2.190436,0.806428
0.882000,0.004204,-2.184845,0.862010
0.883000,0.002722,-2.185174,0.937326
0.884000,0.004336,-2.180898,0.987647
0.885000,0.004204,-2.178267,1.032376
0.886000,0.004435,-2.175964,1.094536
0.887000,0.004830,-2.172347,1.165248
0.888000,0.004830,-2.169058,1.216555
0.889000,0.004896,-2.165440,1.259968
0.890000,0.005192,-2.162480,1.326733
0.891000,0.005653,-2.158862,1.392511
0.892000,0.006015,-2.155244,1.442173
0.893000,0.006147,-2.150969,1.484271
0.894000,0.006246,-2.147022,1.553667
0.895000,0.006279,-2.142746,1.615499
0.896000,0.006674,-2.137484,1.661872
0.897000,0.007003,-2.133208,1.702655
0.898000,0.007563,-2.128604,1.776326
0.899000,0.007596,-2.123999,1.836842
0.900000,0.007596,-2.119066,1.884202
0.901000,0.007859,-2.114133,1.923998
0.902000,0.008057,-2.108541,2.000300
0.903000,0.008518,-2.103279,2.057527
0.904000,0.008616,-2.097688,2.104887
0.905000,0.008748,-2.092426,2.143696
0.906000,0.009012,-2.086177,2.223945
0.907000,0.009308,-2.080257,2.278870
0.908000,0.009506,-2.074008,2.325244
0.909000,0.009769,-2.067759,2.362079
0.910000,0.010065,-2.061838,2.442657
0.911000,0.010164,-2.055590,2.496924
0.912000,0.010230,-2.049012,2.540009
0.913000,0.010592,-2.042434,2.577502
0.914000,0.010823,-2.035527,2.659725
0.915000,0.011020,-2.027962,2.713005
0.916000,0.011185,-2.021056,2.754774
0.917000,0.010460,-2.014149,2.794241
0.918000,0.011514,-2.006584,2.873832
0.919000,0.011679,-1.999020,2.925139
0.920000,0.011975,-1.992113,2.964934
0.921000,0.012107,-1.984220,3.010979
0.922000,0.012370,-1.976655,3.087281
0.923000,0.012337,-1.968762,3.135299
0.924000,0.012700,-1.960539,3.176082
0.925000,0.012733,-1.953304,3.228046
0.926000,0.013128,-1.944424,3.296784
0.927000,0.013128,-1.936201,3.345131
0.928000,0.013259,-1.928637,3.384926
0.929000,0.013391,-1.920086,3.440838
0.930000,0.013622,-1.911205,3.505958
0.931000,0.013753,-1.902325,3.550358
0.932000,0.013852,-1.893445,3.591798
0.933000,0.014050,-1.885552,3.652314
0.934000,0.014050,-1.876343,3.713816
0.935000,0.014280,-1.867134,3.758874
0.936000,0.014148,-1.858911,3.798341
0.937000,0.014544,-1.849702,3.863132
0.938000,0.014675,-1.840493,3.920688
0.939000,0.014906,-1.830955,3.965417
0.940000,0.014873,-1.822075,4.002910
0.941000,0.015005,-1.812537,4.073292
0.942000,0.015103,-1.802671,4.126573
0.943000,0.015235,-1.793791,4.170315
0.944000,0.015334,-1.784253,4.203862
0.945000,0.015499,-1.774386,4.277862
0.946000,0.015663,-1.764848,4.330813
0.947000,0.015466,-1.755310,4.373897
0.948000,0.015597,-1.745772,4.408760
0.949000,0.015927,-1.735248,4.483747
0.950000,0.016058,-1.725381,4.534724
0.951000,0.015960,-1.715843,4.575178
0.952000,0.015992,-1.706305,4.610040
0.953000,0.016157,-1.695452,4.687000
0.954000,0.016421,-1.685585,4.736663
0.955000,0.016355,-1.675389,4.774814
0.956000,0.016355,-1.665851,4.810005
0.957000,0.016388,-1.655327,4.886965
0.958000,0.016421,-1.645131,4.934654
0.959000,0.016618,-1.634935,4.974121
0.960000,0.016552,-1.625069,5.009641
0.961000,0.016783,-1.613886,5.086272
0.962000,0.016783,-1.604019,5.132975
0.963000,0.016783,-1.593824,5.170139
0.964000,0.016783,-1.582970,5.215197
0.965000,0.016980,-1.572446,5.284922
0.966000,0.017079,-1.561921,5.326690
0.967000,0.017145,-1.552054,5.365171
0.968000,0.017112,-1.541201,5.415162
0.969000,0.017112,-1.530676,5.478637
0.970000,0.017178,-1.520152,5.521393
0.971000,0.017375,-1.509298,5.557571
0.972000,0.017343,-1.498445,5.612496
0.973000,0.017375,-1.488249,5.672025
0.974000,0.017408,-1.477725,5.712807
0.975000,0.017310,-1.466542,5.747340
0.976000,0.017573,-1.455031,5.805883
0.977000,0.017738,-1.444835,5.861465
0.978000,0.017606,-1.433982,5.900603
0.979000,0.017540,-1.423128,5.934807
0.980000,0.017540,-1.412604,5.993679
0.981000,0.017804,-1.401093,6.043012
0.982000,0.017804,-1.390568,6.080834
0.983000,0.017804,-1.379715,6.110763
0.984000,0.017573,-1.368861,6.175884
0.985000,0.017869,-1.357679,6.222586
0.986000,0.017836,-1.346825,6.259422
0.987000,0.017935,-1.335314,6.289022
0.988000,0.018001,-1.324790,6.355457
0.989000,0.018100,-1.313936,6.399529
0.990000,0.018001,-1.302754,6.436364
0.991000,0.017968,-1.291571,6.463662
0.992000,0.018133,-1.280389,6.531413
0.993000,0.018133,-1.268878,6.572854
0.994000,0.018133,-1.257695,6.607716
0.995000,0.018166,-1.247500,6.635014
0.996000,0.018133,-1.235660,6.703752
0.997000,0.018265,-1.224477,6.743876
0.998000,0.018297,-1.213295,6.777423
0.999000,0.018232,-1.201455,6.803734
1.000000,0.018462,-1.191259,6.873459
1.001000,0.018396,-1.180077,6.911939
1.002000,0.018363,-1.167908,6.944170
1.003000,0.018495,-1.155739,6.971797
1.004000,0.018528,-1.145543,7.034944
1.005000,0.018495,-1.134361,7.072108
1.006000,0.018561,-1.123507,7.101051
1.007000,0.018495,-1.111667,7.137229
1.008000,0.018528,-1.099498,7.194127
1.009000,0.018627,-1.088645,7.231620
1.010000,0.018660,-1.077462,7.258260
1.011000,0.018758,-1.065951,7.300358
1.012000,0.018660,-1.054769,7.352323
1.013000,0.018561,-1.042929,7.385541
1.014000,0.018758,-1.030760,7.411852
1.015000,0.018824,-1.019906,7.456252
1.016000,0.018824,-1.008395,7.501310
1.017000,0.018857,-0.997213,7.532226
1.018000,0.018824,-0.985373,7.558208
1.019000,0.018824,-0.973532,7.604582
1.020000,0.019022,-0.961363,7.647995
1.021000,0.018989,-0.950181,7.674635
1.022000,0.019121,-0.939328,7.699960
1.023000,0.019022,-0.927488,7.747978
1.024000,0.019022,-0.915647,7.787445
1.025000,0.019055,-0.903807,7.815729
1.026000,0.018989,-0.892296,7.839080
1.027000,0.019285,-0.880456,7.888085
1.028000,0.019154,-0.868945,7.924921
1.029000,0.019219,-0.857105,7.951890
1.030000,0.019055,-0.845922,7.972610
1.031000,0.019121,-0.834082,8.022930
1.032000,0.019219,-0.821913,8.055161
1.033000,0.019384,-0.810073,8.079828
1.034000,0.019285,-0.798562,8.098575
1.035000,0.019351,-0.787051,8.149553
1.036000,0.019351,-0.775539,8.179811
1.037000,0.019252,-0.763370,8.204807
1.038000,0.019285,-0.750873,8.220593
1.039000,0.019450,-0.739032,8.270256
1.040000,0.019417,-0.727192,8.299198
1.041000,0.019318,-0.715352,8.322550
1.042000,0.019417,-0.703841,8.337678
1.043000,0.019351,-0.692001,8.389972
1.044000,0.019549,-0.679832,8.414639
1.045000,0.019516,-0.667663,8.436675
1.046000,0.019648,-0.656152,8.457395
1.047000,0.019615,-0.644640,8.501137
1.048000,0.019516,-0.632143,8.526791
1.049000,0.019483,-0.620302,8.543564
1.050000,0.019549,-0.608133,8.565929
1.051000,0.019483,-0.596622,8.606053
1.052000,0.019615,-0.584124,8.629076
1.053000,0.019680,-0.572613,8.645520
1.054000,0.019582,-0.560773,8.672818
1.055000,0.019746,-0.548604,8.705050
1.056000,0.019746,-0.535777,8.726756
1.057000,0.019845,-0.523937,8.740570
1.058000,0.019779,-0.511768,8.769841
1.059000,0.019944,-0.500586,8.800757
1.060000,0.019779,-0.488417,8.820161
1.061000,0.019746,-0.475590,8.834633
1.062000,0.019779,-0.464079,8.863246
1.063000,0.019911,-0.451581,8.889557
1.064000,0.019944,-0.439412,8.907646
1.065000,0.019911,-0.427572,8.920473
1.066000,0.019911,-0.415732,8.948758
1.067000,0.019845,-0.403234,8.971122
1.068000,0.019911,-0.390736,8.986251
1.069000,0.019944,-0.378567,8.996118
1.070000,0.020010,-0.367056,9.024732
1.071000,0.019977,-0.354558,9.045781
1.072000,0.019944,-0.342389,9.059265
1.073000,0.019977,-0.329891,9.068474
1.074000,0.020141,-0.317393,9.097745
1.075000,0.020043,-0.305882,9.117150
1.076000,0.019944,-0.293713,9.128661
1.077000,0.019911,-0.281544,9.136555
1.078000,0.019977,-0.269704,9.166484
1.079000,0.020043,-0.256877,9.181613
1.080000,0.020043,-0.244379,9.190822
1.081000,0.020043,-0.232539,9.198386
1.082000,0.020043,-0.221028,9.227657
1.083000,0.020010,-0.207872,9.240484
1.084000,0.020174,-0.195703,9.250022
1.085000,0.020109,-0.183863,9.256271
1.086000,0.020109,-0.171694,9.282911
1.087000,0.020240,-0.159196,9.295080
1.088000,0.020076,-0.147027,9.302645
1.089000,0.020043,-0.134858,9.307249
1.090000,0.020010,-0.122361,9.332245
1.091000,0.020141,-0.110520,9.341783
1.092000,0.020109,-0.097694,9.347045
1.093000,0.020174,-0.085854,9.354938
1.094000,0.020207,-0.073685,9.375330
1.095000,0.020207,-0.061187,9.383223
1.096000,0.020076,-0.048689,9.389472
1.097000,0.020240,-0.036849,9.397037
1.098000,0.020207,-0.024351,9.412823
1.099000,0.020141,-0.012182,9.419072
1.100000,0.020141,-0.000342,9.422361
1.101000,0.020174,0.012156,9.432557
1.102000,0.020207,0.024983,9.444068
1.103000,0.020207,0.036823,9.448673
1.104000,0.020273,0.049650,9.449330
1.105000,0.020141,0.061490,9.459197
1.106000,0.020240,0.073330,9.468735
1.107000,0.020141,0.086157,9.471037
1.108000,0.020174,0.098326,9.470050
1.109000,0.020207,0.110495,9.478602
1.110000,0.020240,0.122006,9.482877
1.111000,0.020141,0.135161,9.485179
1.112000,0.020141,0.147330,9.484193
1.113000,0.020109,0.159499,9.492415
1.114000,0.020240,0.171997,9.495375
1.115000,0.020273,0.184166,9.496033
1.116000,0.020174,0.196335,9.492744
1.117000,0.020141,0.208175,9.498006
1.118000,0.020141,0.221002,9.500637
1.119000,0.020207,0.232513,9.498993
1.120000,0.020076,0.245011,9.496362
1.121000,0.020174,0.257509,9.496033
1.122000,0.020076,0.269678,9.491428
1.123000,0.020076,0.281518,9.488468
1.124000,0.019977,0.293687,9.481891
1.125000,0.019944,0.306185,9.475313
1.126000,0.019911,0.318025,9.467419
1.127000,0.020141,0.330523,9.458210
1.128000,0.020043,0.342363,9.448673
1.129000,0.020043,0.354203,9.438477
1.130000,0.019911,0.366372,9.429597
1.131000,0.019878,0.378212,9.418743
1.132000,0.019977,0.390710,9.408219
1.133000,0.019911,0.403208,9.397694
1.134000,0.019878,0.415048,9.385854
1.135000,0.019845,0.426559,9.374672
1.136000,0.019812,0.438728,9.363490
1.137000,0.019713,0.450568,9.352965
1.138000,0.019648,0.462408,9.341125
1.139000,0.019713,0.474906,9.329614
1.140000,0.019845,0.487075,9.317774
1.141000,0.019713,0.498586,9.306591
1.142000,0.019746,0.510426,9.294422
1.143000,0.019648,0.522595,9.283569
1.144000,0.019713,0.534435,9.271400
1.145000,0.019648,0.546275,9.260547
1.146000,0.019713,0.558115,9.248707
1.147000,0.019648,0.570613,9.238182
1.148000,0.019549,0.582124,9.225684
1.149000,0.019483,0.593307,9.214502
1.150000,0.019582,0.605805,9.203648
1.151000,0.019549,0.617645,9.191479
1.152000,0.019582,0.629485,9.179310
1.153000,0.019516,0.640996,9.168786
1.154000,0.019483,0.652507,9.156946
1.155000,0.019483,0.665005,9.144777
1.156000,0.019615,0.676516,9.133923
1.157000,0.019450,0.688027,9.121426
1.158000,0.019483,0.699867,9.112217
1.159000,0.019384,0.712036,9.099390
1.160000,0.019384,0.723547,9.088536
1.161000,0.019450,0.735059,9.075710
1.162000,0.019384,0.747228,9.064199
1.163000,0.019483,0.758410,9.053016
1.164000,0.019187,0.770250,9.042163
1.165000,0.019285,0.781761,9.030323
1.166000,0.019285,0.793930,9.018812
1.167000,0.019318,0.805441,9.007629
1.168000,0.019285,0.816624,8.995460
1.169000,0.019252,0.828464,8.985265
1.170000,0.019187,0.840304,8.973096
1.171000,0.019219,0.851815,8.961585
1.172000,0.019252,0.863655,8.944153
1.173000,0.019219,0.874837,8.930011
1.174000,0.019154,0.886677,8.915540
1.175000,0.019187,0.897860,8.902713
1.176000,0.019154,0.909371,8.875415
1.177000,0.018989,0.920882,8.858313
1.178000,0.019055,0.932722,8.839895
1.179000,0.019055,0.944233,8.823121
1.180000,0.019022,0.955087,8.794508
1.181000,0.018890,0.966927,8.772143
1.182000,0.018890,0.978438,8.753068
1.183000,0.018923,0.990278,8.730374
1.184000,0.018890,1.000802,8.700774
1.185000,0.018824,1.012971,8.677423
1.186000,0.018726,1.023825,8.657689
1.187000,0.018627,1.035007,8.631707
1.188000,0.018726,1.046189,8.603093
1.189000,0.018660,1.057372,8.577111
1.190000,0.018561,1.068883,8.556391
1.191000,0.018594,1.080394,8.526791
1.192000,0.018396,1.091247,8.497190
1.193000,0.018396,1.102430,8.471537
1.194000,0.018396,1.112954,8.450817
1.195000,0.018495,1.125123,8.414639
1.196000,0.018462,1.135647,8.384381
1.197000,0.018363,1.146830,8.359056
1.198000,0.018232,1.158012,8.335047
1.199000,0.018232,1.168537,8.297225
1.200000,0.018232,1.179390,8.264007
1.201000,0.018265,1.190572,8.237696
1.202000,0.018166,1.201426,8.213358
1.203000,0.018001,1.211950,8.176193
1.204000,0.018001,1.223461,8.141331
1.205000,0.017804,1.233657,8.116006
1.206000,0.017968,1.244839,8.091339
1.207000,0.017935,1.255364,8.048584
1.208000,0.017836,1.266546,8.013392
1.209000,0.017771,1.276742,7.985766
1.210000,0.017804,1.287266,7.960770
1.211000,0.017606,1.298119,7.914396
1.212000,0.017606,1.308644,7.880192
1.213000,0.017606,1.319497,7.851249
1.214000,0.017573,1.329364,7.826583
1.215000,0.017343,1.340546,7.775605
1.216000,0.017310,1.350084,7.742058
1.217000,0.017178,1.361266,7.712129
1.218000,0.017441,1.371791,7.687791
1.219000,0.017408,1.382315,7.631880
1.220000,0.017145,1.392182,7.598004
1.221000,0.017013,1.402707,7.565773
1.222000,0.017112,1.412573,7.538146
1.223000,0.017046,1.422440,7.484866
1.224000,0.016980,1.432964,7.448359
1.225000,0.016882,1.442502,7.417443
1.226000,0.016882,1.452698,7.382252
1.227000,0.016717,1.463222,7.333576
1.228000,0.016816,1.473747,7.297727
1.229000,0.016783,1.483285,7.268785
1.230000,0.016717,1.493151,7.225700
1.231000,0.016519,1.503018,7.178011
1.232000,0.016519,1.512885,7.142491
1.233000,0.016486,1.522423,7.111904
1.234000,0.016388,1.532618,7.062571
1.235000,0.016388,1.542814,7.015210
1.236000,0.016322,1.552023,6.977717
1.237000,0.016058,1.561889,6.946801
1.238000,0.016025,1.572085,6.895823
1.239000,0.016091,1.580636,6.849779
1.240000,0.016058,1.590832,6.812614
1.241000,0.015960,1.600041,6.781370
1.242000,0.015927,1.608921,6.726116
1.243000,0.015663,1.618788,6.678756
1.244000,0.015696,1.628325,6.642907
1.245000,0.015762,1.637863,6.610018
1.246000,0.015597,1.647072,6.552133
1.247000,0.015564,1.655623,6.503787
1.248000,0.015466,1.665490,6.466951
1.249000,0.015301,1.675028,6.433733
1.250000,0.015202,1.683908,6.371244
1.251000,0.015268,1.692788,6.325200
1.252000,0.015136,1.701997,6.287048
1.253000,0.015235,1.710877,6.252844
1.254000,0.014939,1.720086,6.188052
1.255000,0.014939,1.728637,6.142995
1.256000,0.014873,1.737846,6.102870
1.257000,0.014873,1.746726,6.069981
1.258000,0.014675,1.755277,5.999928
1.259000,0.014478,1.763828,5.954870
1.260000,0.014609,1.773037,5.916061
1.261000,0.014511,1.781917,5.881856
1.262000,0.014346,1.789482,5.809829
1.263000,0.014181,1.798033,5.768060
1.264000,0.014116,1.806584,5.728265
1.265000,0.014247,1.814806,5.690114
1.266000,0.014116,1.823357,5.617758
1.267000,0.013918,1.832237,5.571384
1.268000,0.013951,1.839802,5.532575
1.269000,0.013852,1.848353,5.485544
1.270000,0.013655,1.856246,5.421411
1.271000,0.013622,1.864469,5.373064
1.272000,0.013687,1.872691,5.333926
1.273000,0.013589,1.880255,5.279330
1.274000,0.013358,1.888149,5.217170
1.275000,0.013194,1.896042,5.171455
1.276000,0.013292,1.903935,5.131988
1.277000,0.013194,1.912158,5.071801
1.278000,0.012996,1.919393,5.013588
1.279000,0.012864,1.926629,4.968201
1.280000,0.012765,1.934522,4.928405
1.281000,0.012733,1.942087,4.865258
1.282000,0.012601,1.949980,4.808032
1.283000,0.012634,1.957216,4.761658
1.284000,0.012502,1.964780,4.722520
1.285000,0.012337,1.971358,4.653454
1.286000,0.012107,1.978593,4.595569
1.287000,0.012107,1.986487,4.549524
1.288000,0.012041,1.993393,4.509071
1.289000,0.011909,1.999971,4.438689
1.290000,0.011778,2.006878,4.383435
1.291000,0.011646,2.014114,4.339035
1.292000,0.011580,2.020691,4.299568
1.293000,0.011382,2.027598,4.226226
1.294000,0.011481,2.033847,4.169657
1.295000,0.011382,2.040754,4.124928
1.296000,0.011350,2.047003,4.084146
1.297000,0.010987,2.053909,4.005870
1.298000,0.010921,2.060158,3.951932
1.299000,0.010790,2.066407,3.905888
1.300000,0.010823,2.072985,3.865763
1.301000,0.010592,2.078905,3.785185
1.302000,0.010460,2.085483,3.733221
1.303000,0.010230,2.091403,3.687505
1.304000,0.010296,2.097323,3.647380
1.305000,0.010164,2.103572,3.564500
1.306000,0.010032,2.108834,3.510562
1.307000,0.009999,2.114754,3.465176
1.308000,0.009967,2.120674,3.423407
1.309000,0.009440,2.125936,3.338882
1.310000,0.009407,2.131198,3.286260
1.311000,0.009407,2.137118,3.241531
1.312000,0.009341,2.142710,3.189237
1.313000,0.009209,2.148301,3.115895
1.314000,0.008979,2.152905,3.066561
1.315000,0.008880,2.157839,3.023148
1.316000,0.008682,2.163430,2.964277
1.317000,0.008551,2.168034,2.892579
1.318000,0.008616,2.172967,2.841272
1.319000,0.008551,2.177572,2.797201
1.320000,0.008254,2.182505,2.734383
1.321000,0.007925,2.187110,2.665316
1.322000,0.007859,2.192043,2.615324
1.323000,0.007892,2.196648,2.568951
1.324000,0.007727,2.200594,2.501200
1.325000,0.007530,2.205199,2.437066
1.326000,0.007398,2.209145,2.387075
1.327000,0.007168,2.213092,2.343661
1.328000,0.007168,2.218025,2.269332
1.329000,0.007003,2.221643,2.205856
1.330000,0.007036,2.224932,2.155536
1.331000,0.006542,2.229208,2.114096
1.332000,0.006279,2.232825,2.036478
1.333000,0.006344,2.236443,1.974647
1.334000,0.006213,2.240061,1.924655
1.335000,0.006213,2.243350,1.882229
1.336000,0.005785,2.246639,1.802308
1.337000,0.005521,2.249928,1.743437
1.338000,0.005291,2.252559,1.694432
1.339000,0.005389,2.255519,1.652005
1.340000,0.005389,2.258479,1.568138
1.341000,0.005291,2.261439,1.511569
1.342000,0.004731,2.263741,1.462893
1.343000,0.004402,2.267030,1.422440
1.344000,0.004599,2.269332,1.335942
1.345000,0.004303,2.270977,1.279373
1.346000,0.004336,2.273279,1.232670
1.347000,0.003974,2.275910,1.189586
1.348000,0.003710,2.276897,1.102101
1.349000,0.002459,2.280186,1.049149
1.350000,0.001734,2.280514,1.001789
1.351000,0.004928,2.282159,0.954429
1.352000,0.001636,2.282817,0.870562
1.353000,0.005159,2.288079,0.813335
1.354000,0.005027,2.289723,0.766961
1.355000,0.004830,2.291697,0.719930
1.356000,-0.000834,2.286763,0.634747
1.357000,0.004204,2.293012,0.583440
1.358000,-0.001657,2.289395,0.533120
1.359000,0.000220,2.293670,0.478524
1.360000,0.000154,2.295315,0.409457
1.361000,0.002953,2.291039,0.344665
1.362000,-0.000669,2.292026,0.307829
1.363000,-0.000439,2.295643,0.236789
1.364000,-0.001361,2.293341,0.177917
1.365000,0.000220,2.294657,0.121677
1.366000,0.000450,2.294657,0.079250
1.367000,0.000121,2.294328,0.009525
1.368000,-0.000143,2.293999,-0.056911
1.369000,-0.000571,2.293670,-0.107889
1.370000,-0.001328,2.292026,-0.151961
1.371000,-0.000702,2.291697,-0.228592
1.372000,0.001504,2.293999,-0.289108
1.373000,0.001405,2.294986,-0.329562
1.374000,-0.000834,2.284461,-0.386460
1.375000,-0.004983,2.281830,-0.459474
1.376000,0.000286,2.290381,-0.512755
1.377000,0.001833,2.287421,-0.555182
1.378000,0.000582,2.286435,-0.606818
1.379000,-0.005444,2.277226,-0.681476
1.380000,-0.001624,2.279857,-0.737388
1.381000,0.000154,2.280186,-0.787380
1.382000,-0.003402,2.274594,-0.826518
1.383000,-0.002941,2.272292,-0.917621
1.384000,-0.006136,2.266372,-0.972546
1.385000,-0.001526,2.269332,-1.018591
1.386000,-0.002316,2.265714,-1.060360
1.387000,-0.006827,2.258808,-1.140610
1.388000,-0.005740,2.255519,-1.197508
1.389000,-0.006498,2.251901,-1.243224
1.390000,-0.004357,2.251243,-1.281705
1.391000,-0.006004,2.245981,-1.368861
1.392000,-0.005246,2.243679,-1.421155
1.393000,-0.005905,2.239074,-1.466871
1.394000,-0.005806,2.236772,-1.507325
1.395000,-0.006267,2.231181,-1.593495
1.396000,-0.006662,2.226577,-1.645131
1.397000,-0.006926,2.222301,-1.691176
1.398000,-0.007255,2.217696,-1.737879
1.399000,-0.007519,2.212763,-1.815169
1.400000,-0.007683,2.207830,-1.866147
1.401000,-0.007683,2.202568,-1.909561
1.402000,-0.008045,2.197634,-1.963828
1.403000,-0.008473,2.192043,-2.035856
1.404000,-0.008770,2.186781,-2.086177
1.405000,-0.008737,2.181190,-2.128275
1.406000,-0.008836,2.175927,-2.189778
1.407000,-0.009099,2.169350,-2.258188
1.408000,-0.009428,2.163430,-2.308837
1.409000,-0.009692,2.157181,-2.348634
1.410000,-0.010021,2.151261,-2.414741
1.411000,-0.010054,2.145012,-2.478876
1.412000,-0.010219,2.138434,-2.526894
1.413000,-0.010482,2.131527,-2.567348
1.414000,-0.010746,2.124621,-2.635429
1.415000,-0.011207,2.118043,-2.696932
1.416000,-0.011272,2.110807,-2.743964
1.417000,-0.011404,2.104229,-2.782774
1.418000,-0.011404,2.096007,-2.852499
1.419000,-0.011766,2.089100,-2.913345
1.420000,-0.011964,2.081207,-2.956430
1.421000,-0.012129,2.073972,-2.994910
1.422000,-0.012326,2.066736,-3.069241
1.423000,-0.012458,2.057856,-3.124495
1.424000,-0.012524,2.050620,-3.169553
1.425000,-0.012787,2.042069,-3.207705
1.426000,-0.013182,2.034176,-3.282035
1.427000,-0.013347,2.026611,-3.336632
1.428000,-0.013248,2.017731,-3.379717
1.429000,-0.013281,2.008522,-3.417540
1.430000,-0.013808,2.000300,-3.494501
1.431000,-0.013775,1.991749,-3.545480
1.432000,-0.013972,1.983198,-3.587908
1.433000,-0.014038,1.974647,-3.624744
1.434000,-0.014269,1.966096,-3.704666
1.435000,-0.014269,1.956887,-3.755315
1.436000,-0.014631,1.948007,-3.795770
1.437000,-0.014697,1.939127,-3.858918
1.438000,-0.014730,1.930247,-3.913514
1.439000,-0.014730,1.920709,-3.960875
1.440000,-0.014894,1.910842,-4.001329
1.441000,-0.015125,1.901962,-4.044744
1.442000,-0.015421,1.892753,-4.119403
1.443000,-0.015290,1.883215,-4.166435
1.444000,-0.015257,1.873677,-4.205574
1.445000,-0.015388,1.864140,-4.255237
1.446000,-0.015685,1.853944,-4.323647
1.447000,-0.015751,1.844077,-4.370022
1.448000,-0.015981,1.835197,-4.407516
1.449000,-0.015718,1.825002,-4.462771
1.450000,-0.015849,1.815135,-4.526905
1.451000,-0.016080,1.804611,-4.571964
1.452000,-0.016212,1.794415,-4.609787
1.453000,-0.016277,1.785206,-4.668002
1.454000,-0.016212,1.775010,-4.727204
1.455000,-0.016245,1.764815,-4.772262
1.456000,-0.016409,1.754619,-4.808112
1.457000,-0.016541,1.744752,-4.871918
1.458000,-0.016706,1.734228,-4.927173
1.459000,-0.016804,1.724361,-4.967627
1.460000,-0.016541,1.713837,-5.005779
1.461000,-0.016673,1.702983,-5.071559
1.462000,-0.016837,1.693117,-5.124183
1.463000,-0.017002,1.682592,-5.164966
1.464000,-0.017002,1.672726,-5.199829
1.465000,-0.016969,1.662201,-5.269555
1.466000,-0.017002,1.650690,-5.319548
1.467000,-0.017101,1.640823,-5.359344
1.468000,-0.017134,1.630628,-5.393221
1.469000,-0.017463,1.619774,-5.465250
1.470000,-0.017463,1.608921,-5.512940
1.471000,-0.017298,1.598067,-5.551092
1.472000,-0.017232,1.587543,-5.582666
1.473000,-0.017364,1.576690,-5.656668
1.474000,-0.017430,1.566165,-5.703372
1.475000,-0.017595,1.555312,-5.741195
1.476000,-0.017496,1.544458,-5.770796
1.477000,-0.017562,1.533605,-5.847430
1.478000,-0.017595,1.523080,-5.891173
1.479000,-0.017463,1.511898,-5.929654
1.480000,-0.017792,1.501374,-5.956295
1.481000,-0.017825,1.490849,-6.029968
1.482000,-0.017957,1.479667,-6.070752
1.483000,-0.017726,1.467827,-6.104629
1.484000,-0.017792,1.457631,-6.141465
1.485000,-0.017792,1.446449,-6.208232
1.486000,-0.018056,1.435267,-6.247371
1.487000,-0.018023,1.424742,-6.280590
1.488000,-0.017957,1.413889,-6.324333
1.489000,-0.017924,1.402707,-6.384522
1.490000,-0.017957,1.391853,-6.423003
1.491000,-0.018154,1.379684,-6.453591
1.492000,-0.018253,1.369160,-6.503584
1.493000,-0.018253,1.357977,-6.558510
1.494000,-0.018121,1.347124,-6.595018
1.495000,-0.018056,1.335942,-6.625277
1.496000,-0.018286,1.324431,-6.678230
1.497000,-0.018319,1.312591,-6.727894
1.498000,-0.018352,1.302066,-6.765388
1.499000,-0.018319,1.290884,-6.793345
1.500000,-0.018286,1.280030,-6.849587
1.501000,-0.018352,1.268190,-6.896620
1.502000,-0.018484,1.256679,-6.930496
1.503000,-0.018550,1.245497,-6.958782
1.504000,-0.018615,1.234315,-7.015353
1.505000,-0.018582,1.222475,-7.057123
1.506000,-0.018550,1.211292,-7.089684
1.507000,-0.018484,1.199781,-7.115668
1.508000,-0.018747,1.188270,-7.175199
1.509000,-0.018780,1.177417,-7.215654
1.510000,-0.018681,1.166234,-7.246899
1.511000,-0.018517,1.154394,-7.273540
1.512000,-0.018681,1.143212,-7.333729
1.513000,-0.018714,1.131701,-7.370895
1.514000,-0.018912,1.119861,-7.400825
1.515000,-0.018846,1.108678,-7.425822
1.516000,-0.018747,1.096838,-7.484695
1.517000,-0.018846,1.084998,-7.520874
1.518000,-0.018978,1.074145,-7.548173
1.519000,-0.019011,1.061976,-7.569552
1.520000,-0.019011,1.050794,-7.630399
1.521000,-0.018978,1.038954,-7.665591
1.522000,-0.018879,1.027771,-7.692232
1.523000,-0.018978,1.015602,-7.712953
1.524000,-0.019109,1.003433,-7.772485
1.525000,-0.019241,0.992909,-7.803072
1.526000,-0.019076,0.980411,-7.830042
1.527000,-0.019043,0.968900,-7.856026
1.528000,-0.019076,0.957389,-7.910624
1.529000,-0.019307,0.945220,-7.940554
1.530000,-0.019274,0.934038,-7.965550
1.531000,-0.019274,0.922197,-7.997454
1.532000,-0.019307,0.910357,-8.042185
1.533000,-0.019307,0.898517,-8.069484
1.534000,-0.019406,0.886348,-8.091849
1.535000,-0.019406,0.874837,-8.127700
1.536000,-0.019472,0.863326,-8.167168
1.537000,-0.019307,0.851486,-8.193809
1.538000,-0.019307,0.839975,-8.212886
1.539000,-0.019307,0.827477,-8.252683
1.540000,-0.019439,0.815966,-8.287876
1.541000,-0.019603,0.804126,-8.313530
1.542000,-0.019537,0.791957,-8.331620
1.543000,-0.019603,0.779788,-8.372075
1.544000,-0.019406,0.768605,-8.404307
1.545000,-0.019570,0.756437,-8.427989
1.546000,-0.019636,0.744596,-8.444434
1.547000,-0.019735,0.732428,-8.485547
1.548000,-0.019603,0.720916,-8.514819
1.549000,-0.019570,0.708418,-8.536527
1.550000,-0.019537,0.696250,-8.553301
1.551000,-0.019768,0.684738,-8.593098
1.552000,-0.019702,0.672569,-8.620069
1.553000,-0.019801,0.660400,-8.640461
1.554000,-0.019504,0.648231,-8.654932
1.555000,-0.019702,0.636391,-8.694072
1.556000,-0.019735,0.624222,-8.718082
1.557000,-0.019867,0.612711,-8.734198
1.558000,-0.019834,0.599884,-8.747683
1.559000,-0.019801,0.588044,-8.789125
1.560000,-0.019702,0.576204,-8.811820
1.561000,-0.019834,0.564035,-8.827278
1.562000,-0.019867,0.551538,-8.840435
1.563000,-0.020130,0.540026,-8.880561
1.564000,-0.019965,0.527857,-8.901282
1.565000,-0.019834,0.515688,-8.914767
1.566000,-0.019900,0.503519,-8.924305
1.567000,-0.019998,0.490693,-8.962129
1.568000,-0.020031,0.479182,-8.980219
1.569000,-0.020130,0.467013,-8.992389
1.570000,-0.019998,0.454844,-9.002585
1.571000,-0.019933,0.442675,-9.037778
1.572000,-0.019998,0.430506,-9.053236
1.573000,-0.019965,0.418337,-9.065077
1.574000,-0.020229,0.406497,-9.080864
1.575000,-0.019998,0.393999,-9.109150
1.576000,-0.020097,0.382488,-9.122306
1.577000,-0.019998,0.369332,-9.133818
1.578000,-0.020097,0.357821,-9.152237
1.579000,-0.020130,0.344994,-9.173287
1.580000,-0.020196,0.333812,-9.186772
1.581000,-0.020196,0.320656,-9.195652
1.582000,-0.019998,0.308487,-9.214729
1.583000,-0.020031,0.296318,-9.233476
1.584000,-0.020031,0.283820,-9.244659
1.585000,-0.020262,0.271980,-9.251566
1.586000,-0.020262,0.259153,-9.273274
1.587000,-0.020163,0.247313,-9.290048
1.588000,-0.020097,0.235144,-9.298271
1.589000,-0.020130,0.222646,-9.304520
1.590000,-0.020130,0.210477,-9.323597
1.591000,-0.020295,0.197980,-9.335437
1.592000,-0.020130,0.185811,-9.343002
1.593000,-0.020064,0.173971,-9.348264
1.594000,-0.019998,0.161473,-9.366683
1.595000,-0.020130,0.149633,-9.377866
1.596000,-0.020196,0.137464,-9.384773
1.597000,-0.020394,0.124637,-9.388062
1.598000,-0.020163,0.112468,-9.404836
1.599000,-0.020262,0.100299,-9.415032
1.600000,-0.020097,0.087801,-9.419308
1.601000,-0.020229,0.075632,-9.421611
1.602000,-0.020361,0.063463,-9.437398
1.603000,-0.020426,0.050965,-9.444634
1.604000,-0.020196,0.038796,-9.446936
1.605000,-0.020064,0.026298,-9.448581
1.606000,-0.020163,0.014458,-9.463053
1.607000,-0.020196,0.002289,-9.467657
1.608000,-0.020328,-0.010537,-9.470618
1.609000,-0.020097,-0.022378,-9.468973
1.610000,-0.020196,-0.034547,-9.481800
1.611000,-0.020064,-0.047702,-9.483445
1.612000,-0.020229,-0.058884,-9.483116
1.613000,-0.020295,-0.071382,-9.482787
1.614000,-0.020295,-0.083551,-9.493641
1.615000,-0.020262,-0.095720,-9.494628
1.616000,-0.020163,-0.108218,-9.493970
1.617000,-0.020097,-0.120716,-9.493970
1.618000,-0.020295,-0.132556,-9.500548
1.619000,-0.020394,-0.144725,-9.500219
1.620000,-0.020097,-0.156565,-9.497917
1.621000,-0.020196,-0.169721,-9.498246
1.622000,-0.020031,-0.181561,-9.500548
1.623000,-0.020163,-0.194059,-9.499561
1.624000,-0.020262,-0.205570,-9.496272
1.625000,-0.020229,-0.218397,-9.493970
1.626000,-0.020130,-0.230237,-9.494628
1.627000,-0.020097,-0.241748,-9.491339
1.628000,-0.019933,-0.254575,-9.487063
1.629000,-0.020196,-0.266415,-9.485747
1.630000,-0.020229,-0.279242,-9.481471
1.631000,-0.019998,-0.291082,-9.476538
1.632000,-0.020328,-0.302922,-9.470618
1.633000,-0.020031,-0.315420,-9.467986
1.634000,-0.020064,-0.327589,-9.461408
1.635000,-0.020262,-0.339758,-9.455488
1.636000,-0.020196,-0.351927,-9.445950
1.637000,-0.020064,-0.363438,-9.444305
1.638000,-0.020064,-0.375936,-9.437727
1.639000,-0.019834,-0.387776,-9.430820
1.640000,-0.020031,-0.399616,-9.422268
1.641000,-0.020031,-0.412114,-9.413388
1.642000,-0.020064,-0.423954,-9.405494
1.643000,-0.019998,-0.435794,-9.394311
1.644000,-0.019867,-0.448621,-9.384444
1.645000,-0.019801,-0.460132,-9.374577
1.646000,-0.019933,-0.472301,-9.366354
1.647000,-0.019998,-0.484470,-9.355829
1.648000,-0.019834,-0.496310,-9.343989
1.649000,-0.019834,-0.507821,-9.331819
1.650000,-0.019636,-0.519662,-9.321952
1.651000,-0.019735,-0.532159,-9.309454
1.652000,-0.019801,-0.544000,-9.299586
1.653000,-0.019834,-0.555511,-9.286430
1.654000,-0.019768,-0.567680,-9.273274
1.655000,-0.019570,-0.579849,-9.263078
1.656000,-0.019636,-0.591031,-9.250251
1.657000,-0.019834,-0.603200,-9.234134
1.658000,-0.019768,-0.614711,-9.219004
1.659000,-0.019570,-0.626551,-9.207493
1.660000,-0.019439,-0.638392,-9.191048
1.661000,-0.019406,-0.650232,-9.172958
1.662000,-0.019834,-0.661743,-9.157499
1.663000,-0.019636,-0.674241,-9.144014
1.664000,-0.019406,-0.685423,-9.127240
1.665000,-0.019439,-0.697263,-9.108163
1.666000,-0.019373,-0.709103,-9.091060
1.667000,-0.019340,-0.720943,-9.075931
1.668000,-0.019472,-0.732126,-9.056525
1.669000,-0.019373,-0.743966,-9.036791
1.670000,-0.019175,-0.755148,-9.019688
1.671000,-0.019208,-0.766988,-9.002914
1.672000,-0.019109,-0.779157,-8.981864
1.673000,-0.019274,-0.790668,-8.957525
1.674000,-0.019274,-0.802509,-8.939764
1.675000,-0.019043,-0.813033,-8.921674
1.676000,-0.018945,-0.824544,-8.897993
1.677000,-0.019043,-0.836713,-8.875627
1.678000,-0.019043,-0.848225,-8.853920
1.679000,-0.019142,-0.859078,-8.835501
1.680000,-0.019043,-0.870918,-8.808202
1.681000,-0.018780,-0.881772,-8.783863
1.682000,-0.018780,-0.893612,-8.762484
1.683000,-0.018813,-0.905123,-8.742421
1.684000,-0.018912,-0.916634,-8.712162
1.685000,-0.019011,-0.927488,-8.687494
1.686000,-0.018747,-0.938999,-8.665786
1.687000,-0.018550,-0.950181,-8.645723
1.688000,-0.018714,-0.961363,-8.612504
1.689000,-0.018780,-0.973204,-8.587178
1.690000,-0.018747,-0.984386,-8.563168
1.691000,-0.018714,-0.995239,-8.544092
1.692000,-0.018550,-1.006093,-8.507254
1.693000,-0.018352,-1.017275,-8.480613
1.694000,-0.018484,-1.028457,-8.457261
1.695000,-0.018648,-1.039311,-8.435224
1.696000,-0.018385,-1.050493,-8.395427
1.697000,-0.018418,-1.061347,-8.368128
1.698000,-0.018220,-1.072858,-8.344776
1.699000,-0.018648,-1.083382,-8.320108
1.700000,-0.018286,-1.093907,-8.277351
1.701000,-0.018418,-1.105089,-8.248078
1.702000,-0.018319,-1.115614,-8.222753
1.703000,-0.018023,-1.127125,-8.195454
1.704000,-0.017957,-1.137979,-8.154999
1.705000,-0.017990,-1.148503,-8.126713
1.706000,-0.018056,-1.159028,-8.100730
1.707000,-0.018056,-1.170210,-8.067181
1.708000,-0.018023,-1.180406,-8.027055
1.709000,-0.017726,-1.190930,-7.997454
1.710000,-0.017825,-1.201455,-7.970813
1.711000,-0.017660,-1.212308,-7.932989
1.712000,-0.017825,-1.223162,-7.893850
1.713000,-0.017693,-1.233686,-7.861946
1.714000,-0.017562,-1.244211,-7.835963
1.715000,-0.017331,-1.254407,-7.794521
1.716000,-0.017298,-1.265260,-7.755382
1.717000,-0.017529,-1.275456,-7.723478
1.718000,-0.017529,-1.285980,-7.695521
1.719000,-0.017364,-1.295847,-7.649475
1.720000,-0.017134,-1.306700,-7.612309
1.721000,-0.017167,-1.316567,-7.578432
1.722000,-0.017232,-1.327092,-7.551133
1.723000,-0.017298,-1.337287,-7.501469
1.724000,-0.017101,-1.347483,-7.463645
1.725000,-0.017068,-1.357350,-7.430426
1.726000,-0.016903,-1.367217,-7.401483
1.727000,-0.016837,-1.377741,-7.350174
1.728000,-0.016936,-1.387608,-7.312351
1.729000,-0.016969,-1.397146,-7.280776
1.730000,-0.016673,-1.407342,-7.252162
1.731000,-0.016574,-1.417208,-7.197564
1.732000,-0.016409,-1.427075,-7.157767
1.733000,-0.016640,-1.436942,-7.125206
1.734000,-0.016541,-1.446480,-7.095605
1.735000,-0.016343,-1.456347,-7.036403
1.736000,-0.016212,-1.466213,-6.995619
1.737000,-0.016113,-1.476080,-6.962071
1.738000,-0.016212,-1.485618,-6.930168
1.739000,-0.016277,-1.495814,-6.868992
1.740000,-0.016146,-1.504365,-6.828866
1.741000,-0.016113,-1.513903,-6.794989
1.742000,-0.015948,-1.522454,-6.763744
1.743000,-0.015849,-1.533307,-6.701582
1.744000,-0.015882,-1.542516,-6.659154
1.745000,-0.015849,-1.551725,-6.624948
1.746000,-0.015685,-1.560934,-6.585480
1.747000,-0.015487,-1.570143,-6.526278
1.748000,-0.015586,-1.580339,-6.484836
1.749000,-0.015454,-1.588890,-6.449315
1.750000,-0.015520,-1.597770,-6.402940
1.751000,-0.015355,-1.606979,-6.346370
1.752000,-0.015224,-1.616188,-6.307231
1.753000,-0.015158,-1.624411,-6.269736
1.754000,-0.015059,-1.633949,-6.219086
1.755000,-0.015092,-1.642500,-6.162515
1.756000,-0.014960,-1.651709,-6.121074
1.757000,-0.014894,-1.660589,-6.084895
1.758000,-0.014763,-1.669469,-6.029311
1.759000,-0.014730,-1.678020,-5.976687
1.760000,-0.014664,-1.686571,-5.935574
1.761000,-0.014796,-1.695123,-5.898738
1.762000,-0.014466,-1.704003,-5.838220
1.763000,-0.014368,-1.712554,-5.786583
1.764000,-0.014170,-1.720447,-5.746458
1.765000,-0.014104,-1.728670,-5.710937
1.766000,-0.014236,-1.737221,-5.643512
1.767000,-0.014104,-1.745443,-5.592862
1.768000,-0.013972,-1.753337,-5.549119
1.769000,-0.013775,-1.762217,-5.513598
1.770000,-0.013775,-1.770439,-5.446173
1.771000,-0.013676,-1.778661,-5.395523
1.772000,-0.013742,-1.786555,-5.350793
1.773000,-0.013577,-1.794119,-5.316259
1.774000,-0.013446,-1.802013,-5.243901
1.775000,-0.013215,-1.810235,-5.193909
1.776000,-0.013314,-1.817800,-5.150494
1.777000,-0.013215,-1.825364,-5.113658
1.778000,-0.013182,-1.833258,-5.039656
1.779000,-0.012985,-1.840493,-4.990979
1.780000,-0.012820,-1.848387,-4.948551
1.781000,-0.012688,-1.856280,-4.912044
1.782000,-0.012688,-1.863187,-4.834753
1.783000,-0.012721,-1.870752,-4.784432
1.784000,-0.012688,-1.877987,-4.742662
1.785000,-0.012491,-1.885552,-4.704839
1.786000,-0.012161,-1.892458,-4.622943
1.787000,-0.012161,-1.900023,-4.572293
1.788000,-0.012063,-1.906601,-4.529866
1.789000,-0.012194,-1.914165,-4.482176
1.790000,-0.011997,-1.921072,-4.410147
1.791000,-0.011931,-1.927650,-4.360813
1.792000,-0.011635,-1.934886,-4.319701
1.793000,-0.011602,-1.941792,-4.265433
1.794000,-0.011602,-1.948041,-4.196036
1.795000,-0.011536,-1.954290,-4.147030
1.796000,-0.011338,-1.960868,-4.103945
1.797000,-0.011108,-1.967446,-4.044086
1.798000,-0.011207,-1.974353,-3.977978
1.799000,-0.010844,-1.980273,-3.929301
1.800000,-0.010976,-1.986851,-3.886545
1.801000,-0.010713,-1.993100,-3.820766
1.802000,-0.010449,-1.999020,-3.758275
1.803000,-0.010416,-2.004940,-3.711572
1.804000,-0.010449,-2.011189,-3.668158
1.805000,-0.010350,-2.017109,-3.598761
1.806000,-0.010219,-2.023029,-3.537258
1.807000,-0.009856,-2.028620,-3.489239
1.808000,-0.009922,-2.034540,-3.447469
1.809000,-0.009922,-2.039803,-3.373139
1.810000,-0.009725,-2.045723,-3.313280
1.811000,-0.009560,-2.051314,-3.263288
1.812000,-0.009363,-2.056905,-3.223821
1.813000,-0.009132,-2.062167,-3.149162
1.814000,-0.009132,-2.067430,-3.094236
1.815000,-0.009000,-2.072363,-3.045889
1.816000,-0.008934,-2.077296,-3.006422
1.817000,-0.008737,-2.082230,-2.926171
1.818000,-0.008342,-2.088150,-2.872233
1.819000,-0.008506,-2.092426,-2.824214
1.820000,-0.008473,-2.097359,-2.783431
1.821000,-0.008408,-2.102292,-2.699563
1.822000,-0.008045,-2.105910,-2.644309
1.823000,-0.007881,-2.111172,-2.597277
1.824000,-0.007749,-2.115777,-2.556494
1.825000,-0.007683,-2.119395,-2.471969
1.826000,-0.007650,-2.123999,-2.416386
1.827000,-0.007584,-2.127617,-2.369354
1.828000,-0.007189,-2.132551,-2.321664
1.829000,-0.006662,-2.136168,-2.240428
1.830000,-0.007058,-2.140444,-2.185831
1.831000,-0.007025,-2.144062,-2.139786
1.832000,-0.007420,-2.148009,-2.089466
1.833000,-0.006366,-2.151626,-2.010202
1.834000,-0.006728,-2.155244,-1.955277
1.835000,-0.007025,-2.158862,-1.908574
1.836000,-0.006992,-2.162151,-1.849373
1.837000,-0.006531,-2.166098,-1.778333
1.838000,-0.003995,-2.165440,-1.724723
1.839000,-0.006695,-2.172018,-1.677362
1.840000,-0.005740,-2.173991,-1.612899
1.841000,-0.003534,-2.173991,-1.543503
1.842000,-0.002941,-2.176951,-1.494827
1.843000,-0.002513,-2.179911,-1.449769
1.844000,-0.005246,-2.184516,-1.376426
1.845000,-0.002876,-2.185831,-1.315909
1.846000,-0.006992,-2.192409,-1.262958
1.847000,-0.007288,-2.194711,-1.217571
1.848000,-0.006893,-2.196685,-1.146530
1.849000,-0.002349,-2.194383,-1.075818
1.850000,-0.003501,-2.197671,-1.024511
1.851000,-0.005642,-2.202605,-0.989977
1.852000,-0.007189,-2.204578,-0.911372
1.853000,-0.003699,-2.202605,-0.842633
1.854000,-0.006827,-2.207867,-0.803166
1.855000,-0.006629,-2.208854,-0.756464
1.856000,-0.006959,-2.211156,-0.679832
1.857000,0.002623,-2.202276,-0.611422
1.858000,-0.001361,-2.205236,-0.567351
1.859000,0.003545,-2.203920,-0.517030
1.860000,0.003776,-2.204578,-0.433492
1.861000,-0.000834,-2.214774,-0.391065
1.862000,0.003578,-2.208196,-0.335482
1.863000,0.003545,-2.214116,-0.301606
1.864000,0.002755,-2.213787,-0.201623
1.865000,0.000483,-2.209512,-0.152947
1.866000,-0.000307,-2.211156,-0.103943
1.867000,-0.000208,-2.211156,-0.064476
1.868000,-0.000044,-2.210498,0.021694
1.869000,0.000187,-2.210169,0.076290
1.870000,0.000582,-2.209841,0.124308
1.871000,0.000450,-2.209183,0.164104
1.872000,0.004336,-2.210498,0.251918
1.873000,0.004072,-2.207209,0.303554
1.874000,-0.000933,-2.203592,0.359136
1.875000,0.004270,-2.205565,0.399590
1.876000,-0.001032,-2.205236,0.478524
1.877000,-0.000834,-2.204578,0.534764
1.878000,0.004467,-2.198000,0.585742
1.879000,0.000318,-2.199316,0.638694
1.880000,0.002525,-2.195698,0.716312
1.881000,0.005027,-2.192409,0.764001
1.882000,0.004764,-2.191094,0.806757
1.883000,0.003513,-2.190765,0.870562
1.884000,0.002525,-2.187476,0.943246
1.885000,0.003447,-2.184845,0.994225
1.886000,0.004467,-2.181227,1.038625
1.887000,0.004566,-2.178925,1.102430
1.888000,0.004632,-2.175307,1.171168
1.889000,0.004764,-2.171689,1.219843
1.890000,0.004797,-2.168071,1.263915
1.891000,0.005225,-2.165440,1.332982
1.892000,0.005818,-2.161822,1.398431
1.893000,0.006081,-2.157546,1.447436
1.894000,0.005982,-2.153929,1.489863
1.895000,0.006081,-2.149653,1.560245
1.896000,0.006575,-2.145049,1.620103
1.897000,0.006772,-2.141102,1.667792
1.898000,0.007003,-2.136497,1.706601
1.899000,0.007365,-2.131235,1.782575
1.900000,0.007398,-2.127288,1.840788
1.901000,0.007530,-2.122026,1.888478
1.902000,0.007991,-2.116764,1.928273
1.903000,0.008320,-2.111501,2.006878
1.904000,0.008551,-2.105910,2.061803
1.905000,0.008551,-2.100648,2.109163
1.906000,0.008748,-2.095057,2.149287
1.907000,0.009077,-2.088479,2.228221
1.908000,0.009506,-2.083217,2.283474
1.909000,0.009703,-2.077625,2.328532
1.910000,0.009703,-2.071048,2.367999
1.911000,0.009934,-2.064799,2.448248
1.912000,0.010098,-2.057892,2.501200
1.913000,0.010362,-2.051643,2.543955
1.914000,0.010460,-2.044736,2.581449
1.915000,0.010889,-2.037829,2.665316
1.916000,0.010856,-2.030923,2.716951
1.917000,0.011152,-2.023687,2.760036
1.918000,0.011284,-2.016780,2.804107
1.919000,0.011712,-2.009216,2.879094
1.920000,0.011745,-2.001980,2.929085
1.921000,0.011942,-1.994415,2.969868
1.922000,0.011975,-1.986851,3.018543
1.923000,0.012304,-1.979286,3.091886
1.924000,0.012535,-1.971064,3.139246
1.925000,0.012667,-1.963499,3.180028
1.926000,0.012765,-1.955606,3.234624
1.927000,0.012930,-1.947055,3.303033
1.928000,0.013029,-1.938832,3.348420
1.929000,0.013259,-1.930939,3.388544
1.930000,0.013424,-1.922388,3.446758
1.931000,0.013622,-1.914165,3.510233
1.932000,0.013687,-1.904956,3.555620
1.933000,0.013720,-1.896734,3.594100
1.934000,0.014083,-1.887525,3.658563
1.935000,0.014148,-1.878645,3.718749
1.936000,0.014346,-1.869765,3.762821
1.937000,0.014412,-1.860556,3.800314
1.938000,0.014445,-1.852005,3.870368
1.939000,0.014544,-1.842796,3.926279
1.940000,0.014807,-1.833258,3.969692
1.941000,0.014906,-1.824378,4.005212
1.942000,0.015038,-1.815169,4.076581
1.943000,0.015103,-1.806289,4.130519
1.944000,0.015235,-1.796751,4.173933
1.945000,0.015334,-1.786884,4.209453
1.946000,0.015499,-1.776688,4.283124
1.947000,0.015663,-1.767479,4.334431
1.948000,0.015597,-1.757941,4.377515
1.949000,0.015564,-1.747417,4.412049
1.950000,0.015828,-1.737550,4.488022
1.951000,0.015992,-1.728012,4.538342
1.952000,0.016058,-1.718474,4.578467
1.953000,0.015992,-1.708278,4.613658
1.954000,0.016190,-1.698083,4.689631
1.955000,0.016190,-1.688545,4.740609
1.956000,0.016289,-1.678349,4.779089
1.957000,0.016289,-1.667825,4.813623
1.958000,0.016453,-1.657958,4.891899
1.959000,0.016453,-1.647433,4.939916
1.960000,0.016618,-1.637238,4.977081
1.961000,0.016585,-1.627371,5.016219
1.962000,0.016849,-1.617175,5.092850
1.963000,0.016750,-1.606322,5.136263
1.964000,0.016618,-1.595797,5.174415
1.965000,0.016783,-1.585601,5.220788
1.966000,0.017046,-1.574748,5.288539
1.967000,0.017013,-1.564223,5.331624
1.968000,0.017079,-1.554028,5.370104
1.969000,0.017112,-1.543832,5.421082
1.970000,0.017178,-1.532979,5.483571
1.971000,0.017277,-1.521796,5.524682
1.972000,0.017375,-1.511272,5.560860
1.973000,0.017343,-1.501405,5.617758
1.974000,0.017310,-1.490222,5.674985
1.975000,0.017474,-1.479369,5.715438
1.976000,0.017441,-1.468516,5.750300
1.977000,0.017639,-1.457991,5.810816
1.978000,0.017672,-1.447795,5.865412
1.979000,0.017639,-1.436942,5.905536
1.980000,0.017540,-1.425760,5.937439
1.981000,0.017672,-1.415235,5.999270
1.982000,0.017836,-1.403395,6.045972
1.983000,0.017804,-1.392870,6.084452
1.984000,0.017705,-1.382017,6.115039
1.985000,0.017705,-1.371163,6.180817
1.986000,0.017869,-1.359981,6.227519
1.987000,0.017836,-1.348799,6.262710
1.988000,0.017968,-1.338274,6.291653
1.989000,0.017968,-1.326763,6.360062
1.990000,0.018034,-1.316238,6.404462
1.991000,0.017968,-1.304727,6.438666
1.992000,0.018034,-1.294202,6.466622
1.993000,0.018199,-1.282691,6.535031
1.994000,0.018265,-1.271838,6.577458
1.995000,0.018166,-1.260655,6.610018
1.996000,0.018100,-1.249473,6.639947
1.997000,0.018232,-1.238291,6.706712
1.998000,0.018330,-1.227108,6.748152
1.999000,0.018363,-1.215926,6.779396
2.000000,0.018199,-1.204415,6.806365
2.001000,0.018462,-1.193233,6.876748
2.002000,0.018297,-1.181721,6.915886
2.003000,0.018396,-1.170210,6.945157
2.004000,0.018462,-1.159685,6.974428
2.005000,0.018594,-1.147516,7.038891
2.006000,0.018462,-1.136992,7.074082
2.007000,0.018396,-1.125152,7.104011
2.008000,0.018495,-1.113969,7.140189
2.009000,0.018627,-1.102787,7.197744
2.010000,0.018758,-1.090947,7.231291
2.011000,0.018627,-1.079765,7.261549
2.012000,0.018594,-1.068582,7.304305
2.013000,0.018627,-1.056413,7.355283
2.014000,0.018824,-1.045231,7.387843
2.015000,0.018857,-1.033720,7.415141
2.016000,0.018857,-1.022537,7.460199
2.017000,0.018791,-1.011355,7.503941
2.018000,0.018791,-0.999186,7.535844
2.019000,0.018791,-0.987675,7.561168
2.020000,0.018956,-0.976821,7.608528
2.021000,0.018989,-0.964981,7.649311
2.022000,0.018989,-0.953141,7.680555
2.023000,0.018923,-0.941630,7.703249
2.024000,0.018890,-0.930448,7.754556
2.025000,0.019088,-0.918607,7.790405
2.026000,0.019055,-0.906438,7.818689
2.027000,0.019219,-0.894927,7.840725
2.028000,0.019121,-0.883416,7.893018
2.029000,0.019121,-0.871576,7.929525
2.030000,0.019154,-0.859736,7.954521
2.031000,0.019154,-0.848225,7.976886
2.032000,0.019351,-0.836056,8.025890
2.033000,0.019285,-0.824873,8.059766
2.034000,0.019219,-0.813033,8.083117
2.035000,0.019219,-0.801193,8.103179
2.036000,0.019318,-0.789024,8.154486
2.037000,0.019219,-0.777513,8.184744
2.038000,0.019285,-0.765673,8.206122
2.039000,0.019219,-0.753504,8.222896
2.040000,0.019351,-0.741992,8.275518
2.041000,0.019384,-0.730152,8.303803
2.042000,0.019549,-0.717983,8.325838
2.043000,0.019417,-0.706472,8.341954
2.044000,0.019450,-0.694303,8.391617
2.045000,0.019450,-0.682134,8.419572
2.046000,0.019549,-0.670294,8.439306
2.047000,0.019516,-0.658783,8.454764
2.048000,0.019549,-0.646614,8.503439
2.049000,0.019582,-0.635431,8.528435
2.050000,0.019549,-0.622934,8.547182
2.051000,0.019680,-0.610765,8.568889
2.052000,0.019648,-0.598924,8.609671
2.053000,0.019648,-0.586755,8.633022
2.054000,0.019582,-0.575244,8.649138
2.055000,0.019582,-0.563075,8.676107
2.056000,0.019713,-0.550248,8.708010
2.057000,0.019812,-0.538408,8.729387
2.058000,0.019779,-0.526897,8.743859
2.059000,0.019779,-0.514728,8.772801
2.060000,0.019878,-0.502230,8.804375
2.061000,0.019812,-0.490390,8.822792
2.062000,0.019878,-0.478221,8.836606
2.063000,0.019845,-0.466381,8.868508
2.064000,0.019812,-0.454870,8.892517
2.065000,0.019878,-0.441385,8.911922
2.066000,0.019911,-0.430203,8.923762
2.067000,0.019977,-0.418363,8.951718
2.068000,0.020043,-0.406194,8.973753
2.069000,0.019878,-0.394025,8.987896
2.070000,0.019944,-0.381527,8.999736
2.071000,0.019944,-0.369687,9.029994
2.072000,0.019878,-0.357518,9.050056
2.073000,0.020109,-0.344691,9.061567
2.074000,0.019944,-0.332851,9.072092
2.075000,0.020043,-0.321011,9.102021
2.076000,0.019944,-0.308184,9.121754
2.077000,0.020076,-0.296015,9.131621
2.078000,0.020043,-0.283846,9.138857
2.079000,0.020141,-0.271677,9.170430
2.080000,0.020010,-0.259837,9.185888
2.081000,0.020109,-0.247668,9.194768
2.082000,0.020010,-0.235499,9.202662
2.083000,0.020174,-0.222344,9.231275
2.084000,0.020109,-0.211161,9.244431
2.085000,0.020141,-0.198992,9.253640
2.086000,0.020076,-0.186494,9.258244
2.087000,0.020141,-0.173996,9.286529
2.088000,0.020174,-0.161499,9.298369
2.089000,0.020141,-0.149658,9.307249
2.090000,0.020174,-0.137818,9.314814
2.091000,0.020141,-0.124663,9.334547
2.092000,0.020273,-0.112494,9.344743
2.093000,0.020141,-0.100654,9.350334
2.094000,0.020174,-0.088485,9.357898
2.095000,0.020076,-0.075658,9.376645
2.096000,0.020141,-0.063818,9.385525
2.097000,0.020174,-0.051320,9.391116
2.098000,0.020339,-0.039151,9.400654
2.099000,0.020240,-0.026982,9.414468
2.100000,0.020273,-0.015142,9.421375
2.101000,0.020207,-0.002973,9.424663
2.102000,0.020207,0.009525,9.434859
2.103000,0.020174,0.022352,9.445712
2.104000,0.020207,0.034521,9.450646
2.105000,0.020174,0.046690,9.451961
2.106000,0.020174,0.058530,9.462157
2.107000,0.020141,0.070370,9.470708
2.108000,0.020174,0.083197,9.473997
2.109000,0.020240,0.096023,9.473668
2.110000,0.020339,0.107863,9.481233
2.111000,0.020174,0.120361,9.487153
2.112000,0.020174,0.132530,9.488468
2.113000,0.020207,0.144699,9.487811
2.114000,0.020240,0.156539,9.495375
2.115000,0.020240,0.169695,9.499322
2.116000,0.020207,0.181535,9.499651
2.117000,0.020109,0.193704,9.497348
2.118000,0.020174,0.205544,9.502940
2.119000,0.020174,0.218371,9.504913
2.120000,0.020207,0.230211,9.502282
2.121000,0.020174,0.242380,9.498664
2.122000,0.020076,0.254549,9.499322
2.123000,0.020109,0.266389,9.496362
2.124000,0.020076,0.279216,9.492744
2.125000,0.020109,0.291056,9.485179
2.126000,0.020043,0.303225,9.477944
2.127000,0.020109,0.315723,9.469064
2.128000,0.019977,0.327892,9.462815
2.129000,0.020010,0.340061,9.452290
2.130000,0.020076,0.352230,9.442095
2.131000,0.020010,0.364070,9.431570
2.132000,0.019977,0.376568,9.422032
2.133000,0.019845,0.387750,9.410850
2.134000,0.019878,0.400248,9.399668
2.135000,0.019911,0.412417,9.389801
2.136000,0.019845,0.424257,9.377303
2.137000,0.019812,0.436426,9.367107
2.138000,0.019648,0.447937,9.354281
2.139000,0.019746,0.459777,9.344743
2.140000,0.019680,0.472275,9.332903
2.141000,0.019845,0.484444,9.322378
2.142000,0.019845,0.496284,9.310209
2.143000,0.019713,0.508453,9.298040
2.144000,0.019648,0.519635,9.287516
2.145000,0.019615,0.532133,9.276333
2.146000,0.019779,0.543644,9.264164
2.147000,0.019648,0.555484,9.251995
2.148000,0.019648,0.567653,9.241800
2.149000,0.019582,0.579164,9.228644
2.150000,0.019549,0.591333,9.217133
2.151000,0.019516,0.602845,9.205951
2.152000,0.019648,0.615342,9.195097
2.153000,0.019615,0.626525,9.183257
2.154000,0.019516,0.638365,9.172404
2.155000,0.019549,0.650534,9.159577
2.156000,0.019450,0.662045,9.149381
2.157000,0.019483,0.674214,9.136883
2.158000,0.019417,0.686383,9.125701
2.159000,0.019516,0.697236,9.114848
2.160000,0.019549,0.708418,9.101363
2.161000,0.019384,0.720587,9.091497
2.162000,0.019384,0.732756,9.079328
2.163000,0.019417,0.744925,9.068474
2.164000,0.019483,0.756108,9.056634
2.165000,0.019384,0.767619,9.045123
2.166000,0.019252,0.779459,9.031309
2.167000,0.019318,0.790970,9.022758
2.168000,0.019351,0.802481,9.010260
2.169000,0.019285,0.814650,8.999078
2.170000,0.019285,0.825832,8.987567
2.171000,0.019252,0.837673,8.975727
2.172000,0.019219,0.848855,8.963887
2.173000,0.019187,0.861353,8.947442
2.174000,0.019219,0.872864,8.934287
2.175000,0.019285,0.884375,8.917513
2.176000,0.019187,0.895557,8.905344
2.177000,0.019121,0.907068,8.879033
2.178000,0.019088,0.918909,8.861273
2.179000,0.019055,0.930091,8.843513
2.180000,0.019055,0.942260,8.826081
2.181000,0.019121,0.953771,8.796481
2.182000,0.019055,0.964624,8.774445
2.183000,0.018824,0.976136,8.755041
2.184000,0.018791,0.987647,8.733334
2.185000,0.018824,0.998829,8.704063
2.186000,0.018824,1.010340,8.680383
2.187000,0.018824,1.021851,8.660320
2.188000,0.018726,1.032047,8.633351
2.189000,0.018627,1.044216,8.604080
2.190000,0.018660,1.055398,8.580400
2.191000,0.018660,1.066252,8.559351
2.192000,0.018693,1.077434,8.529093
2.193000,0.018429,1.088287,8.498506
2.194000,0.018528,1.100127,8.473510
2.195000,0.018396,1.111638,8.451804
2.196000,0.018561,1.121834,8.418914
2.197000,0.018330,1.132687,8.386354
2.198000,0.018330,1.144528,8.360043
2.199000,0.018232,1.155052,8.337678
2.200000,0.018133,1.165248,8.300843
2.201000,0.018100,1.177417,8.268940
2.202000,0.018166,1.187612,8.241642
2.203000,0.018199,1.198794,8.216976
2.204000,0.018034,1.209977,8.178824
2.205000,0.017968,1.220501,8.145935
2.206000,0.017869,1.231026,8.119295
2.207000,0.017968,1.241879,8.093971
2.208000,0.017968,1.253390,8.049570
2.209000,0.017869,1.263586,8.017010
2.210000,0.017672,1.274439,7.987739
2.211000,0.017705,1.284964,7.963730
2.212000,0.017639,1.295488,7.915383
2.213000,0.017705,1.306671,7.883152
2.214000,0.017606,1.316537,7.853223
2.215000,0.017540,1.327062,7.828885
2.216000,0.017408,1.337257,7.778236
2.217000,0.017408,1.348111,7.744689
2.218000,0.017343,1.358306,7.714431
2.219000,0.017441,1.369160,7.689106
2.220000,0.017277,1.379355,7.635826
2.221000,0.017112,1.389880,7.599319
2.222000,0.017178,1.399747,7.569719
2.223000,0.016980,1.410600,7.539461
2.224000,0.017112,1.420467,7.486839
2.225000,0.016980,1.430333,7.450990
2.226000,0.016914,1.440858,7.421719
2.227000,0.016849,1.451053,7.384554
2.228000,0.016750,1.460920,7.336865
2.229000,0.016684,1.471445,7.300687
2.230000,0.016750,1.481311,7.269443
2.231000,0.016585,1.490191,7.227345
2.232000,0.016453,1.500387,7.181300
2.233000,0.016552,1.510583,7.144464
2.234000,0.016552,1.520120,7.115193
2.235000,0.016355,1.529987,7.064873
2.236000,0.016256,1.540183,7.019486
2.237000,0.016322,1.549392,6.979690
2.238000,0.016157,1.558929,6.950748
2.239000,0.016223,1.569454,6.898126
2.240000,0.015992,1.578334,6.852081
2.241000,0.016091,1.587872,6.814259
2.242000,0.015927,1.597739,6.783672
2.243000,0.015663,1.606947,6.727432
2.244000,0.015795,1.617143,6.682374
2.245000,0.015729,1.626023,6.643565
2.246000,0.015729,1.635561,6.611991
2.247000,0.015564,1.644770,6.554107
2.248000,0.015466,1.653979,6.507076
2.249000,0.015466,1.663188,6.469911
2.250000,0.015466,1.671739,6.433733
2.251000,0.015301,1.681606,6.374862
2.252000,0.015202,1.690814,6.327173
2.253000,0.015070,1.699695,6.291324
2.254000,0.015136,1.708575,6.255475
2.255000,0.014906,1.717455,6.190684
2.256000,0.015038,1.726006,6.143652
2.257000,0.014807,1.735544,6.107474
2.258000,0.014807,1.743766,6.071954
2.259000,0.014379,1.752646,6.003216
2.260000,0.014642,1.760868,5.956185
2.261000,0.014577,1.770406,5.917705
2.262000,0.014577,1.779286,5.884816
2.263000,0.014313,1.787837,5.813118
2.264000,0.014214,1.796059,5.769047
2.265000,0.014313,1.803953,5.729580
2.266000,0.014280,1.813162,5.692745
2.267000,0.013984,1.820397,5.619731
2.268000,0.013786,1.829277,5.573687
2.269000,0.013852,1.837500,5.534220
2.270000,0.013753,1.845722,5.486860
2.271000,0.013852,1.853944,5.420424
2.272000,0.013687,1.862166,5.374708
2.273000,0.013490,1.869731,5.335899
2.274000,0.013457,1.877953,5.281633
2.275000,0.013424,1.885846,5.219144
2.276000,0.013259,1.893740,5.172441
2.277000,0.013194,1.901633,5.134619
2.278000,0.013062,1.909198,5.074103
2.279000,0.012963,1.916433,5.015561
2.280000,0.012864,1.923998,4.971819
2.281000,0.012765,1.932220,4.932681
2.282000,0.012733,1.940113,4.867890
2.283000,0.012535,1.947349,4.810005
2.284000,0.012601,1.954584,4.762974
2.285000,0.012403,1.961820,4.723836
2.286000,0.012304,1.969056,4.655427
2.287000,0.012173,1.976291,4.596885
2.288000,0.012107,1.983856,4.552156
2.289000,0.012107,1.990105,4.511702
2.290000,0.011876,1.997011,4.441320
2.291000,0.011745,2.004247,4.387382
2.292000,0.011679,2.012140,4.342653
2.293000,0.011712,2.018718,4.300555
2.294000,0.011613,2.024967,4.227542
2.295000,0.011382,2.031545,4.171959
2.296000,0.011152,2.038123,4.125586
2.297000,0.011152,2.044700,4.086777
2.298000,0.010921,2.051278,4.008830
2.299000,0.010987,2.057527,3.953906
2.300000,0.010856,2.063776,3.908519
2.301000,0.010823,2.070354,3.868723
2.302000,0.010526,2.076603,3.787487
2.303000,0.010428,2.082523,3.734865
2.304000,0.010493,2.088772,3.688821
2.305000,0.010395,2.095021,3.649683
2.306000,0.010164,2.100941,3.562527
2.307000,0.009967,2.106203,3.512865
2.308000,0.009901,2.112123,3.468136
2.309000,0.009736,2.118372,3.425051
2.310000,0.009769,2.123634,3.341842
2.311000,0.009473,2.128896,3.288891
2.312000,0.009407,2.134158,3.243833
2.313000,0.009209,2.140078,3.192855
2.314000,0.009110,2.145341,3.118855
2.315000,0.008946,2.150274,3.067219
2.316000,0.009012,2.155536,3.024134
2.317000,0.008847,2.160470,2.965921
2.318000,0.008452,2.165732,2.896196
2.319000,0.008452,2.170336,2.844561
2.320000,0.008452,2.175927,2.800161
2.321000,0.008452,2.180532,2.735369
2.322000,0.008155,2.185136,2.667947
2.323000,0.007760,2.189741,2.615653
2.324000,0.007760,2.194674,2.573884
2.325000,0.007760,2.198950,2.502844
2.326000,0.007662,2.203225,2.438053
2.327000,0.007431,2.207172,2.388719
2.328000,0.007003,2.211448,2.344319
2.329000,0.006904,2.215065,2.270648
2.330000,0.006904,2.219012,2.208816
2.331000,0.006871,2.222959,2.159812
2.332000,0.006805,2.226577,2.114754
2.333000,0.006344,2.230194,2.038451
2.334000,0.006213,2.233483,1.977278
2.335000,0.006213,2.237759,1.927944
2.336000,0.006213,2.241377,1.884860
2.337000,0.005949,2.244337,1.804939
2.338000,0.005653,2.247625,1.745739
2.339000,0.005159,2.250257,1.696406
2.340000,0.005324,2.253546,1.654965
2.341000,0.005521,2.255848,1.571427
2.342000,0.004928,2.258479,1.514200
2.343000,0.004863,2.261768,1.464867
2.344000,0.004632,2.264070,1.423427
2.345000,0.004237,2.266701,1.337915
2.346000,0.004632,2.269332,1.282004
2.347000,0.004072,2.270648,1.233657
2.348000,0.004072,2.273279,1.192217
2.349000,0.004039,2.277226,1.103087
2.350000,0.003611,2.276239,1.047834
2.351000,0.005258,2.279528,0.997842
2.352000,0.005027,2.280514,0.955087
2.353000,0.000681,2.280843,0.872206
2.354000,0.004204,2.286763,0.817939
2.355000,0.002689,2.283803,0.768934
2.356000,0.004303,2.289066,0.720587
2.357000,0.001800,2.286763,0.634089
2.358000,0.004731,2.291039,0.591004
2.359000,0.005357,2.293012,0.545289
2.360000,0.000747,2.291697,0.482142
2.361000,-0.000538,2.293012,0.410114
2.362000,0.005389,2.291368,0.350914
2.363000,0.004764,2.291697,0.303225
2.364000,0.003809,2.289395,0.246984
2.365000,0.001372,2.293670,0.173971
2.366000,0.000450,2.292355,0.124637
2.367000,0.000351,2.292355,0.080894
2.368000,0.000121,2.292026,0.011169
2.369000,-0.000208,2.291697,-0.052964
2.370000,-0.000472,2.291039,-0.106903
2.371000,-0.000867,2.291039,-0.147027
2.372000,0.000187,2.288079,-0.225961
2.373000,-0.005938,2.290710,-0.275953
2.374000,0.002360,2.292683,-0.330220
2.375000,-0.005543,2.280843,-0.386789
2.376000,-0.006728,2.283146,-0.457830
2.377000,-0.001822,2.281501,-0.512097
2.378000,-0.005510,2.280186,-0.567680
2.379000,-0.005806,2.276239,-0.606818
2.380000,0.001405,2.282817,-0.679503
2.381000,-0.001328,2.278541,-0.744295
2.382000,-0.001690,2.276239,-0.791655
2.383000,0.000351,2.276239,-0.829149
2.384000,-0.003765,2.269003,-0.915647
2.385000,-0.006103,2.263412,-0.971559
2.386000,-0.001493,2.267359,-1.015631
2.387000,-0.001822,2.264399,-1.057071
2.388000,-0.002382,2.260781,-1.139294
2.389000,-0.003402,2.256177,-1.192904
2.390000,-0.003205,2.253217,-1.241580
2.391000,-0.004160,2.248941,-1.281705
2.392000,-0.005839,2.245323,-1.364257
2.393000,-0.006333,2.241048,-1.418524
2.394000,-0.005675,2.237101,-1.464898
2.395000,-0.006103,2.232497,-1.505352
2.396000,-0.006662,2.228550,-1.591193
2.397000,-0.006794,2.224274,-1.643815
2.398000,-0.006992,2.219670,-1.688545
2.399000,-0.007156,2.215394,-1.736892
2.400000,-0.007288,2.210790,-1.814182
2.401000,-0.007650,2.205856,-1.864831
2.402000,-0.007914,2.200923,-1.907916
2.403000,-0.008078,2.195332,-1.961526
2.404000,-0.008276,2.190070,-2.034211
2.405000,-0.008473,2.184479,-2.084861
2.406000,-0.008770,2.178887,-2.127617
2.407000,-0.009066,2.173296,-2.187147
2.408000,-0.009527,2.167047,-2.254899
2.409000,-0.009395,2.161785,-2.306206
2.410000,-0.009593,2.155207,-2.348305
2.411000,-0.009824,2.148958,-2.413426
2.412000,-0.010087,2.142710,-2.476902
2.413000,-0.010614,2.135803,-2.524263
2.414000,-0.010680,2.129554,-2.566361
2.415000,-0.010581,2.123305,-2.634442
2.416000,-0.010976,2.116398,-2.694959
2.417000,-0.011207,2.108834,-2.741333
2.418000,-0.011536,2.101598,-2.781129
2.419000,-0.011668,2.094363,-2.850526
2.420000,-0.011668,2.086798,-2.910056
2.421000,-0.011799,2.079563,-2.955772
2.422000,-0.012063,2.071340,-2.993924
2.423000,-0.012392,2.064434,-3.067267
2.424000,-0.012491,2.056540,-3.123179
2.425000,-0.012622,2.048318,-3.166922
2.426000,-0.012524,2.040096,-3.205732
2.427000,-0.013050,2.032203,-3.282035
2.428000,-0.013149,2.023980,-3.334987
2.429000,-0.013413,2.015429,-3.378730
2.430000,-0.013281,2.007865,-3.413922
2.431000,-0.013610,1.998985,-3.492528
2.432000,-0.013775,1.990433,-3.544165
2.433000,-0.013940,1.981225,-3.586263
2.434000,-0.014137,1.972673,-3.621784
2.435000,-0.014104,1.963464,-3.703021
2.436000,-0.014269,1.955242,-3.752026
2.437000,-0.014335,1.946362,-3.795112
2.438000,-0.014631,1.937153,-3.830304
2.439000,-0.014796,1.927615,-3.911212
2.440000,-0.014796,1.919064,-3.957915
2.441000,-0.014763,1.909198,-3.998698
2.442000,-0.014894,1.899989,-4.043099
2.443000,-0.015092,1.890780,-4.117430
2.444000,-0.015323,1.881242,-4.163804
2.445000,-0.015388,1.871704,-4.202943
2.446000,-0.015454,1.862166,-4.253593
2.447000,-0.015520,1.852957,-4.321345
2.448000,-0.015619,1.842104,-4.367062
2.449000,-0.015784,1.832895,-4.405872
2.450000,-0.015816,1.823028,-4.462113
2.451000,-0.016080,1.813491,-4.524603
2.452000,-0.015915,1.803624,-4.569662
2.453000,-0.016047,1.793757,-4.606170
2.454000,-0.016376,1.783562,-4.666687
2.455000,-0.016376,1.773366,-4.725888
2.456000,-0.016475,1.762184,-4.770618
2.457000,-0.016409,1.752975,-4.806468
2.458000,-0.016343,1.742779,-4.870274
2.459000,-0.016574,1.732912,-4.925857
2.460000,-0.016640,1.722059,-4.967298
2.461000,-0.016804,1.712521,-5.003806
2.462000,-0.016771,1.701339,-5.069586
2.463000,-0.016771,1.691143,-5.121880
2.464000,-0.016804,1.681606,-5.163321
2.465000,-0.016870,1.670752,-5.198842
2.466000,-0.017068,1.659899,-5.266595
2.467000,-0.017167,1.649045,-5.318232
2.468000,-0.017068,1.639179,-5.358358
2.469000,-0.017002,1.628325,-5.392234
2.470000,-0.017068,1.618130,-5.463934
2.471000,-0.017232,1.607276,-5.510638
2.472000,-0.017430,1.596094,-5.549447
2.473000,-0.017397,1.586227,-5.582008
2.474000,-0.017364,1.576032,-5.656011
2.475000,-0.017463,1.564521,-5.701727
2.476000,-0.017463,1.553667,-5.738564
2.477000,-0.017496,1.542814,-5.770138
2.478000,-0.017628,1.532618,-5.846114
2.479000,-0.017628,1.521107,-5.889857
2.480000,-0.017562,1.510583,-5.925707
2.481000,-0.017628,1.499071,-5.954979
2.482000,-0.017792,1.488218,-6.028982
2.483000,-0.017759,1.477694,-6.069107
2.484000,-0.017792,1.466840,-6.102326
2.485000,-0.017693,1.455658,-6.137518
2.486000,-0.017825,1.445133,-6.205272
2.487000,-0.017858,1.433951,-6.245069
2.488000,-0.017825,1.423427,-6.278945
2.489000,-0.018023,1.412244,-6.321373
2.490000,-0.018056,1.400733,-6.381891
2.491000,-0.017825,1.389551,-6.421688
2.492000,-0.017957,1.379026,-6.452933
2.493000,-0.018220,1.367515,-6.501610
2.494000,-0.018286,1.356333,-6.556208
2.495000,-0.018253,1.345151,-6.593373
2.496000,-0.018220,1.333968,-6.623632
2.497000,-0.017957,1.323444,-6.676914
2.498000,-0.018253,1.311275,-6.726578
2.499000,-0.018418,1.300093,-6.762757
2.500000,-0.018418,1.289239,-6.791043
2.501000,-0.018550,1.278386,-6.847613
2.502000,-0.018352,1.266875,-6.893988
2.503000,-0.018286,1.255364,-6.928523
2.504000,-0.018550,1.243852,-6.956808
2.505000,-0.018615,1.232670,-7.012393
2.506000,-0.018484,1.220830,-7.056137
2.507000,-0.018484,1.210306,-7.086395
2.508000,-0.018451,1.198794,-7.114681
2.509000,-0.018648,1.187612,-7.173554
2.510000,-0.018714,1.175772,-7.215325
2.511000,-0.018648,1.164590,-7.246899
2.512000,-0.018648,1.153408,-7.271238
2.513000,-0.018714,1.141239,-7.331098
2.514000,-0.018714,1.129070,-7.370237
2.515000,-0.018879,1.118216,-7.399510
2.516000,-0.018780,1.107034,-7.424177
2.517000,-0.018747,1.095523,-7.483051
2.518000,-0.018879,1.083683,-7.518901
2.519000,-0.018978,1.072500,-7.546529
2.520000,-0.018978,1.060660,-7.568565
2.521000,-0.019076,1.049149,-7.629741
2.522000,-0.018945,1.037967,-7.661973
2.523000,-0.018912,1.025469,-7.691246
2.524000,-0.018945,1.013958,-7.710322
2.525000,-0.019076,1.002447,-7.771498
2.526000,-0.019175,0.990278,-7.802415
2.527000,-0.019011,0.979096,-7.827411
2.528000,-0.019011,0.967584,-7.853066
2.529000,-0.019011,0.955744,-7.909637
2.530000,-0.019340,0.944233,-7.939896
2.531000,-0.019208,0.933051,-7.962919
2.532000,-0.019274,0.920882,-7.995481
2.533000,-0.019175,0.908713,-8.040211
2.534000,-0.019241,0.896544,-8.069155
2.535000,-0.019504,0.885033,-8.088889
2.536000,-0.019373,0.873522,-8.124739
2.537000,-0.019537,0.861682,-8.165195
2.538000,-0.019241,0.849842,-8.193151
2.539000,-0.019274,0.838001,-8.211899
2.540000,-0.019406,0.825832,-8.250709
2.541000,-0.019504,0.814321,-8.286889
2.542000,-0.019504,0.802481,-8.312543
2.543000,-0.019504,0.790312,-8.330633
2.544000,-0.019373,0.778801,-8.370430
2.545000,-0.019669,0.766632,-8.402663
2.546000,-0.019603,0.754792,-8.425028
2.547000,-0.019669,0.743610,-8.443118
2.548000,-0.019603,0.731112,-8.482916
2.549000,-0.019735,0.719601,-8.513832
2.550000,-0.019669,0.707103,-8.534225
2.551000,-0.019636,0.694276,-8.550999
2.552000,-0.019933,0.682765,-8.591454
2.553000,-0.019669,0.670596,-8.618424
2.554000,-0.019636,0.659085,-8.638487
2.555000,-0.019603,0.646587,-8.651972
2.556000,-0.019867,0.634747,-8.692099
2.557000,-0.019801,0.623236,-8.716109
2.558000,-0.019834,0.611067,-8.731896
2.559000,-0.019735,0.599556,-8.746039
2.560000,-0.019702,0.586729,-8.788139
2.561000,-0.019834,0.574560,-8.810504
2.562000,-0.019900,0.563049,-8.825963
2.563000,-0.019801,0.550551,-8.837803
2.564000,-0.019735,0.538382,-8.879574
2.565000,-0.019965,0.526871,-8.898980
2.566000,-0.019933,0.514373,-8.914767
2.567000,-0.020031,0.501875,-8.922990
2.568000,-0.020031,0.490035,-8.960485
2.569000,-0.019998,0.477866,-8.976930
2.570000,-0.019834,0.465368,-8.992718
2.571000,-0.019900,0.453528,-9.001927
2.572000,-0.020064,0.441359,-9.036462
2.573000,-0.020031,0.429190,-9.051921
2.574000,-0.020097,0.417021,-9.062445
2.575000,-0.019933,0.404523,-9.078891
2.576000,-0.019998,0.392354,-9.105861
2.577000,-0.020163,0.380514,-9.120991
2.578000,-0.020262,0.368016,-9.131516
2.579000,-0.019965,0.356505,-9.150592
2.580000,-0.019965,0.343678,-9.170984
2.581000,-0.020064,0.330852,-9.185785
2.582000,-0.020130,0.319669,-9.194008
2.583000,-0.020163,0.306843,-9.214729
2.584000,-0.020163,0.295003,-9.232161
2.585000,-0.020064,0.282834,-9.243344
2.586000,-0.020229,0.270336,-9.250251
2.587000,-0.020229,0.258496,-9.271301
2.588000,-0.020262,0.245998,-9.288075
2.589000,-0.020097,0.233500,-9.296297
2.590000,-0.020097,0.221331,-9.303533
2.591000,-0.020196,0.209162,-9.322610
2.592000,-0.020262,0.196993,-9.336424
2.593000,-0.020295,0.184824,-9.343002
2.594000,-0.020295,0.172984,-9.345962
2.595000,-0.020097,0.160486,-9.366683
2.596000,-0.020229,0.147659,-9.377866
2.597000,-0.020295,0.135161,-9.383457
2.598000,-0.020196,0.123321,-9.385760
2.599000,-0.020262,0.110823,-9.403521
2.600000,-0.020130,0.098654,-9.413388
2.601000,-0.020196,0.086814,-9.418650
2.602000,-0.020295,0.074317,-9.419966
2.603000,-0.020295,0.062148,-9.436740
2.604000,-0.020262,0.049979,-9.442989
2.605000,-0.020031,0.037481,-9.446936
2.606000,-0.020163,0.025970,-9.447594
2.607000,-0.020361,0.013143,-9.460421
2.608000,-0.020361,0.000974,-9.466013
2.609000,-0.020328,-0.011524,-9.468644
2.610000,-0.020196,-0.023364,-9.467328
2.611000,-0.020163,-0.036191,-9.478840
2.612000,-0.020459,-0.048360,-9.482787
2.613000,-0.020394,-0.061187,-9.481800
2.614000,-0.020130,-0.072698,-9.482787
2.615000,-0.020130,-0.085196,-9.491668
2.616000,-0.020163,-0.097365,-9.493312
2.617000,-0.020262,-0.109534,-9.491339
2.618000,-0.020328,-0.121374,-9.493641
2.619000,-0.020295,-0.134201,-9.498903
2.620000,-0.020031,-0.146041,-9.498903
2.621000,-0.020196,-0.158539,-9.496272
2.622000,-0.020328,-0.171036,-9.496272
2.623000,-0.020262,-0.182548,-9.499232
2.624000,-0.020130,-0.195046,-9.497588
2.625000,-0.020163,-0.207215,-9.494299
2.626000,-0.020196,-0.219712,-9.492325
2.627000,-0.020229,-0.231224,-9.493312
2.628000,-0.020262,-0.243393,-9.489365
2.629000,-0.019965,-0.255890,-9.486734
2.630000,-0.020064,-0.268059,-9.482129
2.631000,-0.020064,-0.280228,-9.479498
2.632000,-0.020163,-0.292069,-9.475222
2.633000,-0.020130,-0.304238,-9.468973
2.634000,-0.019965,-0.316407,-9.465684
2.635000,-0.019965,-0.328904,-9.461079
2.636000,-0.019998,-0.341073,-9.453843
2.637000,-0.020130,-0.352585,-9.445621
2.638000,-0.020097,-0.365411,-9.441345
2.639000,-0.019900,-0.377251,-9.435425
2.640000,-0.019801,-0.389092,-9.428846
2.641000,-0.019933,-0.401589,-9.418650
2.642000,-0.020031,-0.413430,-9.412730
2.643000,-0.020064,-0.424941,-9.402863
2.644000,-0.019933,-0.437110,-9.394311
2.645000,-0.019867,-0.449279,-9.384773
2.646000,-0.019834,-0.461448,-9.374248
2.647000,-0.019998,-0.473617,-9.363723
2.648000,-0.019998,-0.485128,-9.352869
2.649000,-0.019900,-0.497297,-9.342015
2.650000,-0.019768,-0.509795,-9.330832
2.651000,-0.019669,-0.521306,-9.319650
2.652000,-0.019768,-0.533475,-9.307480
2.653000,-0.019768,-0.545315,-9.298271
2.654000,-0.019768,-0.556826,-9.284786
2.655000,-0.019702,-0.568338,-9.272616
2.656000,-0.019669,-0.580507,-9.260776
2.657000,-0.019603,-0.592676,-9.250251
2.658000,-0.019735,-0.604187,-9.231832
2.659000,-0.019636,-0.616027,-9.217689
2.660000,-0.019570,-0.628196,-9.203546
2.661000,-0.019439,-0.639378,-9.189732
2.662000,-0.019504,-0.651547,-9.171971
2.663000,-0.019669,-0.663387,-9.156184
2.664000,-0.019735,-0.675227,-9.142041
2.665000,-0.019472,-0.687396,-9.124609
2.666000,-0.019472,-0.698579,-9.107506
2.667000,-0.019373,-0.710419,-9.090402
2.668000,-0.019504,-0.721930,-9.074615
2.669000,-0.019504,-0.733770,-9.054223
2.670000,-0.019307,-0.745281,-9.035475
2.671000,-0.019241,-0.756793,-9.017057
2.672000,-0.019109,-0.769290,-9.000611
2.673000,-0.019241,-0.780144,-8.978575
2.674000,-0.019373,-0.792313,-8.957196
2.675000,-0.019208,-0.803495,-8.937790
2.676000,-0.019208,-0.814678,-8.919701
2.677000,-0.019043,-0.826518,-8.896348
2.678000,-0.019109,-0.837700,-8.872009
2.679000,-0.019175,-0.849540,-8.852275
2.680000,-0.019142,-0.860722,-8.834185
2.681000,-0.018945,-0.871576,-8.804584
2.682000,-0.018813,-0.883087,-8.782218
2.683000,-0.018912,-0.894927,-8.761826
2.684000,-0.019076,-0.906438,-8.741434
2.685000,-0.019011,-0.917292,-8.710846
2.686000,-0.018846,-0.929132,-8.685849
2.687000,-0.018846,-0.939657,-8.663813
2.688000,-0.018714,-0.951826,-8.644407
2.689000,-0.018681,-0.962021,-8.609873
2.690000,-0.018648,-0.973861,-8.585205
2.691000,-0.018747,-0.984715,-8.562510
2.692000,-0.018615,-0.996226,-8.541460
2.693000,-0.018451,-1.007079,-8.504623
2.694000,-0.018418,-1.018262,-8.479626
2.695000,-0.018517,-1.029773,-8.454959
2.696000,-0.018418,-1.040626,-8.434567
2.697000,-0.018451,-1.051480,-8.394769
2.698000,-0.018418,-1.062662,-8.366155
2.699000,-0.018286,-1.073187,-8.343131
2.700000,-0.018220,-1.085685,-8.319779
2.701000,-0.018286,-1.095880,-8.275377
2.702000,-0.018418,-1.106734,-8.247092
2.703000,-0.018253,-1.116929,-8.222753
2.704000,-0.018089,-1.127125,-8.193480
2.705000,-0.017957,-1.138965,-8.154670
2.706000,-0.018023,-1.149819,-8.124082
2.707000,-0.018121,-1.160343,-8.099414
2.708000,-0.017990,-1.170868,-8.066524
2.709000,-0.017858,-1.181392,-8.026726
2.710000,-0.017825,-1.192246,-7.996467
2.711000,-0.017759,-1.203099,-7.969168
2.712000,-0.017891,-1.213953,-7.933318
2.713000,-0.017825,-1.224148,-7.891547
2.714000,-0.017595,-1.235002,-7.861946
2.715000,-0.017529,-1.245526,-7.833989
2.716000,-0.017265,-1.255722,-7.793534
2.717000,-0.017562,-1.266247,-7.754066
2.718000,-0.017562,-1.276771,-7.722491
2.719000,-0.017595,-1.286967,-7.695192
2.720000,-0.017364,-1.297163,-7.650133
2.721000,-0.017232,-1.307358,-7.610665
2.722000,-0.017101,-1.317883,-7.578432
2.723000,-0.017199,-1.328078,-7.550147
2.724000,-0.017167,-1.338274,-7.501140
2.725000,-0.017199,-1.348470,-7.462659
2.726000,-0.016837,-1.358994,-7.428782
2.727000,-0.016771,-1.368861,-7.401812
2.728000,-0.016738,-1.378728,-7.349845
2.729000,-0.016936,-1.389581,-7.311693
2.730000,-0.016870,-1.398133,-7.278474
2.731000,-0.016706,-1.409315,-7.252491
2.732000,-0.016541,-1.419182,-7.197564
2.733000,-0.016475,-1.428391,-7.157767
2.734000,-0.016508,-1.438257,-7.124548
2.735000,-0.016706,-1.448453,-7.094947
2.736000,-0.016541,-1.457662,-7.035745
2.737000,-0.016245,-1.467858,-6.994632
2.738000,-0.016179,-1.477067,-6.959769
2.739000,-0.016179,-1.486934,-6.930496
2.740000,-0.016245,-1.496800,-6.869321
2.741000,-0.016179,-1.505680,-6.828537
2.742000,-0.016047,-1.515547,-6.795647
2.743000,-0.016047,-1.524756,-6.755850
2.744000,-0.015816,-1.534623,-6.698950
2.745000,-0.015685,-1.543832,-6.659482
2.746000,-0.015784,-1.554028,-6.624948
2.747000,-0.015718,-1.562579,-6.586138
2.748000,-0.015685,-1.571459,-6.525620
2.749000,-0.015388,-1.580997,-6.484508
2.750000,-0.015421,-1.589877,-6.448000
2.751000,-0.015191,-1.599744,-6.403927
2.752000,-0.015323,-1.608624,-6.347027
2.753000,-0.015388,-1.617504,-6.303942
2.754000,-0.015191,-1.626055,-6.269078
2.755000,-0.015026,-1.634935,-6.219743
2.756000,-0.014960,-1.643487,-6.163502
2.757000,-0.014829,-1.652696,-6.121074
2.758000,-0.014993,-1.661576,-6.086210
2.759000,-0.014894,-1.670785,-6.027995
2.760000,-0.014763,-1.679007,-5.975700
2.761000,-0.014499,-1.687229,-5.934588
2.762000,-0.014401,-1.696438,-5.897751
2.763000,-0.014466,-1.705318,-5.838549
2.764000,-0.014466,-1.713541,-5.787570
2.765000,-0.014433,-1.721763,-5.746129
2.766000,-0.014368,-1.730314,-5.710279
2.767000,-0.013972,-1.738537,-5.646144
2.768000,-0.014005,-1.747088,-5.592533
2.769000,-0.013940,-1.754981,-5.550763
2.770000,-0.014005,-1.763204,-5.513598
2.771000,-0.013841,-1.771097,-5.446173
2.772000,-0.013742,-1.778990,-5.394865
2.773000,-0.013544,-1.787542,-5.353095
2.774000,-0.013577,-1.795764,-5.315930
2.775000,-0.013380,-1.803328,-5.244888
2.776000,-0.013380,-1.811222,-5.194238
2.777000,-0.013248,-1.819444,-5.150823
2.778000,-0.013314,-1.827009,-5.114316
2.779000,-0.012952,-1.833916,-5.039985
2.780000,-0.012886,-1.842138,-4.991966
2.781000,-0.013018,-1.849702,-4.948880
2.782000,-0.012787,-1.856609,-4.912044
2.783000,-0.012787,-1.864831,-4.834095
2.784000,-0.012622,-1.871738,-4.784761
2.785000,-0.012458,-1.879303,-4.742333
2.786000,-0.012458,-1.886867,-4.705496
2.787000,-0.012458,-1.893774,-4.622943
2.788000,-0.012491,-1.901339,-4.573280
2.789000,-0.012063,-1.907916,-4.530194
2.790000,-0.011964,-1.915152,-4.484149
2.791000,-0.011865,-1.922059,-4.411463
2.792000,-0.011799,-1.929295,-4.360813
2.793000,-0.011898,-1.935543,-4.319043
2.794000,-0.011766,-1.942779,-4.266091
2.795000,-0.011437,-1.949357,-4.196365
2.796000,-0.011207,-1.955606,-4.146701
2.797000,-0.011108,-1.962184,-4.104274
2.798000,-0.011075,-1.968433,-4.045073
2.799000,-0.011174,-1.975340,-3.978307
2.800000,-0.011009,-1.981260,-3.928972
2.801000,-0.010877,-1.987838,-3.886545
2.802000,-0.010647,-1.994415,-3.822739
2.803000,-0.010482,-2.000664,-3.759262
2.804000,-0.010515,-2.006584,-3.710915
2.805000,-0.010482,-2.012176,-3.666185
2.806000,-0.010252,-2.018753,-3.597446
2.807000,-0.010021,-2.023687,-3.537258
2.808000,-0.009725,-2.030594,-3.488910
2.809000,-0.009955,-2.035856,-3.446812
2.810000,-0.009725,-2.041776,-3.373139
2.811000,-0.009692,-2.047038,-3.312294
2.812000,-0.009527,-2.052629,-3.264275
2.813000,-0.009363,-2.057892,-3.224150
2.814000,-0.009198,-2.063154,-3.149820
2.815000,-0.009132,-2.068745,-3.093250
2.816000,-0.009264,-2.073679,-3.047205
2.817000,-0.009099,-2.078283,-3.007408
2.818000,-0.008572,-2.083545,-2.927816
2.819000,-0.008605,-2.088808,-2.872891
2.820000,-0.008375,-2.094070,-2.822899
2.821000,-0.008506,-2.098346,-2.782774
2.822000,-0.008375,-2.102950,-2.700221
2.823000,-0.008078,-2.106897,-2.644967
2.824000,-0.007848,-2.112488,-2.598593
2.825000,-0.007683,-2.116764,-2.556494
2.826000,-0.007551,-2.120710,-2.472298
2.827000,-0.007617,-2.124986,-2.416386
2.828000,-0.007486,-2.129262,-2.370012
2.829000,-0.007189,-2.133537,-2.329887
2.830000,-0.006794,-2.137155,-2.242072
2.831000,-0.006728,-2.140773,-2.185831
2.832000,-0.006893,-2.145377,-2.141102
2.833000,-0.006465,-2.148995,-2.094070
2.834000,-0.006564,-2.152613,-2.009216
2.835000,-0.006267,-2.156231,-1.954290
2.836000,-0.006432,-2.159520,-1.910219
2.837000,-0.005411,-2.162151,-1.855294
2.838000,-0.005049,-2.164124,-1.776688
2.839000,-0.007551,-2.170044,-1.723407
2.840000,-0.004917,-2.172018,-1.680323
2.841000,-0.004818,-2.173991,-1.615531
2.842000,-0.003139,-2.176293,-1.546463
2.843000,-0.003337,-2.178925,-1.496143
2.844000,-0.003007,-2.180898,-1.450755
2.845000,-0.003073,-2.183858,-1.379715
2.846000,-0.006531,-2.191094,-1.314265
2.847000,-0.005378,-2.191094,-1.258024
2.848000,-0.003304,-2.191422,-1.214611
2.849000,-0.007123,-2.198658,-1.146859
2.850000,-0.003370,-2.196027,-1.075489
2.851000,-0.003567,-2.198329,-1.024840
2.852000,-0.004555,-2.201947,-0.991293
2.853000,-0.006959,-2.206552,-0.913345
2.854000,-0.001987,-2.202934,-0.842633
2.855000,-0.007025,-2.209183,-0.802180
2.856000,-0.007156,-2.210827,-0.757450
2.857000,-0.004917,-2.210169,-0.677859
2.858000,-0.000768,-2.204907,-0.618658
2.859000,-0.006531,-2.212472,-0.574915
2.860000,0.000878,-2.205565,-0.521306
2.861000,-0.003435,-2.208196,-0.441714
2.862000,0.003611,-2.207209,-0.380211
2.863000,-0.003007,-2.206880,-0.325944
2.864000,0.000417,-2.207867,-0.293055
2.865000,-0.002250,-2.210169,-0.209846
2.866000,-0.002118,-2.213129,-0.149330
2.867000,-0.000505,-2.211814,-0.104929
2.868000,-0.000011,-2.212143,-0.063489
2.869000,0.000154,-2.211814,0.020707
2.870000,0.000417,-2.211156,0.075303
2.871000,0.000286,-2.210498,0.124637
2.872000,0.000516,-2.209841,0.166077
2.873000,0.001965,-2.211485,0.257509
2.874000,0.003052,-2.211814,0.304869
2.875000,0.004369,-2.208525,0.346310
2.876000,0.001175,-2.202934,0.403865
2.877000,-0.000110,-2.207209,0.479510
2.878000,0.003315,-2.202605,0.539697
2.879000,0.004830,-2.198987,0.585084
2.880000,0.000187,-2.201289,0.633431
2.881000,0.003249,-2.196356,0.715983
2.882000,0.004500,-2.193067,0.765317
2.883000,0.004896,-2.191751,0.808072
2.884000,0.004764,-2.189120,0.867602
2.885000,0.003084,-2.189120,0.943246
2.886000,0.003974,-2.185502,0.992580
2.887000,0.004039,-2.183200,1.037967
2.888000,0.004369,-2.179911,1.102101
2.889000,0.004467,-2.176293,1.169523
2.890000,0.004599,-2.173333,1.220172
2.891000,0.005093,-2.169716,1.264244
2.892000,0.005620,-2.167084,1.332653
2.893000,0.005686,-2.163138,1.397773
2.894000,0.005620,-2.158862,1.448093
2.895000,0.005785,-2.155244,1.489205
2.896000,0.006147,-2.150640,1.558601
2.897000,0.006707,-2.146693,1.618788
2.898000,0.007003,-2.142088,1.667463
2.899000,0.007168,-2.137813,1.706601
2.900000,0.007201,-2.132879,1.782575
2.901000,0.007299,-2.128275,1.842433
2.902000,0.007596,-2.122684,1.889464
2.903000,0.008024,-2.118737,1.929260
2.904000,0.008287,-2.113146,2.004905
2.905000,0.008551,-2.107555,2.063447
2.906000,0.008551,-2.102292,2.108834
2.907000,0.008649,-2.096043,2.149616
2.908000,0.009143,-2.090123,2.227892
2.909000,0.009407,-2.084203,2.284461
2.910000,0.009604,-2.078612,2.328204
2.911000,0.009637,-2.072692,2.367670
2.912000,0.009934,-2.065785,2.447262
2.913000,0.010065,-2.058878,2.502186
2.914000,0.010329,-2.052958,2.544942
2.915000,0.010691,-2.045723,2.581120
2.916000,0.010823,-2.039474,2.665973
2.917000,0.010954,-2.032896,2.717280
2.918000,0.011053,-2.025331,2.761023
2.919000,0.011119,-2.018096,2.799503
2.920000,0.011679,-2.010531,2.880739
2.921000,0.011843,-2.003295,2.929085
2.922000,0.012074,-1.995731,2.970854
2.923000,0.012074,-1.988495,3.016899
2.924000,0.012370,-1.980602,3.091886
2.925000,0.012502,-1.972380,3.140233
2.926000,0.012765,-1.964486,3.180357
2.927000,0.012831,-1.957250,3.233637
2.928000,0.013029,-1.948370,3.302046
2.929000,0.013095,-1.940477,3.350393
2.930000,0.013226,-1.931597,3.389202
2.931000,0.013523,-1.923374,3.448731
2.932000,0.013753,-1.915481,3.510562
2.933000,0.013786,-1.906272,3.556607
2.934000,0.013918,-1.897721,3.594100
2.935000,0.013918,-1.889170,3.658234
2.936000,0.014181,-1.880289,3.718749
2.937000,0.014379,-1.871409,3.765452
2.938000,0.014346,-1.862529,3.802945
2.939000,0.014577,-1.852991,3.868723
2.940000,0.014741,-1.844111,3.926608
2.941000,0.014741,-1.834902,3.971337
2.942000,0.014939,-1.825035,4.009159
2.943000,0.015005,-1.816484,4.076910
2.944000,0.015235,-1.807275,4.131835
2.945000,0.015301,-1.797408,4.174262
2.946000,0.015268,-1.788199,4.211426
2.947000,0.015466,-1.778004,4.283124
2.948000,0.015762,-1.768795,4.336404
2.949000,0.015597,-1.758928,4.379160
2.950000,0.015663,-1.749390,4.413035
2.951000,0.015828,-1.739523,4.488680
2.952000,0.015992,-1.729328,4.539329
2.953000,0.015992,-1.719790,4.580769
2.954000,0.016025,-1.709265,4.614645
2.955000,0.016289,-1.699727,4.692263
2.956000,0.016322,-1.689532,4.739952
2.957000,0.016223,-1.679665,4.780734
2.958000,0.016322,-1.668811,4.814281
2.959000,0.016421,-1.659602,4.894530
2.960000,0.016585,-1.649078,4.939916
2.961000,0.016585,-1.638882,4.977739
2.962000,0.016124,-1.628686,5.015232
2.963000,0.016618,-1.617504,5.092192
2.964000,0.016849,-1.607637,5.137579
2.965000,0.016914,-1.597442,5.175401
2.966000,0.016816,-1.586917,5.219472
2.967000,0.016947,-1.577050,5.290184
2.968000,0.016980,-1.566197,5.333597
2.969000,0.017013,-1.556001,5.370104
2.970000,0.017145,-1.545476,5.421411
2.971000,0.017277,-1.534294,5.484557
2.972000,0.017211,-1.523770,5.525669
2.973000,0.017244,-1.513245,5.561847
2.974000,0.017343,-1.502063,5.618087
2.975000,0.017474,-1.491867,5.675971
2.976000,0.017408,-1.481342,5.715109
2.977000,0.017408,-1.470160,5.751287
2.978000,0.017474,-1.458978,5.811474
2.979000,0.017474,-1.448453,5.865741
2.980000,0.017606,-1.437929,5.905536
2.981000,0.017573,-1.427404,5.938425
2.982000,0.017672,-1.416222,5.999599
2.983000,0.017606,-1.405368,6.048603
2.984000,0.017738,-1.394186,6.085439
2.985000,0.017672,-1.383332,6.116683
2.986000,0.017935,-1.372150,6.180159
2.987000,0.017935,-1.361625,6.227190
2.988000,0.017902,-1.350772,6.263368
2.989000,0.017902,-1.339590,6.294284
2.990000,0.018067,-1.328078,6.361048
2.991000,0.018067,-1.317554,6.405449
2.992000,0.018067,-1.306372,6.441626
2.993000,0.018067,-1.295518,6.468924
2.994000,0.018034,-1.284336,6.536347
2.995000,0.018199,-1.273482,6.578774
2.996000,0.018100,-1.262300,6.613307
2.997000,0.018199,-1.250131,6.639618
2.998000,0.018265,-1.239606,6.709672
2.999000,0.018265,-1.229082,6.748810
3.000000,0.018199,-1.217571,6.780712
3.001000,0.018396,-1.206059,6.807681
3.002000,0.018330,-1.194548,6.877734
3.003000,0.018396,-1.183695,6.916215
3.004000,0.018462,-1.172183,6.947130
3.005000,0.018330,-1.160343,6.975744
3.006000,0.018528,-1.149819,7.040864
3.007000,0.018528,-1.138307,7.076713
3.008000,0.018561,-1.126796,7.105984
3.009000,0.018660,-1.114956,7.140518
3.010000,0.018627,-1.104432,7.199060
3.011000,0.018528,-1.092591,7.235238
3.012000,0.018627,-1.081080,7.263194
3.013000,0.018693,-1.069569,7.303976
3.014000,0.018726,-1.058387,7.357256
3.015000,0.018693,-1.047204,7.390803
3.016000,0.018660,-1.035364,7.417114
3.017000,0.018791,-1.023853,7.460199
3.018000,0.018791,-1.012013,7.507230
3.019000,0.018890,-1.001159,7.536172
3.020000,0.018824,-0.989648,7.562813
3.021000,0.018791,-0.977479,7.607871
3.022000,0.018890,-0.965639,7.651942
3.023000,0.018989,-0.954457,7.682200
3.024000,0.019055,-0.942946,7.704893
3.025000,0.018824,-0.931105,7.753898
3.026000,0.019022,-0.919594,7.791720
3.027000,0.018989,-0.907754,7.820334
3.028000,0.018956,-0.896572,7.843356
3.029000,0.019154,-0.884732,7.894663
3.030000,0.019252,-0.872891,7.929525
3.031000,0.019055,-0.861051,7.957810
3.032000,0.019187,-0.849869,7.978201
3.033000,0.019285,-0.838029,8.028192
3.034000,0.019285,-0.826189,8.059766
3.035000,0.019285,-0.814349,8.084762
3.036000,0.019318,-0.802180,8.104166
3.037000,0.019285,-0.790997,8.155802
3.038000,0.019285,-0.779486,8.184415
3.039000,0.019384,-0.767646,8.208424
3.040000,0.019483,-0.755148,8.225527
3.041000,0.019417,-0.743637,8.276176
3.042000,0.019483,-0.731468,8.304461
3.043000,0.019417,-0.720286,8.325510
3.044000,0.019450,-0.707459,8.344256
3.045000,0.019450,-0.695619,8.393919
3.046000,0.019549,-0.684107,8.419572
3.047000,0.019450,-0.672596,8.439635
3.048000,0.019483,-0.660098,8.457724
3.049000,0.019516,-0.647929,8.505084
3.050000,0.019615,-0.636418,8.529422
3.051000,0.019648,-0.624249,8.547511
3.052000,0.019516,-0.612409,8.569875
3.053000,0.019615,-0.600569,8.611316
3.054000,0.019615,-0.588071,8.634009
3.055000,0.019615,-0.576231,8.650125
3.056000,0.019746,-0.564062,8.676107
3.057000,0.019746,-0.551893,8.710312
3.058000,0.019746,-0.540053,8.730374
3.059000,0.019779,-0.528542,8.745832
3.060000,0.019648,-0.516373,8.773788
3.061000,0.019845,-0.503875,8.804375
3.062000,0.019845,-0.492035,8.824437
3.063000,0.019812,-0.479866,8.838250
3.064000,0.019878,-0.467697,8.868179
3.065000,0.019911,-0.455857,8.896135
3.066000,0.019845,-0.443359,8.911922
3.067000,0.019911,-0.431519,8.923762
3.068000,0.019878,-0.419678,8.952376
3.069000,0.019878,-0.407509,8.974740
3.070000,0.019878,-0.395012,8.992500
3.071000,0.019977,-0.383500,9.000065
3.072000,0.019878,-0.370345,9.029665
3.073000,0.020076,-0.358505,9.050056
3.074000,0.020010,-0.346007,9.064527
3.075000,0.019878,-0.334167,9.072092
3.076000,0.019977,-0.322327,9.103994
3.077000,0.020141,-0.309829,9.122741
3.078000,0.020076,-0.297331,9.132279
3.079000,0.019977,-0.285491,9.141817
3.080000,0.020109,-0.273979,9.170102
3.081000,0.019977,-0.260495,9.184902
3.082000,0.020109,-0.248655,9.196742
3.083000,0.020109,-0.236157,9.204306
3.084000,0.020141,-0.224975,9.231275
3.085000,0.019977,-0.212477,9.245747
3.086000,0.020043,-0.199650,9.253969
3.087000,0.020109,-0.187810,9.258573
3.088000,0.020207,-0.175641,9.287187
3.089000,0.020076,-0.163472,9.299685
3.090000,0.020109,-0.151632,9.308236
3.091000,0.020076,-0.138805,9.310538
3.092000,0.020174,-0.126636,9.335863
3.093000,0.020109,-0.114138,9.345072
3.094000,0.020273,-0.101969,9.351650
3.095000,0.020076,-0.089800,9.357241
3.096000,0.020043,-0.077631,9.378619
3.097000,0.020174,-0.065462,9.387170
3.098000,0.020109,-0.053293,9.392103
3.099000,0.020240,-0.041453,9.400325
3.100000,0.020141,-0.028955,9.416112
3.101000,0.020174,-0.016457,9.423019
3.102000,0.020076,-0.003631,9.426966
3.103000,0.020306,0.008538,9.436832
3.104000,0.020207,0.021036,9.445712
3.105000,0.020174,0.032547,9.450975
3.106000,0.020043,0.045045,9.453935
3.107000,0.020109,0.057872,9.463144
3.108000,0.020207,0.069712,9.471037
3.109000,0.020240,0.081223,9.473339
3.110000,0.020174,0.094050,9.474326
3.111000,0.020141,0.106219,9.483864
3.112000,0.020207,0.118388,9.488797
3.113000,0.020109,0.131215,9.488468
3.114000,0.020207,0.142726,9.487482
3.115000,0.020109,0.155553,9.496691
3.116000,0.020174,0.167722,9.499980
3.117000,0.019977,0.179233,9.500308
3.118000,0.020109,0.192388,9.497348
3.119000,0.020109,0.204229,9.504584
3.120000,0.020109,0.216069,9.504913
3.121000,0.020076,0.228895,9.503597
3.122000,0.020109,0.240407,9.500637
3.123000,0.020010,0.252576,9.500966
3.124000,0.020043,0.265073,9.497677
3.125000,0.020141,0.277571,9.493402
3.126000,0.020109,0.289740,9.486495
3.127000,0.019977,0.301251,9.478931
3.128000,0.020010,0.313749,9.471366
3.129000,0.020010,0.325918,9.463144
3.130000,0.019977,0.338416,9.454264
3.131000,0.019977,0.350585,9.443410
3.132000,0.019845,0.362096,9.433872
3.133000,0.019845,0.374265,9.422361
3.134000,0.019845,0.386763,9.413481
3.135000,0.020043,0.398932,9.401970
3.136000,0.019812,0.411101,9.392103
3.137000,0.019845,0.422612,9.378290
3.138000,0.019812,0.434781,9.369410
3.139000,0.019779,0.446292,9.355925
3.140000,0.019812,0.459119,9.346387
3.141000,0.019779,0.470301,9.333561
3.142000,0.019713,0.483128,9.322049
3.143000,0.019680,0.494310,9.311854
3.144000,0.019615,0.506808,9.299685
3.145000,0.019713,0.518648,9.288831
3.146000,0.019779,0.530488,9.276333
3.147000,0.019713,0.542000,9.265480
3.148000,0.019615,0.554169,9.252982
3.149000,0.019582,0.565680,9.243444
3.150000,0.019582,0.577520,9.230289
3.151000,0.019746,0.589360,9.219435
3.152000,0.019582,0.601529,9.206280
3.153000,0.019549,0.613040,9.196413
3.154000,0.019450,0.625209,9.183915
3.155000,0.019483,0.636720,9.173390
3.156000,0.019483,0.649218,9.160893
3.157000,0.019483,0.661058,9.150697
3.158000,0.019417,0.672240,9.138857
3.159000,0.019384,0.684081,9.127017
3.160000,0.019483,0.696578,9.115177
3.161000,0.019483,0.707432,9.103665
3.162000,0.019417,0.719272,9.092483
3.163000,0.019351,0.730783,9.079656
3.164000,0.019351,0.742294,9.069790
3.165000,0.019318,0.754792,9.056634
3.166000,0.019417,0.766303,9.047096
3.167000,0.019351,0.777157,9.034927
3.168000,0.019219,0.789326,9.024403
3.169000,0.019384,0.801166,9.011247
3.170000,0.019252,0.812677,8.999407
3.171000,0.019219,0.824188,8.988882
3.172000,0.019219,0.836028,8.978358
3.173000,0.019285,0.848197,8.964545
3.174000,0.019187,0.859708,8.948758
3.175000,0.019187,0.870891,8.934615
3.176000,0.019219,0.882731,8.920802
3.177000,0.019252,0.894242,8.906660
3.178000,0.019154,0.905753,8.881006
3.179000,0.019154,0.916935,8.862917
3.180000,0.019088,0.928775,8.844828
3.181000,0.018956,0.940286,8.826410
3.182000,0.018989,0.952127,8.796481
3.183000,0.018923,0.963309,8.778063
3.184000,0.019022,0.974162,8.756356
3.185000,0.018791,0.985673,8.734321
3.186000,0.018824,0.996527,8.705050
3.187000,0.018693,1.008367,8.683343
3.188000,0.018824,1.019878,8.661965
3.189000,0.018726,1.031389,8.635325
3.190000,0.018726,1.042900,8.606711
3.191000,0.018726,1.053425,8.580729
3.192000,0.018693,1.064936,8.560338
3.193000,0.018462,1.076118,8.529751
3.194000,0.018495,1.087301,8.500808
3.195000,0.018495,1.098154,8.474497
3.196000,0.018495,1.109336,8.453777
3.197000,0.018265,1.119861,8.418914
3.198000,0.018297,1.131372,8.388328
3.199000,0.018265,1.142554,8.361359
3.200000,0.018166,1.153736,8.339652
3.201000,0.018232,1.163932,8.301501
3.202000,0.018199,1.175443,8.269927
3.203000,0.018199,1.186297,8.241971
3.204000,0.018034,1.197150,8.216318
3.205000,0.018067,1.208003,8.178824
3.206000,0.018001,1.219186,8.147580
3.207000,0.018034,1.230039,8.119295
3.208000,0.017968,1.240892,8.095286
3.209000,0.017804,1.251417,8.050557
3.210000,0.017804,1.261284,8.017997
3.211000,0.017804,1.272795,7.990041
3.212000,0.017771,1.283319,7.964059
3.213000,0.017705,1.293844,7.916699
3.214000,0.017606,1.304697,7.884467
3.215000,0.017573,1.314564,7.855525
3.216000,0.017507,1.325088,7.828556
3.217000,0.017310,1.335942,7.780867
3.218000,0.017507,1.346795,7.744360
3.219000,0.017343,1.356991,7.715747
3.220000,0.017375,1.367186,7.690422
3.221000,0.017112,1.377711,7.636484
3.222000,0.017277,1.387906,7.599977
3.223000,0.017112,1.398431,7.570048
3.224000,0.017211,1.408627,7.538804
3.225000,0.016947,1.418822,7.487497
3.226000,0.016783,1.429018,7.452963
3.227000,0.016882,1.439213,7.422376
3.228000,0.016980,1.449080,7.385870
3.229000,0.016783,1.458947,7.336865
3.230000,0.016717,1.469142,7.301345
3.231000,0.016717,1.479009,7.271745
3.232000,0.016684,1.489205,7.229976
3.233000,0.016684,1.499071,7.181958
3.234000,0.016486,1.508938,7.146109
3.235000,0.016651,1.518476,7.113877
3.236000,0.016388,1.528343,7.066846
3.237000,0.016289,1.538209,7.019486
3.238000,0.016256,1.548405,6.982650
3.239000,0.016256,1.557943,6.950090
3.240000,0.016190,1.567481,6.898126
3.241000,0.016157,1.576690,6.852739
3.242000,0.015992,1.586885,6.816890
3.243000,0.015828,1.595765,6.784001
3.244000,0.015828,1.605632,6.729734
3.245000,0.015894,1.614841,6.684018
3.246000,0.015894,1.624708,6.645209
3.247000,0.015729,1.633259,6.613307
3.248000,0.015466,1.642797,6.554436
3.249000,0.015499,1.652005,6.509049
3.250000,0.015499,1.661872,6.469911
3.251000,0.015466,1.671410,6.438995
3.252000,0.015235,1.679961,6.374862
3.253000,0.015136,1.688841,6.330462
3.254000,0.015103,1.698050,6.290666
3.255000,0.015202,1.707259,6.258764
3.256000,0.015038,1.716139,6.192657
3.257000,0.014906,1.724361,6.145297
3.258000,0.014873,1.733899,6.106817
3.259000,0.014708,1.742779,6.074586
3.260000,0.014708,1.751330,6.004532
3.261000,0.014642,1.760539,5.958159
3.262000,0.014544,1.768104,5.919350
3.263000,0.014511,1.777313,5.886132
3.264000,0.014346,1.786193,5.816078
3.265000,0.014214,1.794086,5.769376
3.266000,0.014247,1.802637,5.731882
3.267000,0.014247,1.811188,5.691758
3.268000,0.014116,1.819739,5.623349
3.269000,0.013951,1.827633,5.574344
3.270000,0.013852,1.835855,5.536522
3.271000,0.013852,1.844406,5.488833
3.272000,0.013720,1.852300,5.422397
3.273000,0.013687,1.860522,5.377668
3.274000,0.013589,1.868415,5.338202
3.275000,0.013391,1.876309,5.283277
3.276000,0.013358,1.883873,5.220459
3.277000,0.013226,1.892424,5.175072
3.278000,0.013194,1.899989,5.135935
3.279000,0.013095,1.907224,5.076734
3.280000,0.012996,1.915447,5.016877
3.281000,0.012864,1.922682,4.971490
3.282000,0.012864,1.929918,4.932681
3.283000,0.012700,1.938469,4.869863
3.284000,0.012601,1.945047,4.810992
3.285000,0.012634,1.952940,4.764947
3.286000,0.012436,1.959847,4.725809
3.287000,0.012272,1.967411,4.657400
3.288000,0.012173,1.974976,4.599516
3.289000,0.012107,1.982211,4.553142
3.290000,0.012206,1.989118,4.512689
3.291000,0.012041,1.996025,4.441649
3.292000,0.011778,2.002602,4.388369
3.293000,0.011646,2.009509,4.342982
3.294000,0.011514,2.016745,4.303844
3.295000,0.011514,2.022994,4.225897
3.296000,0.011415,2.029900,4.172946
3.297000,0.011284,2.036149,4.127559
3.298000,0.011119,2.043385,4.088092
3.299000,0.011020,2.049305,4.008501
3.300000,0.011020,2.056540,3.956208
3.301000,0.010954,2.062789,3.909834
3.302000,0.010757,2.068709,3.870696
3.303000,0.010526,2.074958,3.788803
3.304000,0.010460,2.080878,3.735852
3.305000,0.010329,2.087456,3.691452
3.306000,0.010362,2.093047,3.651327
3.307000,0.010263,2.099296,3.568118
3.308000,0.009999,2.104887,3.513522
3.309000,0.009802,2.110149,3.469451
3.310000,0.009835,2.117056,3.425709
3.311000,0.009703,2.122318,3.345131
3.312000,0.009736,2.126923,3.289548
3.313000,0.009571,2.133501,3.245806
3.314000,0.009308,2.138763,3.192526
3.315000,0.008979,2.143696,3.121157
3.316000,0.008880,2.148958,3.069850
3.317000,0.008946,2.154221,3.025779
3.318000,0.008946,2.158825,2.966250
3.319000,0.008649,2.164416,2.895867
3.320000,0.008353,2.169021,2.846534
3.321000,0.008155,2.173954,2.800489
3.322000,0.008254,2.178559,2.737014
3.323000,0.008188,2.182834,2.667947
3.324000,0.008057,2.188096,2.617627
3.325000,0.007859,2.191714,2.575200
3.326000,0.007596,2.196976,2.504817
3.327000,0.007464,2.201581,2.440026
3.328000,0.007398,2.205528,2.390693
3.329000,0.007365,2.209145,2.346621
3.330000,0.007036,2.213750,2.272292
3.331000,0.006772,2.217696,2.209803
3.332000,0.006674,2.221972,2.160470
3.333000,0.006772,2.225261,2.116398
3.334000,0.006542,2.228550,2.038780
3.335000,0.006246,2.232497,1.978265
3.336000,0.006081,2.235457,1.928602
3.337000,0.005818,2.239403,1.885846
3.338000,0.005719,2.243021,1.804939
3.339000,0.005949,2.245652,1.746726
3.340000,0.005686,2.248612,1.697392
3.341000,0.005422,2.251901,1.655952
3.342000,0.004994,2.255190,1.573730
3.343000,0.004896,2.257821,1.515516
3.344000,0.004994,2.260452,1.464867
3.345000,0.004830,2.262754,1.424413
3.346000,0.004369,2.264728,1.338902
3.347000,0.003908,2.268017,1.282333
3.348000,0.004336,2.269990,1.233986
3.349000,0.003875,2.271634,1.192874
3.350000,0.003908,2.273279,1.105061
3.351000,0.002459,2.275910,1.052438
3.352000,0.001537,2.277226,1.006393
3.353000,0.004237,2.279199,0.957060
3.354000,0.003480,2.279857,0.870233
3.355000,0.005357,2.284132,0.813335
3.356000,0.002854,2.282159,0.768605
3.357000,0.004797,2.288079,0.721574
3.358000,0.000055,2.283803,0.636062
3.359000,0.003216,2.288737,0.584427
3.360000,-0.000966,2.285777,0.540026
3.361000,-0.001624,2.286435,0.476550
3.362000,-0.000867,2.291039,0.410772
3.363000,0.004500,2.292355,0.356834
3.364000,0.000812,2.293999,0.313749
3.365000,0.002393,2.290381,0.241722
3.366000,-0.001262,2.290710,0.180548
3.367000,0.000351,2.291039,0.123321
3.368000,0.000351,2.291039,0.080237
3.369000,-0.000110,2.290710,0.012156
3.370000,-0.000143,2.289723,-0.051649
3.371000,-0.000274,2.289395,-0.101969
3.372000,-0.000834,2.289395,-0.147685
3.373000,0.000615,2.286435,-0.212148
3.374000,0.001570,2.282159,-0.290424
3.375000,-0.001493,2.291697,-0.322655
3.376000,-0.006070,2.280186,-0.382843
3.377000,-0.001855,2.287092,-0.450594
3.378000,-0.007025,2.276897,-0.519662
3.379000,0.001306,2.285777,-0.558142
3.380000,-0.000307,2.282159,-0.602542
3.381000,-0.005049,2.274266,-0.680161
3.382000,-0.003370,2.274594,-0.735086
3.383000,-0.003765,2.271963,-0.781459
3.384000,-0.007025,2.266701,-0.831451
3.385000,-0.003962,2.268017,-0.906438
3.386000,-0.003073,2.267030,-0.963995
3.387000,-0.006465,2.259794,-1.017604
3.388000,-0.006300,2.257163,-1.055756
3.389000,-0.002843,2.259137,-1.137650
3.390000,-0.006070,2.252888,-1.192575
3.391000,-0.005016,2.250914,-1.237962
3.392000,-0.003831,2.247297,-1.281047
3.393000,-0.004950,2.244008,-1.363270
3.394000,-0.005576,2.240390,-1.417866
3.395000,-0.005543,2.235457,-1.463911
3.396000,-0.008934,2.231510,-1.503707
3.397000,-0.006432,2.227892,-1.589219
3.398000,-0.006926,2.223617,-1.643158
3.399000,-0.006860,2.218354,-1.686900
3.400000,-0.006662,2.214079,-1.737221
3.401000,-0.007321,2.209145,-1.811880
3.402000,-0.007815,2.203554,-1.862858
3.403000,-0.008111,2.198950,-1.905943
3.404000,-0.008243,2.194345,-1.960868
3.405000,-0.008375,2.188754,-2.034540
3.406000,-0.008243,2.183821,-2.083874
3.407000,-0.008737,2.177572,-2.126959
3.408000,-0.009132,2.172310,-2.186818
3.409000,-0.009231,2.166390,-2.255557
3.410000,-0.009330,2.160470,-2.305220
3.411000,-0.009363,2.154221,-2.346660
3.412000,-0.009856,2.147643,-2.411452
3.413000,-0.010186,2.141394,-2.475915
3.414000,-0.010383,2.134487,-2.522947
3.415000,-0.010416,2.128238,-2.563730
3.416000,-0.010614,2.120674,-2.632469
3.417000,-0.011009,2.114425,-2.694959
3.418000,-0.011239,2.107189,-2.741004
3.419000,-0.011503,2.099954,-2.780142
3.420000,-0.011635,2.093047,-2.850855
3.421000,-0.011668,2.086469,-2.908082
3.422000,-0.011997,2.077589,-2.954456
3.423000,-0.012194,2.071012,-2.991950
3.424000,-0.012425,2.062789,-3.066609
3.425000,-0.012491,2.054896,-3.122193
3.426000,-0.012589,2.047003,-3.167580
3.427000,-0.012787,2.039438,-3.205403
3.428000,-0.013050,2.030887,-3.280720
3.429000,-0.013281,2.022665,-3.333672
3.430000,-0.013248,2.015100,-3.377086
3.431000,-0.013380,2.006220,-3.414580
3.432000,-0.013544,1.997340,-3.492199
3.433000,-0.013742,1.989118,-3.543178
3.434000,-0.014005,1.980238,-3.583632
3.435000,-0.013972,1.971358,-3.620797
3.436000,-0.014104,1.963136,-3.702363
3.437000,-0.014170,1.953598,-3.752355
3.438000,-0.014499,1.944718,-3.793796
3.439000,-0.014532,1.938140,-3.829975
3.440000,-0.015059,1.926958,-3.910883
3.441000,-0.014763,1.917749,-3.958573
3.442000,-0.014829,1.907882,-3.999356
3.443000,-0.015026,1.898344,-4.043099
3.444000,-0.015323,1.889464,-4.116772
3.445000,-0.015355,1.879597,-4.163804
3.446000,-0.015323,1.870389,-4.202285
3.447000,-0.015520,1.860522,-4.254579
3.448000,-0.015619,1.850984,-4.322332
3.449000,-0.015849,1.841446,-4.367062
3.450000,-0.015685,1.831580,-4.404885
3.451000,-0.015816,1.821713,-4.461784
3.452000,-0.015849,1.812175,-4.525261
3.453000,-0.015915,1.801651,-4.569333
3.454000,-0.016245,1.792442,-4.607485
3.455000,-0.016179,1.782246,-4.667015
3.456000,-0.016212,1.772050,-4.725559
3.457000,-0.016212,1.761855,-4.770289
3.458000,-0.016376,1.751659,-4.805810
3.459000,-0.016508,1.741792,-4.870274
3.460000,-0.016640,1.731268,-4.925200
3.461000,-0.016706,1.721401,-4.966970
3.462000,-0.016640,1.710548,-5.002819
3.463000,-0.016673,1.700352,-5.070572
3.464000,-0.016903,1.689499,-5.122209
3.465000,-0.017068,1.679961,-5.162664
3.466000,-0.016771,1.669437,-5.197198
3.467000,-0.016936,1.658912,-5.268569
3.468000,-0.016969,1.648388,-5.318561
3.469000,-0.017035,1.637863,-5.357371
3.470000,-0.017232,1.627010,-5.390919
3.471000,-0.017199,1.616485,-5.463934
3.472000,-0.017068,1.606290,-5.510638
3.473000,-0.017167,1.594779,-5.548461
3.474000,-0.017265,1.584583,-5.580693
3.475000,-0.017595,1.574058,-5.656339
3.476000,-0.017496,1.563205,-5.701727
3.477000,-0.017397,1.552023,-5.738564
3.478000,-0.017430,1.541498,-5.769809
3.479000,-0.017562,1.531303,-5.846772
3.480000,-0.017693,1.520120,-5.890844
3.481000,-0.017693,1.509596,-5.925707
3.482000,-0.017693,1.497756,-5.964846
3.483000,-0.017628,1.487231,-6.027995
3.484000,-0.017693,1.476049,-6.068450
3.485000,-0.017891,1.465525,-6.102984
3.486000,-0.017957,1.454671,-6.139492
3.487000,-0.017924,1.443818,-6.204614
3.488000,-0.017858,1.432964,-6.246384
3.489000,-0.017825,1.421782,-6.278616
3.490000,-0.017990,1.410271,-6.322689
3.491000,-0.018154,1.399747,-6.383206
3.492000,-0.018089,1.388564,-6.421030
3.493000,-0.017990,1.377382,-6.452933
3.494000,-0.018023,1.366200,-6.502926
3.495000,-0.018220,1.355017,-6.555879
3.496000,-0.018253,1.344164,-6.593702
3.497000,-0.018154,1.332653,-6.622974
3.498000,-0.018352,1.321471,-6.677572
3.499000,-0.018154,1.310288,-6.726249
3.500000,-0.018385,1.298777,-6.761770
3.501000,-0.018451,1.287924,-6.790714
3.502000,-0.018451,1.276742,-6.849258
3.503000,-0.018352,1.265559,-6.893331
3.504000,-0.018451,1.254048,-6.928194
3.505000,-0.018484,1.242537,-6.955822
3.506000,-0.018582,1.231355,-7.012393
3.507000,-0.018582,1.219843,-7.054163
3.508000,-0.018451,1.208990,-7.087711
3.509000,-0.018484,1.197479,-7.114023
3.510000,-0.018517,1.185968,-7.173883
3.511000,-0.018681,1.174785,-7.213680
3.512000,-0.018714,1.162617,-7.244926
3.513000,-0.018648,1.151763,-7.271567
3.514000,-0.018681,1.139923,-7.332414
3.515000,-0.018780,1.129070,-7.369580
3.516000,-0.018780,1.117559,-7.398523
3.517000,-0.018945,1.106047,-7.422533
3.518000,-0.018879,1.093878,-7.482393
3.519000,-0.018714,1.082696,-7.518572
3.520000,-0.018879,1.070527,-7.545871
3.521000,-0.018945,1.059674,-7.569552
3.522000,-0.019076,1.048163,-7.628754
3.523000,-0.019011,1.036323,-7.663289
3.524000,-0.018978,1.024811,-7.690588
3.525000,-0.019011,1.012642,-7.733345
3.526000,-0.019043,1.000473,-7.770182
3.527000,-0.019208,0.989620,-7.802086
3.528000,-0.018912,0.978109,-7.826753
3.529000,-0.019011,0.965940,-7.855039
3.530000,-0.019208,0.954429,-7.909637
3.531000,-0.019208,0.943575,-7.938909
3.532000,-0.019175,0.931078,-7.962919
3.533000,-0.019142,0.919237,-7.996138
3.534000,-0.019109,0.907397,-8.041198
3.535000,-0.019307,0.895557,-8.067510
3.536000,-0.019439,0.883717,-8.088889
3.537000,-0.019439,0.872535,-8.127042
3.538000,-0.019274,0.861024,-8.165523
3.539000,-0.019274,0.848526,-8.191178
3.540000,-0.019373,0.837015,-8.211241
3.541000,-0.019603,0.824846,-8.250381
3.542000,-0.019373,0.813335,-8.286231
3.543000,-0.019406,0.801495,-8.311557
3.544000,-0.019406,0.788668,-8.328660
3.545000,-0.019570,0.777157,-8.370759
3.546000,-0.019603,0.765317,-8.400690
3.547000,-0.019636,0.753805,-8.425686
3.548000,-0.019406,0.741965,-8.441803
3.549000,-0.019439,0.729796,-8.483244
3.550000,-0.019669,0.717956,-8.512517
3.551000,-0.019702,0.706116,-8.534225
3.552000,-0.019768,0.693947,-8.550012
3.553000,-0.019636,0.681778,-8.593098
3.554000,-0.019735,0.669938,-8.618424
3.555000,-0.019702,0.657769,-8.636514
3.556000,-0.019735,0.645600,-8.651314
3.557000,-0.019933,0.634089,-8.690454
3.558000,-0.019867,0.621920,-8.715780
3.559000,-0.019702,0.609422,-8.731567
3.560000,-0.019834,0.597582,-8.745381
3.561000,-0.019998,0.585413,-8.786494
3.562000,-0.019965,0.573573,-8.809846
3.563000,-0.019933,0.561404,-8.825963
3.564000,-0.019735,0.549235,-8.837803
3.565000,-0.019867,0.537066,-8.877601
3.566000,-0.019900,0.525226,-8.898651
3.567000,-0.019998,0.513386,-8.912794
3.568000,-0.019900,0.500888,-8.921674
3.569000,-0.019834,0.488719,-8.959169
3.570000,-0.020031,0.476550,-8.976930
3.571000,-0.019998,0.464053,-8.989757
3.572000,-0.020163,0.452870,-9.002914
3.573000,-0.020097,0.439715,-9.035146
3.574000,-0.020097,0.428203,-9.050276
3.575000,-0.019965,0.415706,-9.061130
3.576000,-0.020031,0.403208,-9.080206
3.577000,-0.020196,0.390710,-9.106190
3.578000,-0.020130,0.379199,-9.119675
3.579000,-0.020031,0.367030,-9.129542
3.580000,-0.019965,0.354532,-9.150592
3.581000,-0.020097,0.342034,-9.171971
3.582000,-0.020196,0.330194,-9.185127
3.583000,-0.020196,0.318354,-9.192363
3.584000,-0.020031,0.306185,-9.213084
3.585000,-0.020064,0.294016,-9.231174
3.586000,-0.020196,0.281847,-9.243344
3.587000,-0.020196,0.269349,-9.249264
3.588000,-0.020196,0.256851,-9.269985
3.589000,-0.020130,0.244682,-9.286101
3.590000,-0.019933,0.232513,-9.296626
3.591000,-0.020163,0.220344,-9.302218
3.592000,-0.020163,0.208175,-9.321623
3.593000,-0.020196,0.196006,-9.333464
3.594000,-0.020328,0.183837,-9.342015
3.595000,-0.020130,0.172326,-9.347278
3.596000,-0.020196,0.158842,-9.365696
3.597000,-0.020130,0.146673,-9.376550
3.598000,-0.020361,0.134504,-9.381813
3.599000,-0.020394,0.122006,-9.385431
3.600000,-0.020163,0.110495,-9.403850
3.601000,-0.020097,0.097997,-9.413059
3.602000,-0.020163,0.085828,-9.417335
3.603000,-0.020097,0.073659,-9.419637
3.604000,-0.020295,0.061161,-9.435753
3.605000,-0.020196,0.049321,-9.442989
3.606000,-0.020031,0.036494,-9.445950
3.607000,-0.020130,0.023667,-9.445292
3.608000,-0.020229,0.011827,-9.460750
3.609000,-0.020361,-0.000342,-9.465355
3.610000,-0.020328,-0.012511,-9.467000
3.611000,-0.020196,-0.024680,-9.465684
3.612000,-0.020163,-0.037507,-9.478840
3.613000,-0.020163,-0.049347,-9.481143
3.614000,-0.020262,-0.061516,-9.481471
3.615000,-0.020361,-0.074013,-9.482129
3.616000,-0.020163,-0.086182,-9.491010
3.617000,-0.020196,-0.098351,-9.493312
3.618000,-0.020163,-0.110849,-9.491010
3.619000,-0.020262,-0.123018,-9.493641
3.620000,-0.020295,-0.135187,-9.497259
3.621000,-0.020196,-0.147356,-9.497259
3.622000,-0.020031,-0.159854,-9.493641
3.623000,-0.019965,-0.171694,-9.496601
3.624000,-0.020064,-0.183863,-9.498575
3.625000,-0.020229,-0.195703,-9.496272
3.626000,-0.020130,-0.207872,-9.492325
3.627000,-0.020130,-0.220699,-9.492654
3.628000,-0.020064,-0.231881,-9.492325
3.629000,-0.019965,-0.244708,-9.489036
3.630000,-0.020229,-0.256548,-9.483774
3.631000,-0.020130,-0.269046,-9.481471
3.632000,-0.019998,-0.280886,-9.479498
3.633000,-0.020064,-0.293384,-9.474564
3.634000,-0.020031,-0.305553,-9.468315
3.635000,-0.020097,-0.317722,-9.464039
3.636000,-0.020130,-0.329562,-9.459435
3.637000,-0.019998,-0.341731,-9.453186
3.638000,-0.019965,-0.353900,-9.445950
3.639000,-0.019900,-0.366069,-9.440687
3.640000,-0.019998,-0.378238,-9.434767
3.641000,-0.020097,-0.390407,-9.426873
3.642000,-0.019933,-0.401918,-9.419966
3.643000,-0.019834,-0.414087,-9.411414
3.644000,-0.019801,-0.426256,-9.401876
3.645000,-0.019834,-0.438096,-9.392996
3.646000,-0.020064,-0.450265,-9.383786
3.647000,-0.019933,-0.462434,-9.374248
3.648000,-0.019702,-0.474274,-9.362079
3.649000,-0.019735,-0.486115,-9.352211
3.650000,-0.019834,-0.498612,-9.339713
3.651000,-0.019900,-0.509795,-9.330832
3.652000,-0.019900,-0.521964,-9.318992
3.653000,-0.019669,-0.533804,-9.306822
3.654000,-0.019702,-0.545973,-9.295640
3.655000,-0.019702,-0.558471,-9.283799
3.656000,-0.019834,-0.570311,-9.272616
3.657000,-0.019834,-0.581822,-9.261433
3.658000,-0.019636,-0.593004,-9.247290
3.659000,-0.019636,-0.605173,-9.230516
3.660000,-0.019636,-0.617342,-9.217689
3.661000,-0.019669,-0.629183,-9.203217
3.662000,-0.019603,-0.640694,-9.187758
3.663000,-0.019636,-0.652534,-9.169998
3.664000,-0.019406,-0.664045,-9.155855
3.665000,-0.019406,-0.675885,-9.141712
3.666000,-0.019340,-0.687725,-9.124609
3.667000,-0.019537,-0.698908,-9.104874
3.668000,-0.019537,-0.711077,-9.088758
3.669000,-0.019406,-0.722259,-9.074286
3.670000,-0.019307,-0.734099,-9.052907
3.671000,-0.019274,-0.746597,-9.033502
3.672000,-0.019373,-0.757779,-9.015083
3.673000,-0.019472,-0.769948,-8.999625
3.674000,-0.019406,-0.781459,-8.976272
3.675000,-0.019175,-0.792313,-8.955222
3.676000,-0.019043,-0.803824,-8.935488
3.677000,-0.019011,-0.815664,-8.919043
3.678000,-0.019109,-0.827175,-8.894046
3.679000,-0.019175,-0.838358,-8.872009
3.680000,-0.019142,-0.850198,-8.850631
3.681000,-0.019109,-0.861380,-8.832541
3.682000,-0.018912,-0.872563,-8.805571
3.683000,-0.018879,-0.884403,-8.781232
3.684000,-0.018945,-0.895585,-8.759524
3.685000,-0.019011,-0.906438,-8.738145
3.686000,-0.018978,-0.917621,-8.708873
3.687000,-0.018879,-0.929461,-8.683547
3.688000,-0.018681,-0.940972,-8.662826
3.689000,-0.018846,-0.952154,-8.642763
3.690000,-0.018747,-0.963337,-8.609215
3.691000,-0.018813,-0.973861,-8.583560
3.692000,-0.018846,-0.985373,-8.562181
3.693000,-0.018681,-0.996884,-8.542118
3.694000,-0.018385,-1.008066,-8.504294
3.695000,-0.018451,-1.018591,-8.478311
3.696000,-0.018451,-1.030102,-8.453643
3.697000,-0.018648,-1.041613,-8.433580
3.698000,-0.018550,-1.052467,-8.392138
3.699000,-0.018352,-1.063649,-8.366812
3.700000,-0.018253,-1.074173,-8.341158
3.701000,-0.018187,-1.085356,-8.316490
3.702000,-0.018220,-1.096538,-8.273733
3.703000,-0.018187,-1.107392,-8.246434
3.704000,-0.018418,-1.117916,-8.220779
3.705000,-0.018056,-1.128441,-8.190520
3.706000,-0.017990,-1.139294,-8.152696
3.707000,-0.017825,-1.150148,-8.122766
3.708000,-0.017924,-1.161330,-8.097441
3.709000,-0.017990,-1.171526,-8.062906
3.710000,-0.017891,-1.182708,-8.024753
3.711000,-0.017825,-1.193561,-7.993836
3.712000,-0.017693,-1.204415,-7.969168
3.713000,-0.017595,-1.214939,-7.929700
3.714000,-0.017595,-1.225464,-7.891218
3.715000,-0.017726,-1.235989,-7.860302
3.716000,-0.017660,-1.245855,-7.834318
3.717000,-0.017529,-1.255722,-7.790245
3.718000,-0.017397,-1.266904,-7.751764
3.719000,-0.017397,-1.277429,-7.721176
3.720000,-0.017430,-1.287625,-7.694864
3.721000,-0.017364,-1.298149,-7.646844
3.722000,-0.017364,-1.308016,-7.609020
3.723000,-0.017265,-1.318212,-7.577774
3.724000,-0.017035,-1.328736,-7.547844
3.725000,-0.017002,-1.338932,-7.499825
3.726000,-0.017002,-1.348799,-7.460356
3.727000,-0.017101,-1.359323,-7.428782
3.728000,-0.017002,-1.369519,-7.398194
3.729000,-0.016837,-1.379057,-7.349188
3.730000,-0.016738,-1.389581,-7.310048
3.731000,-0.016804,-1.400106,-7.278145
3.732000,-0.016837,-1.409644,-7.250517
3.733000,-0.016738,-1.419511,-7.195262
3.734000,-0.016804,-1.429048,-7.156123
3.735000,-0.016442,-1.439244,-7.122246
3.736000,-0.016442,-1.449111,-7.094289
3.737000,-0.016343,-1.458320,-7.033771
3.738000,-0.016442,-1.468516,-6.993316
3.739000,-0.016310,-1.478382,-6.957466
3.740000,-0.016179,-1.487262,-6.928852
3.741000,-0.016047,-1.497129,-6.867676
3.742000,-0.015981,-1.506338,-6.827551
3.743000,-0.016179,-1.516205,-6.793016
3.744000,-0.016014,-1.525414,-6.758810
3.745000,-0.015981,-1.534623,-6.697306
3.746000,-0.015652,-1.544819,-6.657180
3.747000,-0.015652,-1.553699,-6.622317
3.748000,-0.015816,-1.563237,-6.582191
3.749000,-0.015718,-1.572446,-6.523318
3.750000,-0.015619,-1.581326,-6.480890
3.751000,-0.015454,-1.590535,-6.446355
3.752000,-0.015224,-1.600073,-6.398336
3.753000,-0.015257,-1.609611,-6.344396
3.754000,-0.015257,-1.617833,-6.301639
3.755000,-0.015224,-1.627371,-6.267434
3.756000,-0.015158,-1.635264,-6.214152
3.757000,-0.014993,-1.644802,-6.160541
3.758000,-0.014829,-1.653353,-6.119100
3.759000,-0.014763,-1.661905,-6.082921
3.760000,-0.014927,-1.670785,-6.025364
3.761000,-0.014664,-1.679665,-5.973727
3.762000,-0.014499,-1.688545,-5.931957
3.763000,-0.014401,-1.697096,-5.895120
3.764000,-0.014499,-1.705647,-5.835260
3.765000,-0.014466,-1.713870,-5.784610
3.766000,-0.014302,-1.723079,-5.743169
3.767000,-0.014170,-1.730972,-5.706990
3.768000,-0.013940,-1.739194,-5.641539
3.769000,-0.013940,-1.747746,-5.591218
3.770000,-0.014071,-1.755639,-5.548132
3.771000,-0.014038,-1.764519,-5.510638
3.772000,-0.013808,-1.772084,-5.443213
3.773000,-0.013643,-1.780306,-5.393221
3.774000,-0.013380,-1.788528,-5.351122
3.775000,-0.013577,-1.796422,-5.313299
3.776000,-0.013511,-1.804315,-5.241599
3.777000,-0.013479,-1.811551,-5.190620
3.778000,-0.013347,-1.819773,-5.147863
3.779000,-0.013116,-1.827338,-5.113329
3.780000,-0.013149,-1.834902,-5.036367
3.781000,-0.013083,-1.842796,-4.989006
3.782000,-0.013149,-1.850031,-4.945920
3.783000,-0.012820,-1.857267,-4.910070
3.784000,-0.012622,-1.865160,-4.831464
3.785000,-0.012491,-1.872725,-4.783116
3.786000,-0.012622,-1.879632,-4.739044
3.787000,-0.012458,-1.887854,-4.699247
3.788000,-0.012425,-1.894432,-4.619654
3.789000,-0.012096,-1.901339,-4.571307
3.790000,-0.012030,-1.908574,-4.528221
3.791000,-0.011898,-1.916139,-4.477571
3.792000,-0.012030,-1.922388,-4.406858
3.793000,-0.011997,-1.929623,-4.358182
3.794000,-0.011799,-1.936530,-4.317070
3.795000,-0.011437,-1.943108,-4.260171
3.796000,-0.011470,-1.950015,-4.193076
3.797000,-0.011272,-1.956264,-4.143741
3.798000,-0.011503,-1.963171,-4.102629
3.799000,-0.011404,-1.969091,-4.039152
3.800000,-0.011042,-1.976326,-3.976662
3.801000,-0.010910,-1.981917,-3.926670
3.802000,-0.010746,-1.988824,-3.884900
3.803000,-0.010844,-1.994744,-3.817477
3.804000,-0.010746,-2.000664,-3.755315
3.805000,-0.010482,-2.006913,-3.708283
3.806000,-0.010186,-2.012505,-3.665198
3.807000,-0.010087,-2.018753,-3.594486
3.808000,-0.010153,-2.025002,-3.535284
3.809000,-0.010153,-2.030265,-3.487595
3.810000,-0.010054,-2.035856,-3.443852
3.811000,-0.009659,-2.041447,-3.370508
3.812000,-0.009560,-2.047038,-3.309663
3.813000,-0.009363,-2.053616,-3.263617
3.814000,-0.009494,-2.058221,-3.220532
3.815000,-0.009363,-2.063483,-3.145873
3.816000,-0.009099,-2.068745,-3.090619
3.817000,-0.008934,-2.074994,-3.045231
3.818000,-0.008803,-2.078941,-3.005435
3.819000,-0.008605,-2.084203,-2.922882
3.820000,-0.008704,-2.089466,-2.867628
3.821000,-0.008572,-2.093741,-2.821254
3.822000,-0.008375,-2.098346,-2.781458
3.823000,-0.008045,-2.103608,-2.696274
3.824000,-0.007947,-2.108212,-2.642007
3.825000,-0.008111,-2.112488,-2.594317
3.826000,-0.008078,-2.117093,-2.554192
3.827000,-0.007650,-2.121039,-2.467364
3.828000,-0.007387,-2.125644,-2.413755
3.829000,-0.007321,-2.129919,-2.368367
3.830000,-0.008144,-2.132879,-2.324295
3.831000,-0.007222,-2.138142,-2.237796
3.832000,-0.006728,-2.141102,-2.183200
3.833000,-0.006695,-2.145049,-2.138800
3.834000,-0.006234,-2.148995,-2.084532
3.835000,-0.006629,-2.152942,-2.005269
3.836000,-0.006959,-2.156889,-1.951988
3.837000,-0.007387,-2.160507,-1.906601
3.838000,-0.005181,-2.161493,-1.849045
3.839000,-0.006366,-2.166755,-1.771755
3.840000,-0.006597,-2.171360,-1.722421
3.841000,-0.003962,-2.170702,-1.678020
3.842000,-0.007222,-2.177280,-1.610268
3.843000,-0.005938,-2.178267,-1.538899
3.844000,-0.004720,-2.180240,-1.487262
3.845000,-0.005707,-2.184187,-1.442533
3.846000,-0.007420,-2.188791,-1.377083
3.847000,-0.002184,-2.185831,-1.311634
3.848000,-0.006037,-2.192409,-1.261313
3.849000,-0.006959,-2.196027,-1.215268
3.850000,-0.005740,-2.197343,-1.143899
3.851000,-0.006168,-2.198987,-1.073187
3.852000,-0.007255,-2.202605,-1.026484
3.853000,-0.000110,-2.196027,-0.984057
3.854000,-0.002118,-2.200632,-0.912030
3.855000,-0.006728,-2.207867,-0.848553
3.856000,0.001043,-2.200632,-0.794615
3.857000,0.001076,-2.201289,-0.751201
3.858000,0.001339,-2.202605,-0.672267
3.859000,-0.007123,-2.213458,-0.620631
3.860000,-0.006597,-2.215761,-0.569324
3.861000,0.000088,-2.205894,-0.520319
3.862000,-0.001163,-2.205894,-0.436452
3.863000,-0.001921,-2.216747,-0.388434
3.864000,-0.004621,-2.215761,-0.335811
3.865000,0.002393,-2.210169,-0.295029
3.866000,-0.004357,-2.209183,-0.212148
3.867000,-0.000373,-2.211814,-0.147027
3.868000,-0.000439,-2.212143,-0.102298
3.869000,-0.000274,-2.212143,-0.061187
3.870000,0.000121,-2.211485,0.023667
3.871000,0.000351,-2.211156,0.078921
3.872000,0.000121,-2.210827,0.125952
3.873000,0.002162,-2.208525,0.166077
3.874000,-0.002612,-2.206880,0.256522
3.875000,0.005192,-2.209183,0.301909
3.876000,-0.000768,-2.204907,0.360781
3.877000,0.003513,-2.206880,0.403208
3.878000,-0.001130,-2.207209,0.480497
3.879000,0.002788,-2.203592,0.540355
3.880000,0.004928,-2.198329,0.585413
3.881000,0.001603,-2.200960,0.634418
3.882000,0.002986,-2.196685,0.717627
3.883000,0.002130,-2.194711,0.769921
3.884000,0.003941,-2.191422,0.813335
3.885000,0.002986,-2.190436,0.875166
3.886000,0.003578,-2.188791,0.944891
3.887000,0.003414,-2.185502,0.996198
3.888000,0.004006,-2.182542,1.039611
3.889000,0.004402,-2.179253,1.106047
3.890000,0.004698,-2.176951,1.172812
3.891000,0.005192,-2.173662,1.223132
3.892000,0.004994,-2.169387,1.265888
3.893000,0.004994,-2.166427,1.335942
3.894000,0.005587,-2.162809,1.401062
3.895000,0.005949,-2.158862,1.449738
3.896000,0.006279,-2.155244,1.489863
3.897000,0.006476,-2.150640,1.563863
3.898000,0.006410,-2.147022,1.622734
3.899000,0.006608,-2.142417,1.669766
3.900000,0.006838,-2.137155,1.708575
3.901000,0.007332,-2.132879,1.786522
3.902000,0.007662,-2.128275,1.844735
3.903000,0.007464,-2.123013,1.892424
3.904000,0.007694,-2.118079,1.930904
3.905000,0.008221,-2.112159,2.009509
3.906000,0.008551,-2.107884,2.065749
3.907000,0.008715,-2.101963,2.110478
3.908000,0.008880,-2.096043,2.150932
3.909000,0.009143,-2.089794,2.231839
3.910000,0.009407,-2.083874,2.287092
3.911000,0.009571,-2.078283,2.329519
3.912000,0.009769,-2.072034,2.368986
3.913000,0.010032,-2.066443,2.451208
3.914000,0.010131,-2.059207,2.504817
3.915000,0.010362,-2.052629,2.546915
3.916000,0.010691,-2.045394,2.585067
3.917000,0.010823,-2.039474,2.667289
3.918000,0.010987,-2.032567,2.719254
3.919000,0.011185,-2.025331,2.762996
3.920000,0.011053,-2.018096,2.807067
3.921000,0.011679,-2.010531,2.882054
3.922000,0.011909,-2.003624,2.930730
3.923000,0.011909,-1.995731,2.972828
3.924000,0.012008,-1.987838,3.024134
3.925000,0.012304,-1.980273,3.096490
3.926000,0.012601,-1.972380,3.140561
3.927000,0.012700,-1.964486,3.182659
3.928000,0.012831,-1.956922,3.239886
3.929000,0.013029,-1.948041,3.305335
3.930000,0.013194,-1.939819,3.350393
3.931000,0.013292,-1.931597,3.391833
3.932000,0.013424,-1.923374,3.451033
3.933000,0.013523,-1.914823,3.513193
3.934000,0.013687,-1.906601,3.558909
3.935000,0.013786,-1.897721,3.597060
3.936000,0.014148,-1.889170,3.664154
3.937000,0.014280,-1.879961,3.722367
3.938000,0.014346,-1.871080,3.766767
3.939000,0.014313,-1.862529,3.803603
3.940000,0.014544,-1.852991,3.874314
3.941000,0.014675,-1.843782,3.929239
3.942000,0.014807,-1.834902,3.972323
3.943000,0.014972,-1.825693,4.008501
3.944000,0.015038,-1.816155,4.080857
3.945000,0.015202,-1.806617,4.136110
3.946000,0.015301,-1.797080,4.176893
3.947000,0.015433,-1.787213,4.213070
3.948000,0.015597,-1.778004,4.287071
3.949000,0.015630,-1.769124,4.338377
3.950000,0.015531,-1.758928,4.380804
3.951000,0.015762,-1.748732,4.415666
3.952000,0.015960,-1.738865,4.490982
3.953000,0.015992,-1.728999,4.540316
3.954000,0.016025,-1.719461,4.581427
3.955000,0.015927,-1.709265,4.616289
3.956000,0.016157,-1.699727,4.694894
3.957000,0.016190,-1.689532,4.742912
3.958000,0.016322,-1.679336,4.781392
3.959000,0.016388,-1.669469,4.817898
3.960000,0.016388,-1.659273,4.896503
3.961000,0.016421,-1.648749,4.940903
3.962000,0.016618,-1.638224,4.981685
3.963000,0.016618,-1.628357,5.023454
3.964000,0.016816,-1.618162,5.094823
3.965000,0.016882,-1.607308,5.139552
3.966000,0.016816,-1.597770,5.178690
3.967000,0.016882,-1.586917,5.227037
3.968000,0.016947,-1.576392,5.291499
3.969000,0.017112,-1.565868,5.336557
3.970000,0.017046,-1.555014,5.372735
3.971000,0.017013,-1.545148,5.427331
3.972000,0.017112,-1.534623,5.486860
3.973000,0.017145,-1.523441,5.529286
3.974000,0.017277,-1.512587,5.562504
3.975000,0.017310,-1.502392,5.623020
3.976000,0.017441,-1.491209,5.678273
3.977000,0.017441,-1.480685,5.720042
3.978000,0.017310,-1.470160,5.754247
3.979000,0.017441,-1.459307,5.816407
3.980000,0.017573,-1.448453,5.868372
3.981000,0.017540,-1.437271,5.908167
3.982000,0.017672,-1.426088,5.940727
3.983000,0.017672,-1.416222,6.002888
3.984000,0.017771,-1.405368,6.050905
3.985000,0.017639,-1.393857,6.087412
3.986000,0.017804,-1.383003,6.119643
3.987000,0.017902,-1.371821,6.184435
3.988000,0.017935,-1.361625,6.230479
3.989000,0.017902,-1.350772,6.265342
3.990000,0.017836,-1.339261,6.296915
3.991000,0.017902,-1.328407,6.362035
3.992000,0.018067,-1.316896,6.406764
3.993000,0.018067,-1.306372,6.441626
3.994000,0.018001,-1.295847,6.471227
3.995000,0.018133,-1.284336,6.537662
3.996000,0.018067,-1.273153,6.579431
3.997000,0.018232,-1.261971,6.614951
3.998000,0.018166,-1.250789,6.641592
3.999000,0.018265,-1.239606,6.712303
4.000000,0.018265,-1.228095,6.751441
4.001000,0.018199,-1.217242,6.782685
4.002000,0.018265,-1.205730,6.808996
4.003000,0.018462,-1.194219,6.881023
4.004000,0.018495,-1.183037,6.917859
4.005000,0.018495,-1.172183,6.948775
4.006000,0.018363,-1.160672,6.982979
4.007000,0.018297,-1.149490,7.043824
4.008000,0.018594,-1.137979,7.078357
4.009000,0.018561,-1.126467,7.106313
4.010000,0.018594,-1.115285,7.149069
4.011000,0.018594,-1.104432,7.202349
4.012000,0.018594,-1.092591,7.237869
4.013000,0.018561,-1.081080,7.265167
4.014000,0.018758,-1.069569,7.309896
4.015000,0.018726,-1.058058,7.358243
4.016000,0.018627,-1.046547,7.392447
4.017000,0.018726,-1.035693,7.418430
4.018000,0.018791,-1.023853,7.466448
4.019000,0.018791,-1.012013,7.509532
4.020000,0.018923,-1.000502,7.539461
4.021000,0.018824,-0.989319,7.564128
4.022000,0.018857,-0.977808,7.613791
4.023000,0.018989,-0.965968,7.654244
4.024000,0.018923,-0.953799,7.685160
4.025000,0.019187,-0.942617,7.707853
4.026000,0.019088,-0.930776,7.758173
4.027000,0.019022,-0.919265,7.795667
4.028000,0.018989,-0.908083,7.821978
4.029000,0.018923,-0.895914,7.844672
4.030000,0.019187,-0.884732,7.897623
4.031000,0.019121,-0.872891,7.932485
4.032000,0.019187,-0.860722,7.958139
4.033000,0.019252,-0.849211,7.979517
4.034000,0.019154,-0.837700,8.030824
4.035000,0.019154,-0.826189,8.062397
4.036000,0.019154,-0.813691,8.086735
4.037000,0.019351,-0.802180,8.104495
4.038000,0.019384,-0.790340,8.156789
4.039000,0.019351,-0.778828,8.186389
4.040000,0.019285,-0.766659,8.210069
4.041000,0.019417,-0.754819,8.225856
4.042000,0.019351,-0.743637,8.278807
4.043000,0.019483,-0.731139,8.306763
4.044000,0.019450,-0.719628,8.327812
4.045000,0.019417,-0.707788,8.343927
4.046000,0.019417,-0.695619,8.396550
4.047000,0.019516,-0.683450,8.421546
4.048000,0.019648,-0.671281,8.441608
4.049000,0.019516,-0.660427,8.462328
4.050000,0.019582,-0.648258,8.507057
4.051000,0.019516,-0.636418,8.531395
4.052000,0.019582,-0.623920,8.549155
4.053000,0.019516,-0.612738,8.576453
4.054000,0.019713,-0.600240,8.612302
4.055000,0.019648,-0.588400,8.634996
4.056000,0.019648,-0.576231,8.651769
4.057000,0.019615,-0.563733,8.680383
4.058000,0.019746,-0.552222,8.711956
4.059000,0.019845,-0.539395,8.731690
4.060000,0.019944,-0.528213,8.746490
4.061000,0.019713,-0.516044,8.777077
4.062000,0.019746,-0.504204,8.807992
4.063000,0.019812,-0.491377,8.825752
4.064000,0.019812,-0.479208,8.838579
4.065000,0.019911,-0.467697,8.871139
4.066000,0.019812,-0.456185,8.896793
4.067000,0.019845,-0.443688,8.913238
4.068000,0.019713,-0.431519,8.926064
4.069000,0.019878,-0.419350,8.955664
4.070000,0.019977,-0.406852,8.978029
4.071000,0.020010,-0.395340,8.991185
4.072000,0.019812,-0.382185,9.001380
4.073000,0.019944,-0.370345,9.033612
4.074000,0.020010,-0.358176,9.051372
4.075000,0.019977,-0.346007,9.064527
4.076000,0.020010,-0.333838,9.073079
4.077000,0.020043,-0.321998,9.106954
4.078000,0.019977,-0.309829,9.122083
4.079000,0.019944,-0.297660,9.134910
4.080000,0.020109,-0.285162,9.142146
4.081000,0.020076,-0.272993,9.172733
4.082000,0.020043,-0.261153,9.188519
4.083000,0.019944,-0.248655,9.200360
4.084000,0.020043,-0.236815,9.204306
4.085000,0.020043,-0.224646,9.234564
4.086000,0.020174,-0.212148,9.247720
4.087000,0.020109,-0.199650,9.256271
4.088000,0.020109,-0.187481,9.262520
4.089000,0.020043,-0.175641,9.288502
4.090000,0.020109,-0.163143,9.302316
4.091000,0.020141,-0.150645,9.308565
4.092000,0.020240,-0.138476,9.317116
4.093000,0.020306,-0.126307,9.337507
4.094000,0.020076,-0.114138,9.348361
4.095000,0.020076,-0.101640,9.352307
4.096000,0.020141,-0.089800,9.362174
4.097000,0.020109,-0.077302,9.379934
4.098000,0.020240,-0.065133,9.389143
4.099000,0.020240,-0.052636,9.393090
4.100000,0.020076,-0.040795,9.404272
4.101000,0.020141,-0.028298,9.418086
4.102000,0.020141,-0.016457,9.423348
4.103000,0.020273,-0.003960,9.427295
4.104000,0.020207,0.008209,9.438477
4.105000,0.020141,0.020707,9.449330
4.106000,0.020174,0.033205,9.451961
4.107000,0.020109,0.045703,9.455250
4.108000,0.020174,0.057543,9.465117
4.109000,0.020273,0.069712,9.474326
4.110000,0.020174,0.082210,9.475642
4.111000,0.020109,0.094050,9.474326
4.112000,0.020207,0.106219,9.485837
4.113000,0.020174,0.118717,9.490771
4.114000,0.020207,0.130886,9.491100
4.115000,0.020207,0.144041,9.488139
4.116000,0.020207,0.155224,9.497348
4.117000,0.020141,0.167393,9.499322
4.118000,0.020174,0.179891,9.499651
4.119000,0.020141,0.192388,9.498006
4.120000,0.020174,0.204886,9.505242
4.121000,0.020141,0.216398,9.505571
4.122000,0.020109,0.228567,9.503926
4.123000,0.020109,0.241064,9.499651
4.124000,0.020076,0.253233,9.501295
4.125000,0.020109,0.265402,9.498006
4.126000,0.020076,0.278229,9.491428
4.127000,0.020109,0.289411,9.486495
4.128000,0.020076,0.301580,9.479588
4.129000,0.019878,0.314407,9.473010
4.130000,0.019977,0.326247,9.462486
4.131000,0.020010,0.338745,9.452948
4.132000,0.020010,0.350585,9.443081
4.133000,0.019911,0.362754,9.433215
4.134000,0.019977,0.374923,9.424006
4.135000,0.019812,0.386434,9.412494
4.136000,0.019911,0.398932,9.401641
4.137000,0.020043,0.411430,9.390788
4.138000,0.019911,0.423270,9.378948
4.139000,0.019878,0.435110,9.367765
4.140000,0.019812,0.446950,9.356912
4.141000,0.019746,0.458461,9.345401
4.142000,0.019746,0.470630,9.332574
4.143000,0.019746,0.483128,9.322049
4.144000,0.019713,0.494639,9.311525
4.145000,0.019615,0.506151,9.299685
4.146000,0.019582,0.518977,9.287845
4.147000,0.019615,0.530488,9.276333
4.148000,0.019845,0.542657,9.264822
4.149000,0.019680,0.554169,9.253969
4.150000,0.019648,0.566009,9.242129
4.151000,0.019483,0.577849,9.230289
4.152000,0.019483,0.590018,9.218120
4.153000,0.019516,0.601529,9.206937
4.154000,0.019516,0.613369,9.196413
4.155000,0.019549,0.625209,9.184244
4.156000,0.019450,0.637049,9.172404
4.157000,0.019483,0.648889,9.160893
4.158000,0.019351,0.660729,9.149052
4.159000,0.019450,0.672569,9.139186
4.160000,0.019549,0.684409,9.127675
4.161000,0.019516,0.696250,9.115506
4.162000,0.019384,0.707761,9.103665
4.163000,0.019318,0.719272,9.091168
4.164000,0.019285,0.731441,9.081959
4.165000,0.019318,0.743610,9.069461
4.166000,0.019351,0.755121,9.057621
4.167000,0.019483,0.766303,9.045452
4.168000,0.019219,0.777814,9.034598
4.169000,0.019351,0.789326,9.023087
4.170000,0.019252,0.801823,9.012892
4.171000,0.019252,0.812677,9.000723
4.172000,0.019318,0.824517,8.988554
4.173000,0.019318,0.835699,8.976713
4.174000,0.019318,0.847210,8.965531
4.175000,0.019088,0.859708,8.948429
4.176000,0.019187,0.870562,8.932971
4.177000,0.019252,0.882731,8.919158
4.178000,0.019252,0.894242,8.901726
4.179000,0.019154,0.905424,8.881006
4.180000,0.018956,0.917264,8.860944
4.181000,0.018857,0.929104,8.843842
4.182000,0.018956,0.939958,8.824766
4.183000,0.019022,0.952127,8.796810
4.184000,0.018956,0.962980,8.774774
4.185000,0.018890,0.974491,8.755370
4.186000,0.018923,0.985673,8.733005
4.187000,0.018726,0.997513,8.703405
4.188000,0.018791,1.008696,8.681369
4.189000,0.018857,1.020536,8.659991
4.190000,0.018758,1.031718,8.633351
4.191000,0.018693,1.041914,8.605396
4.192000,0.018594,1.053754,8.582044
4.193000,0.018528,1.065265,8.560009
4.194000,0.018594,1.076447,8.528764
4.195000,0.018660,1.087301,8.500479
4.196000,0.018462,1.098483,8.475813
4.197000,0.018330,1.109336,8.453119
4.198000,0.018396,1.120519,8.417270
4.199000,0.018363,1.132030,8.387341
4.200000,0.018396,1.142883,8.362016
4.201000,0.018265,1.153736,8.339652
4.202000,0.018199,1.164590,8.299527
4.203000,0.018034,1.175772,8.268611
4.204000,0.018232,1.186626,8.241971
4.205000,0.018133,1.198137,8.217633
4.206000,0.018133,1.208332,8.177509
4.207000,0.017968,1.218857,8.144949
4.208000,0.017902,1.229381,8.118966
4.209000,0.018001,1.240564,8.094957
4.210000,0.017968,1.251417,8.050886
4.211000,0.017869,1.262599,8.017339
4.212000,0.017804,1.272795,7.988397
4.213000,0.017705,1.283319,7.965045
4.214000,0.017606,1.294173,7.918014
4.215000,0.017606,1.304368,7.883152
4.216000,0.017606,1.315222,7.853880
4.217000,0.017507,1.325417,7.827898
4.218000,0.017343,1.336271,7.778236
4.219000,0.017277,1.347124,7.744689
4.220000,0.017310,1.356991,7.715747
4.221000,0.017343,1.367515,7.686475
4.222000,0.017277,1.377711,7.633853
4.223000,0.017211,1.387906,7.600964
4.224000,0.017112,1.398431,7.570377
4.225000,0.017079,1.408955,7.535844
4.226000,0.017046,1.419151,7.485852
4.227000,0.017013,1.429018,7.450990
4.228000,0.016947,1.438885,7.420403
4.229000,0.016783,1.449080,7.380607
4.230000,0.016684,1.458618,7.336207
4.231000,0.016618,1.469800,7.300358
4.232000,0.016783,1.479338,7.270100
4.233000,0.016651,1.489205,7.227673
4.234000,0.016585,1.499071,7.181629
4.235000,0.016421,1.509267,7.145780
4.236000,0.016486,1.518476,7.114206
4.237000,0.016388,1.528672,7.061913
4.238000,0.016388,1.538209,7.018170
4.239000,0.016421,1.547747,6.980677
4.240000,0.016190,1.557614,6.948446
4.241000,0.016124,1.567152,6.894508
4.242000,0.015992,1.576690,6.851423
4.243000,0.016025,1.586227,6.815245
4.244000,0.016058,1.596423,6.784001
4.245000,0.015861,1.605303,6.726445
4.246000,0.015696,1.614512,6.682374
4.247000,0.015795,1.624379,6.645209
4.248000,0.015729,1.633588,6.613307
4.249000,0.015499,1.642797,6.550489
4.250000,0.015499,1.652992,6.505102
4.251000,0.015499,1.661543,6.468595
4.252000,0.015400,1.670423,6.436364
4.253000,0.015268,1.679961,6.372889
4.254000,0.015235,1.689170,6.327502
4.255000,0.015169,1.698379,6.290008
4.256000,0.015169,1.706601,6.256790
4.257000,0.014939,1.715481,6.189039
4.258000,0.014840,1.724690,6.144968
4.259000,0.014873,1.733899,6.105501
4.260000,0.014807,1.743108,6.071626
4.261000,0.014642,1.751001,6.000585
4.262000,0.014609,1.759881,5.955527
4.263000,0.014445,1.768433,5.918034
4.264000,0.014148,1.776984,5.881527
4.265000,0.014346,1.786193,5.811803
4.266000,0.014280,1.793757,5.767074
4.267000,0.014346,1.802308,5.728594
4.268000,0.014083,1.810859,5.685838
4.269000,0.013984,1.819082,5.618744
4.270000,0.013951,1.828291,5.572371
4.271000,0.013951,1.836184,5.534220
4.272000,0.013885,1.844077,5.481926
4.273000,0.013687,1.851642,5.420424
4.274000,0.013523,1.859864,5.374708
4.275000,0.013490,1.868744,5.336557
4.276000,0.013457,1.876309,5.276042
4.277000,0.013424,1.884202,5.219144
4.278000,0.013226,1.892095,5.172112
4.279000,0.013161,1.899660,5.133961
4.280000,0.013029,1.907553,5.071472
4.281000,0.012963,1.914789,5.015232
4.282000,0.013062,1.922682,4.970832
4.283000,0.012765,1.929918,4.932023
4.284000,0.012601,1.938140,4.864601
4.285000,0.012568,1.945704,4.808032
4.286000,0.012403,1.952940,4.763303
4.287000,0.012469,1.960176,4.723178
4.288000,0.012370,1.967082,4.652138
4.289000,0.012140,1.973989,4.596556
4.290000,0.011942,1.981882,4.551169
4.291000,0.012074,1.988131,4.511044
4.292000,0.011942,1.996353,4.439018
4.293000,0.011909,2.002602,4.384422
4.294000,0.011679,2.009509,4.340022
4.295000,0.011580,2.015758,4.301213
4.296000,0.011415,2.022665,4.223924
4.297000,0.011350,2.030229,4.168670
4.298000,0.011382,2.036807,4.124928
4.299000,0.011350,2.042727,4.085790
4.300000,0.010921,2.049634,4.005212
4.301000,0.010823,2.056211,3.952590
4.302000,0.010823,2.062131,3.908519
4.303000,0.010790,2.068052,3.869710
4.304000,0.010691,2.074958,3.784856
4.305000,0.010395,2.080878,3.732892
4.306000,0.010428,2.086798,3.687505
4.307000,0.009341,2.093047,3.646394
4.308000,0.010098,2.098967,3.563842
4.309000,0.009999,2.104887,3.510891
4.310000,0.009934,2.110807,3.467478
4.311000,0.009670,2.116069,3.416829
4.312000,0.009538,2.121989,3.340855
4.313000,0.009571,2.127581,3.287904
4.314000,0.009571,2.132514,3.244162
4.315000,0.009275,2.137776,3.186277
4.316000,0.008979,2.143367,3.117868
4.317000,0.008880,2.148958,3.066890
4.318000,0.008913,2.153892,3.024134
4.319000,0.008946,2.159154,2.959672
4.320000,0.008649,2.163759,2.894223
4.321000,0.008485,2.168692,2.844232
4.322000,0.008254,2.173954,2.799174
4.323000,0.008221,2.178230,2.730436
4.324000,0.008024,2.183163,2.665973
4.325000,0.008057,2.187110,2.615324
4.326000,0.007826,2.191714,2.572240
4.327000,0.007596,2.196648,2.499226
4.328000,0.007332,2.200923,2.436737
4.329000,0.007332,2.205856,2.387733
4.330000,0.007464,2.209145,2.344977
4.331000,0.007201,2.212763,2.267359
4.332000,0.006904,2.217039,2.207501
4.333000,0.006608,2.221314,2.158825
4.334000,0.006674,2.224932,2.115741
4.335000,0.006674,2.228550,2.035491
4.336000,0.006443,2.231181,1.974976
4.337000,0.006114,2.235457,1.926300
4.338000,0.005818,2.239074,1.883873
4.339000,0.005653,2.242692,1.801322
4.340000,0.005818,2.245323,1.743437
4.341000,0.005653,2.248283,1.696406
4.342000,0.005488,2.250914,1.653650
4.343000,0.004731,2.254203,1.568796
4.344000,0.004797,2.257163,1.512227
4.345000,0.004928,2.260452,1.463222
4.346000,0.004830,2.262097,1.422769
4.347000,0.004665,2.264728,1.335284
4.348000,0.003875,2.267688,1.280030
4.349000,0.004270,2.269661,1.231026
4.350000,0.003677,2.269332,1.191559
4.351000,0.003480,2.272950,1.102101
4.352000,0.002459,2.274923,1.050794
4.353000,0.002525,2.275581,1.001131
4.354000,0.004994,2.280514,0.947851
4.355000,0.004863,2.281830,0.865957
4.356000,0.000286,2.279528,0.818597
4.357000,0.000615,2.282159,0.771566
4.358000,0.004698,2.285777,0.709734
4.359000,0.000187,2.283146,0.632774
4.360000,0.004467,2.289723,0.585742
4.361000,0.000220,2.287092,0.534764
4.362000,0.003216,2.287750,0.475235
4.363000,-0.002316,2.288079,0.405181
4.364000,0.001471,2.285448,0.347296
4.365000,-0.002974,2.290381,0.313749
4.366000,-0.001526,2.291368,0.240735
4.367000,0.002887,2.291039,0.169037
4.368000,0.000516,2.290052,0.123979
4.369000,0.000253,2.290381,0.080894
4.370000,-0.000143,2.290052,0.006565
4.371000,-0.000340,2.289723,-0.056911
4.372000,-0.000439,2.288737,-0.105258
4.373000,-0.000669,2.288408,-0.148014
4.374000,0.002788,2.283474,-0.222672
4.375000,0.002722,2.282488,-0.296344
4.376000,-0.002909,2.279528,-0.343705
4.377000,0.002195,2.289723,-0.369029
4.378000,-0.000834,2.287092,-0.453883
4.379000,-0.003435,2.277554,-0.517030
4.380000,-0.005905,2.276897,-0.570969
4.381000,-0.006004,2.273608,-0.605502
4.382000,-0.004720,2.274923,-0.692001
4.383000,-0.006794,2.270319,-0.746597
4.384000,-0.006300,2.268674,-0.789682
4.385000,-0.003995,2.268674,-0.838358
4.386000,-0.003765,2.267359,-0.909399
4.387000,-0.001295,2.267688,-0.968270
4.388000,-0.006103,2.260123,-1.013657
4.389000,-0.005707,2.258150,-1.053782
4.390000,-0.003337,2.256177,-1.143899
4.391000,-0.003040,2.254861,-1.198166
4.392000,-0.004160,2.250257,-1.243882
4.393000,-0.006597,2.244665,-1.291242
4.394000,-0.006333,2.241377,-1.369190
4.395000,-0.005543,2.238417,-1.421484
4.396000,-0.005707,2.234799,-1.466871
4.397000,-0.006267,2.230194,-1.514232
4.398000,-0.006465,2.226248,-1.591850
4.399000,-0.006893,2.222301,-1.643815
4.400000,-0.006860,2.218025,-1.689860
4.401000,-0.006926,2.213092,-1.743470
4.402000,-0.007519,2.207830,-1.817142
4.403000,-0.007782,2.203554,-1.865489
4.404000,-0.007947,2.198621,-1.908574
4.405000,-0.008078,2.193030,-1.967775
4.406000,-0.008210,2.187768,-2.037172
4.407000,-0.008539,2.182834,-2.085519
4.408000,-0.008770,2.176914,-2.127288
4.409000,-0.009132,2.170994,-2.191751
4.410000,-0.009165,2.165074,-2.257859
4.411000,-0.009363,2.159154,-2.306864
4.412000,-0.009395,2.153234,-2.347318
4.413000,-0.009988,2.146985,-2.416057
4.414000,-0.010285,2.140078,-2.477560
4.415000,-0.010350,2.133830,-2.526565
4.416000,-0.010350,2.126923,-2.565046
4.417000,-0.010614,2.120016,-2.637073
4.418000,-0.011108,2.112781,-2.695617
4.419000,-0.011404,2.106861,-2.741662
4.420000,-0.011503,2.098967,-2.781129
4.421000,-0.011437,2.092060,-2.855130
4.422000,-0.011602,2.084496,-2.911371
4.423000,-0.011964,2.076932,-2.955114
4.424000,-0.012161,2.069696,-2.993924
4.425000,-0.012524,2.061803,-3.070556
4.426000,-0.012524,2.054238,-3.123508
4.427000,-0.012557,2.046016,-3.168567
4.428000,-0.012688,2.037794,-3.206718
4.429000,-0.013116,2.029900,-3.284009
4.430000,-0.013347,2.021349,-3.335974
4.431000,-0.013446,2.013785,-3.379388
4.432000,-0.013347,2.004905,-3.415896
4.433000,-0.013577,1.996353,-3.496146
4.434000,-0.013808,1.987802,-3.546467
4.435000,-0.014071,1.978922,-3.586263
4.436000,-0.014104,1.970371,-3.621455
4.437000,-0.014269,1.961820,-3.704008
4.438000,-0.014137,1.952940,-3.755315
4.439000,-0.014335,1.943731,-3.794783
4.440000,-0.014368,1.934193,-3.836882
4.441000,-0.014927,1.925642,-3.912856
4.442000,-0.014829,1.916104,-3.961204
4.443000,-0.014763,1.907224,-4.001329
4.444000,-0.014796,1.897686,-4.050006
4.445000,-0.015191,1.887820,-4.118745
4.446000,-0.015421,1.878940,-4.165448
4.447000,-0.015487,1.869402,-4.203929
4.448000,-0.015388,1.860522,-4.259184
4.449000,-0.015553,1.849668,-4.324305
4.450000,-0.015652,1.840788,-4.368048
4.451000,-0.015751,1.830593,-4.406529
4.452000,-0.016014,1.820397,-4.466389
4.453000,-0.015981,1.811188,-4.527563
4.454000,-0.015882,1.800664,-4.571307
4.455000,-0.015915,1.791126,-4.607156
4.456000,-0.016212,1.781917,-4.671620
4.457000,-0.016212,1.770406,-4.728190
4.458000,-0.016376,1.760868,-4.771276
4.459000,-0.016343,1.750673,-4.806797
4.460000,-0.016409,1.740477,-4.873234
4.461000,-0.016508,1.730281,-4.926515
4.462000,-0.016706,1.720086,-4.968943
4.463000,-0.016870,1.709890,-5.002490
4.464000,-0.016771,1.699037,-5.072546
4.465000,-0.016804,1.689170,-5.123525
4.466000,-0.016706,1.678317,-5.164637
4.467000,-0.016870,1.667792,-5.198513
4.468000,-0.017134,1.657268,-5.270542
4.469000,-0.017068,1.647730,-5.319219
4.470000,-0.017068,1.636548,-5.359344
4.471000,-0.017035,1.626023,-5.392892
4.472000,-0.017101,1.615170,-5.465907
4.473000,-0.017430,1.604974,-5.511953
4.474000,-0.017364,1.594450,-5.548790
4.475000,-0.017331,1.583267,-5.581351
4.476000,-0.017331,1.572743,-5.657326
4.477000,-0.017397,1.561889,-5.703372
4.478000,-0.017529,1.551365,-5.738893
4.479000,-0.017825,1.540183,-5.770467
4.480000,-0.017693,1.529658,-5.847101
4.481000,-0.017595,1.518805,-5.891502
4.482000,-0.017595,1.507951,-5.927023
4.483000,-0.017660,1.497098,-5.964518
4.484000,-0.017792,1.485916,-6.028324
4.485000,-0.017825,1.475391,-6.069107
4.486000,-0.017660,1.464538,-6.101997
4.487000,-0.017693,1.453356,-6.145412
4.488000,-0.017858,1.442502,-6.207574
4.489000,-0.018089,1.431978,-6.247042
4.490000,-0.018121,1.420467,-6.278616
4.491000,-0.018154,1.409613,-6.328938
4.492000,-0.017891,1.398431,-6.383535
4.493000,-0.017957,1.387249,-6.421688
4.494000,-0.018121,1.376395,-6.450960
4.495000,-0.018253,1.365542,-6.506215
4.496000,-0.018023,1.354689,-6.558181
4.497000,-0.018056,1.342848,-6.594031
4.498000,-0.018121,1.332324,-6.623961
4.499000,-0.018253,1.320155,-6.680203
4.500000,-0.018451,1.309631,-6.726907
4.501000,-0.018253,1.298448,-6.763086
4.502000,-0.018154,1.286937,-6.791043
4.503000,-0.018352,1.275755,-6.849916
4.504000,-0.018418,1.263915,-6.894646
4.505000,-0.018582,1.253061,-6.929181
4.506000,-0.018385,1.241550,-6.957466
4.507000,-0.018451,1.230368,-7.015353
4.508000,-0.018484,1.218199,-7.056137
4.509000,-0.018681,1.208003,-7.088369
4.510000,-0.018681,1.196163,-7.113694
4.511000,-0.018648,1.184981,-7.174870
4.512000,-0.018582,1.173141,-7.214667
4.513000,-0.018582,1.161630,-7.245913
4.514000,-0.018615,1.150448,-7.270909
4.515000,-0.018780,1.138607,-7.333729
4.516000,-0.018747,1.127754,-7.370237
4.517000,-0.018780,1.116572,-7.399181
4.518000,-0.018648,1.104732,-7.423519
4.519000,-0.018615,1.093221,-7.485024
4.520000,-0.018912,1.081709,-7.518901
4.521000,-0.019011,1.069869,-7.546858
4.522000,-0.019011,1.058358,-7.567578
4.523000,-0.019011,1.047505,-7.630070
4.524000,-0.018945,1.035665,-7.662302
4.525000,-0.018879,1.023496,-7.690259
4.526000,-0.019076,1.012314,-7.715256
4.527000,-0.019142,1.000473,-7.771498
4.528000,-0.019208,0.988962,-7.802086
4.529000,-0.019109,0.976793,-7.827411
4.530000,-0.018978,0.964953,-7.860302
4.531000,-0.019076,0.953442,-7.909308
4.532000,-0.019241,0.941602,-7.940225
4.533000,-0.019406,0.930091,-7.962590
4.534000,-0.019175,0.918909,-8.000085
4.535000,-0.019109,0.906740,-8.041198
4.536000,-0.019241,0.894900,-8.068826
4.537000,-0.019241,0.883059,-8.088889
4.538000,-0.019340,0.871219,-8.128357
4.539000,-0.019570,0.860037,-8.165195
4.540000,-0.019208,0.847868,-8.190849
4.541000,-0.019307,0.835699,-8.210254
4.542000,-0.019439,0.824188,-8.253341
4.543000,-0.019603,0.812019,-8.286889
4.544000,-0.019570,0.800179,-8.311228
4.545000,-0.019636,0.788339,-8.330633
4.546000,-0.019504,0.776499,-8.373391
4.547000,-0.019439,0.764330,-8.403650
4.548000,-0.019504,0.752490,-8.425686
4.549000,-0.019570,0.740650,-8.441145
4.550000,-0.019669,0.729139,-8.483573
4.551000,-0.019472,0.717299,-8.514819
4.552000,-0.019504,0.704472,-8.534553
4.553000,-0.019537,0.693289,-8.550012
4.554000,-0.019801,0.680463,-8.591783
4.555000,-0.019768,0.669280,-8.619082
4.556000,-0.019702,0.656783,-8.637172
4.557000,-0.019537,0.644943,-8.651314
4.558000,-0.019603,0.633102,-8.692099
4.559000,-0.019801,0.620605,-8.715451
4.560000,-0.019965,0.608436,-8.732883
4.561000,-0.019900,0.596924,-8.745052
4.562000,-0.019768,0.584756,-8.787152
4.563000,-0.019570,0.572258,-8.809846
4.564000,-0.019834,0.560746,-8.826949
4.565000,-0.019900,0.548578,-8.836817
4.566000,-0.019965,0.536409,-8.878916
4.567000,-0.019965,0.524240,-8.898322
4.568000,-0.019900,0.512399,-8.913451
4.569000,-0.020064,0.500231,-8.925292
4.570000,-0.020031,0.487733,-8.960156
4.571000,-0.020196,0.475893,-8.976930
4.572000,-0.019998,0.463066,-8.989757
4.573000,-0.019900,0.451226,-9.006861
4.574000,-0.019933,0.439386,-9.035475
4.575000,-0.019965,0.426888,-9.049947
4.576000,-0.020196,0.414390,-9.060801
4.577000,-0.019998,0.402550,-9.081522
4.578000,-0.019834,0.390710,-9.106519
4.579000,-0.019998,0.378541,-9.121320
4.580000,-0.020064,0.366043,-9.130529
4.581000,-0.020196,0.353874,-9.151250
4.582000,-0.020262,0.341705,-9.172629
4.583000,-0.020064,0.329207,-9.185127
4.584000,-0.020097,0.317367,-9.192692
4.585000,-0.020163,0.305198,-9.214729
4.586000,-0.020130,0.292700,-9.231832
4.587000,-0.020196,0.280531,-9.243344
4.588000,-0.020163,0.268362,-9.250579
4.589000,-0.020031,0.256522,-9.272287
4.590000,-0.020196,0.243696,-9.287746
4.591000,-0.020262,0.231855,-9.297284
4.592000,-0.020262,0.219029,-9.302218
4.593000,-0.020229,0.206860,-9.321294
4.594000,-0.019998,0.195020,-9.334450
4.595000,-0.020031,0.182522,-9.341029
4.596000,-0.020163,0.170024,-9.345304
4.597000,-0.020295,0.158184,-9.364052
4.598000,-0.020295,0.146015,-9.377537
4.599000,-0.020196,0.133517,-9.381813
4.600000,-0.020064,0.121348,-9.384773
4.601000,-0.020229,0.109179,-9.403192
4.602000,-0.020361,0.097010,-9.413717
4.603000,-0.020328,0.084841,-9.416019
4.604000,-0.020031,0.072672,-9.418979
4.605000,-0.020262,0.060174,-9.435753
4.606000,-0.020130,0.048005,-9.443647
4.607000,-0.020196,0.035178,-9.445292
4.608000,-0.020229,0.023996,-9.445621
4.609000,-0.020229,0.010841,-9.459764
4.610000,-0.020295,-0.001000,-9.465355
4.611000,-0.020097,-0.013826,-9.467000
4.612000,-0.020097,-0.025995,-9.466671
4.613000,-0.020262,-0.037835,-9.477196
4.614000,-0.020262,-0.050991,-9.480156
4.615000,-0.020328,-0.062831,-9.480156
4.616000,-0.020130,-0.075329,-9.482129
4.617000,-0.020064,-0.087498,-9.491010
4.618000,-0.020229,-0.099338,-9.492325
4.619000,-0.020229,-0.111507,-9.491339
4.620000,-0.020262,-0.124005,-9.493312
4.621000,-0.020163,-0.136174,-9.496930
4.622000,-0.020064,-0.148672,-9.495943
4.623000,-0.020163,-0.160183,-9.493970
4.624000,-0.020163,-0.172352,-9.496272
4.625000,-0.020163,-0.184850,-9.496601
4.626000,-0.020031,-0.197348,-9.494628
4.627000,-0.020163,-0.209188,-9.491339
4.628000,-0.020196,-0.221686,-9.492325
4.629000,-0.020163,-0.233526,-9.491010
4.630000,-0.020262,-0.246024,-9.488378
4.631000,-0.020130,-0.258193,-9.481800
4.632000,-0.020097,-0.270033,-9.481471
4.633000,-0.020163,-0.282202,-9.477853
4.634000,-0.020064,-0.294042,-9.473907
4.635000,-0.020097,-0.306540,-9.466013
4.636000,-0.020064,-0.318709,-9.463053
4.637000,-0.019933,-0.330878,-9.457790
4.638000,-0.019933,-0.343047,-9.451212
4.639000,-0.019900,-0.354887,-9.443318
4.640000,-0.020031,-0.367385,-9.440029
4.641000,-0.020130,-0.378896,-9.433122
4.642000,-0.019933,-0.391065,-9.426544
4.643000,-0.019965,-0.402576,-9.417664
4.644000,-0.019900,-0.415732,-9.410757
4.645000,-0.020031,-0.428230,-9.401218
4.646000,-0.020064,-0.439083,-9.390693
4.647000,-0.019965,-0.450923,-9.382471
4.648000,-0.019834,-0.463092,-9.371288
4.649000,-0.019702,-0.475261,-9.360763
4.650000,-0.019867,-0.487430,-9.350567
4.651000,-0.019867,-0.499270,-9.340700
4.652000,-0.019834,-0.511110,-9.328530
4.653000,-0.019735,-0.522622,-9.318005
4.654000,-0.019669,-0.534462,-9.306493
4.655000,-0.019702,-0.547617,-9.296297
4.656000,-0.019834,-0.559129,-9.281497
4.657000,-0.019867,-0.570311,-9.269985
4.658000,-0.019735,-0.582809,-9.258144
4.659000,-0.019570,-0.594320,-9.245646
4.660000,-0.019603,-0.606160,-9.231832
4.661000,-0.019570,-0.618658,-9.216373
4.662000,-0.019702,-0.630169,-9.201901
4.663000,-0.019636,-0.642009,-9.186114
4.664000,-0.019406,-0.653192,-9.169011
4.665000,-0.019504,-0.665032,-9.154210
4.666000,-0.019504,-0.677201,-9.139409
4.667000,-0.019504,-0.688712,-9.121320
4.668000,-0.019504,-0.700881,-9.105203
4.669000,-0.019373,-0.712063,-9.086784
4.670000,-0.019307,-0.723246,-9.071655
4.671000,-0.019439,-0.734757,-9.051592
4.672000,-0.019406,-0.746926,-9.031199
4.673000,-0.019570,-0.758766,-9.015412
4.674000,-0.019274,-0.770606,-8.998309
4.675000,-0.019142,-0.782446,-8.975615
4.676000,-0.019142,-0.793629,-8.953578
4.677000,-0.019274,-0.804811,-8.934830
4.678000,-0.019274,-0.816651,-8.917398
4.679000,-0.019307,-0.827833,-8.891744
4.680000,-0.019043,-0.839344,-8.868391
4.681000,-0.019043,-0.851185,-8.850960
4.682000,-0.018912,-0.862696,-8.831883
4.683000,-0.019043,-0.873878,-8.802611
4.684000,-0.019109,-0.885389,-8.778600
4.685000,-0.018912,-0.896572,-8.758208
4.686000,-0.018945,-0.908083,-8.738474
4.687000,-0.018681,-0.919594,-8.706570
4.688000,-0.018747,-0.930776,-8.682889
4.689000,-0.018978,-0.941301,-8.661182
4.690000,-0.018978,-0.953141,-8.643092
4.691000,-0.018714,-0.964323,-8.606583
4.692000,-0.018550,-0.975835,-8.582902
4.693000,-0.018517,-0.987017,-8.560208
4.694000,-0.018648,-0.997870,-8.541132
4.695000,-0.018747,-1.009053,-8.502321
4.696000,-0.018451,-1.019906,-8.476666
4.697000,-0.018385,-1.030760,-8.452327
4.698000,-0.018451,-1.041942,-8.428317
4.699000,-0.018352,-1.053782,-8.391809
4.700000,-0.018418,-1.064307,-8.363852
4.701000,-0.018484,-1.074831,-8.339185
4.702000,-0.018253,-1.086343,-8.312543
4.703000,-0.018253,-1.096867,-8.273075
4.704000,-0.017957,-1.108378,-8.244131
4.705000,-0.018089,-1.118903,-8.219135
4.706000,-0.018154,-1.129756,-8.187560
4.707000,-0.018154,-1.140281,-8.150723
4.708000,-0.017990,-1.150805,-8.121122
4.709000,-0.017990,-1.161659,-8.096454
4.710000,-0.017891,-1.173499,-8.059946
4.711000,-0.018023,-1.182708,-8.022451
4.712000,-0.017891,-1.194219,-7.991863
4.713000,-0.017891,-1.205073,-7.966537
4.714000,-0.017726,-1.215268,-7.926411
4.715000,-0.017595,-1.225464,-7.889574
4.716000,-0.017628,-1.237304,-7.858328
4.717000,-0.017628,-1.246842,-7.831687
4.718000,-0.017693,-1.257367,-7.788601
4.719000,-0.017496,-1.267562,-7.750119
4.720000,-0.017364,-1.277758,-7.719860
4.721000,-0.017331,-1.288611,-7.692561
4.722000,-0.017331,-1.298807,-7.645857
4.723000,-0.017298,-1.309003,-7.605402
4.724000,-0.017430,-1.319198,-7.574485
4.725000,-0.017232,-1.329723,-7.546858
4.726000,-0.017035,-1.339919,-7.497851
4.727000,-0.016969,-1.349785,-7.458383
4.728000,-0.016903,-1.359981,-7.426480
4.729000,-0.017331,-1.370506,-7.396878
4.730000,-0.017002,-1.380043,-7.347543
4.731000,-0.016870,-1.390239,-7.307746
4.732000,-0.016574,-1.400106,-7.276171
4.733000,-0.016640,-1.410302,-7.248544
4.734000,-0.016508,-1.420168,-7.192631
4.735000,-0.016640,-1.430035,-7.154149
4.736000,-0.016442,-1.439902,-7.118957
4.737000,-0.016607,-1.449111,-7.091329
4.738000,-0.016310,-1.459307,-7.030811
4.739000,-0.016212,-1.469173,-6.991014
4.740000,-0.016146,-1.479040,-6.955164
4.741000,-0.016310,-1.488578,-6.926221
4.742000,-0.016277,-1.497787,-6.863072
4.743000,-0.016146,-1.507325,-6.825577
4.744000,-0.015882,-1.516863,-6.790385
4.745000,-0.015849,-1.526730,-6.753219
4.746000,-0.015981,-1.536267,-6.693359
4.747000,-0.015915,-1.545148,-6.655536
4.748000,-0.015915,-1.555014,-6.620014
4.749000,-0.015553,-1.563894,-6.576271
4.750000,-0.015487,-1.573432,-6.520358
4.751000,-0.015355,-1.581984,-6.479903
4.752000,-0.015520,-1.591521,-6.444053
4.753000,-0.015520,-1.601059,-6.395705
4.754000,-0.015421,-1.609611,-6.341107
4.755000,-0.015158,-1.618491,-6.300324
4.756000,-0.015026,-1.627042,-6.266447
4.757000,-0.015158,-1.636580,-6.210534
4.758000,-0.015026,-1.645460,-6.158239
4.759000,-0.015026,-1.653682,-6.115811
4.760000,-0.014894,-1.662891,-6.080619
4.761000,-0.014697,-1.672100,-6.022404
4.762000,-0.014763,-1.680323,-5.972740
4.763000,-0.014598,-1.688874,-5.929325
4.764000,-0.014598,-1.697754,-5.894133
4.765000,-0.014499,-1.706305,-5.833287
4.766000,-0.014433,-1.714856,-5.782636
4.767000,-0.014170,-1.723407,-5.741853
4.768000,-0.014104,-1.730972,-5.705345
4.769000,-0.014137,-1.740181,-5.639895
4.770000,-0.014071,-1.748074,-5.587929
4.771000,-0.014038,-1.756297,-5.547474
4.772000,-0.013841,-1.764190,-5.509322
4.773000,-0.013709,-1.773070,-5.440911
4.774000,-0.013610,-1.780635,-5.390261
4.775000,-0.013643,-1.789186,-5.349477
4.776000,-0.013643,-1.797080,-5.313299
4.777000,-0.013511,-1.804315,-5.238639
4.778000,-0.013347,-1.812537,-5.189304
4.779000,-0.013248,-1.820102,-5.146548
4.780000,-0.013314,-1.828324,-5.112013
4.781000,-0.013149,-1.835560,-5.034722
4.782000,-0.013083,-1.843125,-4.986703
4.783000,-0.012754,-1.850689,-4.945591
4.784000,-0.012688,-1.858911,-4.909084
4.785000,-0.012622,-1.865818,-4.828833
4.786000,-0.012688,-1.873054,-4.780156
4.787000,-0.012688,-1.880618,-4.737070
4.788000,-0.012326,-1.887854,-4.694643
4.789000,-0.012194,-1.895419,-4.617023
4.790000,-0.012096,-1.902325,-4.567689
4.791000,-0.012194,-1.909561,-4.525919
4.792000,-0.012227,-1.916139,-4.473295
4.793000,-0.011865,-1.923046,-4.405543
4.794000,-0.011700,-1.929623,-4.356208
4.795000,-0.011733,-1.937188,-4.315425
4.796000,-0.011635,-1.943766,-4.257539
4.797000,-0.011470,-1.950673,-4.191102
4.798000,-0.011437,-1.956922,-4.141439
4.799000,-0.011239,-1.963499,-4.101314
4.800000,-0.011009,-1.969748,-4.036850
4.801000,-0.010910,-1.976326,-3.973702
4.802000,-0.011108,-1.982575,-3.924697
4.803000,-0.011009,-1.989482,-3.882269
4.804000,-0.010844,-1.995731,-3.813530
4.805000,-0.010350,-2.000993,-3.754000
4.806000,-0.010285,-2.007571,-3.705981
4.807000,-0.010482,-2.013162,-3.662896
4.808000,-0.010350,-2.019740,-3.590868
4.809000,-0.010219,-2.025002,-3.531996
4.810000,-0.010087,-2.030923,-3.484964
4.811000,-0.009824,-2.036843,-3.442207
4.812000,-0.009593,-2.042763,-3.365904
4.813000,-0.009725,-2.048683,-3.307689
4.814000,-0.009461,-2.053287,-3.259999
4.815000,-0.009428,-2.058878,-3.218230
4.816000,-0.009132,-2.064141,-3.142584
4.817000,-0.008934,-2.069403,-3.088316
4.818000,-0.008934,-2.074336,-3.043258
4.819000,-0.008934,-2.079599,-3.002804
4.820000,-0.008737,-2.084532,-2.920251
4.821000,-0.008737,-2.089466,-2.865655
4.822000,-0.008177,-2.094728,-2.820596
4.823000,-0.008243,-2.099003,-2.778827
4.824000,-0.008111,-2.103937,-2.692985
4.825000,-0.008276,-2.108212,-2.638718
4.826000,-0.008078,-2.113146,-2.594317
4.827000,-0.007650,-2.117421,-2.553206
4.828000,-0.007650,-2.122355,-2.465391
4.829000,-0.007453,-2.126302,-2.411123
4.830000,-0.007584,-2.129919,-2.365078
4.831000,-0.007453,-2.134853,-2.321007
4.832000,-0.006959,-2.138471,-2.235494
4.833000,-0.006728,-2.142088,-2.181885
4.834000,-0.006662,-2.146035,-2.135182
4.835000,-0.006629,-2.149653,-2.081243
4.836000,-0.006498,-2.153271,-2.004940
4.837000,-0.006629,-2.157218,-1.951001
4.838000,-0.006531,-2.160835,-1.906272
4.839000,-0.004720,-2.162480,-1.843782
4.840000,-0.005905,-2.167084,-1.770110
4.841000,-0.006827,-2.171689,-1.721434
4.842000,-0.005049,-2.171031,-1.673087
4.843000,-0.007025,-2.176951,-1.606979
4.844000,-0.006070,-2.179253,-1.536925
4.845000,-0.003666,-2.179911,-1.486605
4.846000,-0.004522,-2.182871,-1.442533
4.847000,-0.006432,-2.189120,-1.374781
4.848000,-0.002909,-2.186489,-1.305385
4.849000,-0.001526,-2.187805,-1.257367
4.850000,-0.001493,-2.190765,-1.214611
4.851000,-0.003929,-2.195040,-1.133703
4.852000,-0.000307,-2.193725,-1.073516
4.853000,-0.001460,-2.196027,-1.021222
4.854000,-0.007058,-2.204578,-0.983728
4.855000,-0.006366,-2.206223,-0.908083
4.856000,-0.005707,-2.206880,-0.840331
4.857000,-0.003765,-2.205894,-0.799877
4.858000,-0.002612,-2.205236,-0.756135
4.859000,0.002195,-2.202276,-0.667005
4.860000,-0.004785,-2.209512,-0.618658
4.861000,-0.002217,-2.207538,-0.565049
4.862000,0.001010,-2.210498,-0.516702
4.863000,-0.007090,-2.214774,-0.445332
4.864000,0.000220,-2.215432,-0.386460
4.865000,-0.006728,-2.212472,-0.328575
4.866000,-0.002513,-2.216089,-0.288780
4.867000,0.001471,-2.215761,-0.201294
4.868000,-0.001295,-2.212801,-0.152619
4.869000,-0.000340,-2.212801,-0.101311
4.870000,-0.000340,-2.212472,-0.059871
4.871000,0.000022,-2.211814,0.024325
4.872000,0.000582,-2.211814,0.080237
4.873000,0.000582,-2.210827,0.126281
4.874000,0.001240,-2.211485,0.170682
4.875000,-0.002217,-2.207538,0.262771
4.876000,-0.000604,-2.204907,0.315394
4.877000,0.004665,-2.208196,0.351572
4.878000,0.000121,-2.204249,0.411759
4.879000,0.003282,-2.201947,0.490035
4.880000,-0.001130,-2.205894,0.534435
4.881000,0.001372,-2.202276,0.587058
4.882000,0.001405,-2.200632,0.638694
4.883000,0.001208,-2.198329,0.719930
4.884000,0.004171,-2.193396,0.771237
4.885000,0.005126,-2.192409,0.810375
4.886000,0.004467,-2.190107,0.875824
4.887000,0.003743,-2.187805,0.945220
4.888000,0.003908,-2.185174,0.998171
4.889000,0.004138,-2.183200,1.040598
4.890000,0.004599,-2.180569,1.109007
4.891000,0.004632,-2.176951,1.174128
4.892000,0.004566,-2.173333,1.224777
4.893000,0.004863,-2.169716,1.267861
4.894000,0.005126,-2.166098,1.338902
4.895000,0.005752,-2.162151,1.402378
4.896000,0.006213,-2.158862,1.450067
4.897000,0.006081,-2.155573,1.492823
4.898000,0.006180,-2.150640,1.564850
4.899000,0.006443,-2.146693,1.623721
4.900000,0.006772,-2.142088,1.670094
4.901000,0.007069,-2.137484,1.709561
4.902000,0.007530,-2.132879,1.786193
4.903000,0.007662,-2.127946,1.846051
4.904000,0.007694,-2.123013,1.891438
4.905000,0.007662,-2.117750,1.931891
4.906000,0.008221,-2.112488,2.011154
4.907000,0.008551,-2.107226,2.068052
4.908000,0.008814,-2.101963,2.112452
4.909000,0.008715,-2.096043,2.151261
4.910000,0.009045,-2.090452,2.232825
4.911000,0.009407,-2.084203,2.285777
4.912000,0.009703,-2.078283,2.331164
4.913000,0.009736,-2.072363,2.368328
4.914000,0.010098,-2.065785,2.452853
4.915000,0.010230,-2.059536,2.504489
4.916000,0.010296,-2.052629,2.548231
4.917000,0.010428,-2.046052,2.588027
4.918000,0.010856,-2.038816,2.670578
4.919000,0.011086,-2.031909,2.720240
4.920000,0.011284,-2.024674,2.762009
4.921000,0.011284,-2.018425,2.809698
4.922000,0.011547,-2.010531,2.883699
4.923000,0.011712,-2.002967,2.932374
4.924000,0.011876,-1.996060,2.972170
4.925000,0.012074,-1.988166,3.025779
4.926000,0.012304,-1.980602,3.095175
4.927000,0.012436,-1.972380,3.143521
4.928000,0.012601,-1.964486,3.182659
4.929000,0.012798,-1.956922,3.241859
4.930000,0.013029,-1.948041,3.306980
4.931000,0.013095,-1.940148,3.352695
4.932000,0.013424,-1.931597,3.391833
4.933000,0.013457,-1.923046,3.453336
4.934000,0.013490,-1.914823,3.514509
4.935000,0.013720,-1.906272,3.559567
4.936000,0.013753,-1.897063,3.597389
4.937000,0.013984,-1.888512,3.664154
4.938000,0.014181,-1.880289,3.721381
4.939000,0.014247,-1.871738,3.767425
4.940000,0.014346,-1.862529,3.806563
4.941000,0.014478,-1.853320,3.874972
4.942000,0.014840,-1.843782,3.929568
4.943000,0.014807,-1.834902,3.972323
4.944000,0.014906,-1.825364,4.011132
4.945000,0.014972,-1.816484,4.082501
4.946000,0.015235,-1.806946,4.135453
4.947000,0.015235,-1.796751,4.176235
4.948000,0.015367,-1.787542,4.214386
4.949000,0.015499,-1.778661,4.289044
4.950000,0.015499,-1.768466,4.340351
4.951000,0.015663,-1.759257,4.380475
4.952000,0.015597,-1.749061,4.416653
4.953000,0.015828,-1.738865,4.494271
4.954000,0.015960,-1.729328,4.542618
4.955000,0.016025,-1.719461,4.584058
4.956000,0.016025,-1.709594,4.616947
4.957000,0.016124,-1.699727,4.695223
4.958000,0.016256,-1.689203,4.744227
4.959000,0.016289,-1.679336,4.783036
4.960000,0.016289,-1.669140,4.817898
4.961000,0.016519,-1.659273,4.897161
4.962000,0.016585,-1.649078,4.943205
4.963000,0.016519,-1.638553,4.982014
4.964000,0.016618,-1.628029,5.024441
4.965000,0.016783,-1.617504,5.096139
4.966000,0.016882,-1.607966,5.140210
4.967000,0.016882,-1.597113,5.178361
4.968000,0.016947,-1.586917,5.228353
4.969000,0.016980,-1.576392,5.292486
4.970000,0.016980,-1.565868,5.335899
4.971000,0.017013,-1.555343,5.372735
4.972000,0.017112,-1.545148,5.427988
4.973000,0.017145,-1.533965,5.487518
4.974000,0.017178,-1.523441,5.529286
4.975000,0.016980,-1.513245,5.564807
4.976000,0.017244,-1.502063,5.624664
4.977000,0.017441,-1.491538,5.679589
4.978000,0.017408,-1.481342,5.720042
4.979000,0.017441,-1.470160,5.753589
4.980000,0.017474,-1.459635,5.817723
4.981000,0.017606,-1.449111,5.869687
4.982000,0.017573,-1.437600,5.908167
4.983000,0.017672,-1.427075,5.940399
4.984000,0.017705,-1.415893,6.003216
4.985000,0.017639,-1.405039,6.051892
4.986000,0.017738,-1.394186,6.089057
4.987000,0.017639,-1.383661,6.119315
4.988000,0.017902,-1.372808,6.184764
4.989000,0.017869,-1.361625,6.230479
4.990000,0.017771,-1.350443,6.266986
4.991000,0.017705,-1.339261,6.297244
4.992000,0.017935,-1.328736,6.364666
4.993000,0.017935,-1.317554,6.407751
4.994000,0.018067,-1.306372,6.442942
4.995000,0.017968,-1.295189,6.471555
4.996000,0.018199,-1.284336,6.539965
4.997000,0.018034,-1.272496,6.581734
4.998000,0.018133,-1.261971,6.615609
4.999000,0.018067,-1.250460,6.643236
