# Seconds,DAQ1/ai0,DAQ1/ai1,DAQ1/ai2
0.000000,0.007201,-0.092431,2.677485
0.001000,0.009374,-0.086511,3.342829
0.002000,0.011119,-0.078947,3.991728
0.003000,0.012996,-0.070725,4.622538
0.004000,0.014609,-0.061516,5.232628
0.005000,0.016223,-0.050991,5.815749
0.006000,0.017771,-0.038822,6.360391
0.007000,0.018923,-0.027311,6.842214
0.008000,0.020043,-0.014813,7.264838
0.009000,0.020866,-0.001000,7.636813
0.010000,0.021557,0.012156,7.943010
0.011000,0.021722,0.025970,8.158433
0.012000,0.021920,0.039454,8.281767
0.013000,0.021755,0.053596,8.312354
0.014000,0.021557,0.066752,8.251180
0.015000,0.020965,0.079579,8.096602
0.016000,0.020076,0.092406,7.854538
0.017000,0.019219,0.104575,7.533870
0.018000,0.018166,0.115757,7.144464
0.019000,0.017112,0.125952,6.695529
0.020000,0.015729,0.135819,6.194301
0.021000,0.014313,0.144370,5.642096
0.022000,0.012831,0.151935,5.053712
0.023000,0.011350,0.159499,4.438031
0.024000,0.009736,0.165091,3.798341
0.025000,0.008090,0.170024,3.141548
0.026000,0.006674,0.173971,2.467982
0.027000,0.004566,0.176273,1.789482
0.028000,0.004896,0.180220,1.098154
0.029000,0.002261,0.174628,0.405839
0.030000,0.001438,0.176602,-0.286148
0.031000,0.001273,0.179891,-0.997870
0.032000,-0.002349,0.171668,-1.714198
0.033000,-0.007090,0.167722,-2.415728
0.034000,-0.008869,0.162130,-3.099170
0.035000,-0.010647,0.155224,-3.762551
0.036000,-0.012359,0.147659,-4.406858
0.037000,-0.013972,0.138779,-5.025513
0.038000,-0.015816,0.128912,-5.617201
0.039000,-0.017265,0.117072,-6.177315
0.040000,-0.018681,0.105561,-6.694017
0.041000,-0.019801,0.093063,-7.156123
0.042000,-0.020558,0.079908,-7.553107
0.043000,-0.021316,0.066094,-7.877733
0.044000,-0.021974,0.052610,-8.118819
0.045000,-0.022106,0.039125,-8.270115
0.046000,-0.022106,0.024983,-8.328002
0.047000,-0.021546,0.011169,-8.293796
0.048000,-0.021184,-0.001657,-8.168813
0.049000,-0.020558,-0.014813,-7.956012
0.050000,-0.020690,-0.026982,-7.662960
0.051000,-0.018582,-0.038164,-7.294590
0.052000,-0.017496,-0.049347,-6.860441
0.053000,-0.016179,-0.058884,-6.373997
0.054000,-0.014730,-0.068093,-5.839865
0.055000,-0.013479,-0.076973,-5.266266
0.056000,-0.012524,-0.084209,-4.661424
0.057000,-0.010581,-0.089800,-4.030601
0.058000,-0.008704,-0.095391,-3.376099
0.059000,-0.006893,-0.098351,-2.705812
0.060000,-0.006070,-0.102627,-2.023687
0.061000,-0.003402,-0.103614,-1.334327
0.062000,-0.006300,-0.111178,-0.650889
0.063000,0.000154,-0.104271,0.059845
0.064000,0.002492,-0.101969,0.776170
0.065000,0.004039,-0.100325,1.495454
0.066000,0.005949,-0.096378,2.195661
0.067000,0.007892,-0.090787,2.872516
0.068000,0.009670,-0.084867,3.533256
0.069000,0.011745,-0.076645,4.179195
0.070000,0.013490,-0.067436,4.801783
0.071000,0.015136,-0.058556,5.404637
0.072000,0.016618,-0.048031,5.978550
0.073000,0.018067,-0.036520,6.507404
0.074000,0.019219,-0.024022,6.969824
0.075000,0.020339,-0.010866,7.377647
0.076000,0.021096,0.002289,7.734822
0.077000,0.021524,0.016103,8.017010
0.078000,0.021985,0.029587,8.204149
0.079000,0.021887,0.043401,8.301172
0.080000,0.021821,0.056885,8.303474
0.081000,0.021459,0.071028,8.216318
0.082000,0.020734,0.083854,8.035757
0.083000,0.019911,0.095366,7.770342
0.084000,0.018923,0.107206,7.428954
0.085000,0.017836,0.118717,7.019486
0.086000,0.016618,0.128912,6.554107
0.087000,0.015630,0.138121,6.038408
0.088000,0.013984,0.146673,5.477980
0.089000,0.012502,0.154237,4.880387
0.090000,0.010790,0.160815,4.255826
0.091000,0.009242,0.166077,3.606927
0.092000,0.007760,0.170682,2.947503
0.093000,0.006608,0.173642,2.273608
0.094000,0.004105,0.177259,1.593463
0.095000,0.002920,0.177917,0.897860
0.096000,0.002393,0.179562,0.204557
0.097000,0.000220,0.172326,-0.504861
0.098000,-0.005609,0.171997,-1.212637
0.099000,-0.006794,0.170682,-1.917125
0.100000,-0.007420,0.166406,-2.614709
0.101000,-0.009231,0.160486,-3.292231
0.102000,-0.011042,0.153579,-3.951337
0.103000,-0.012820,0.145028,-4.586765
0.104000,-0.014499,0.135490,-5.200158
0.105000,-0.016409,0.125295,-5.784281
0.106000,-0.017693,0.113783,-6.333214
0.107000,-0.019142,0.101615,-6.832484
0.108000,-0.019965,0.089117,-7.278474
0.109000,-0.020953,0.076290,-7.656711
0.110000,-0.021579,0.062148,-7.955683
0.111000,-0.021875,0.048334,-8.171444
0.112000,-0.022040,0.034521,-8.296756
0.113000,-0.021842,0.020707,-8.328002
0.114000,-0.021414,0.007552,-8.267155
0.115000,-0.021052,-0.005933,-8.116188
0.116000,-0.020426,-0.018431,-7.877733
0.117000,-0.019472,-0.029942,-7.561658
0.118000,-0.018352,-0.043098,-7.175528
0.119000,-0.017002,-0.051978,-6.728223
0.120000,-0.015948,-0.061516,-6.225006
0.121000,-0.014499,-0.070396,-5.676731
0.122000,-0.013018,-0.077960,-5.093595
0.123000,-0.011141,-0.085525,-4.478229
0.124000,-0.009791,-0.090129,-3.841157
0.125000,-0.008408,-0.096378,-3.184683
0.126000,-0.006761,-0.100325,-2.512094
0.127000,-0.007255,-0.104600,-1.826351
0.128000,-0.000274,-0.101969,-1.133703
0.129000,-0.004753,-0.101311,-0.431190
0.130000,-0.000110,-0.105587,0.271322
0.131000,0.004500,-0.099996,0.985344
0.132000,0.004533,-0.098680,1.699037
0.133000,0.006476,-0.095063,2.392666
0.134000,0.008682,-0.088485,3.064588
0.135000,0.010493,-0.082565,3.718749
0.136000,0.012304,-0.074342,4.356137
0.137000,0.013720,-0.065462,4.976094
0.138000,0.015630,-0.055596,5.573029
0.139000,0.017211,-0.044413,6.134772
0.140000,0.018429,-0.032573,6.645867
0.141000,0.019582,-0.020733,7.092829
0.142000,0.020405,-0.006920,7.485523
0.143000,0.021294,0.006236,7.825596
0.144000,0.021788,0.020049,8.079499
0.145000,0.022084,0.033863,8.240985
0.146000,0.021854,0.048005,8.310709
0.147000,0.021623,0.061161,8.287029
0.148000,0.021129,0.074317,8.173233
0.149000,0.020602,0.087143,7.946628
0.150000,0.019713,0.099641,7.682858
0.151000,0.018693,0.110823,7.318776
0.152000,0.017375,0.122006,6.892206
0.153000,0.016223,0.131215,6.411040
0.154000,0.015070,0.140753,5.882185
0.155000,0.013589,0.149304,5.303997
0.156000,0.012107,0.156210,4.706076
0.157000,0.010395,0.162788,4.073950
0.158000,0.008682,0.167722,3.421433
0.159000,0.007003,0.172655,2.757405
0.160000,0.005258,0.175286,2.078576
0.161000,0.003677,0.180548,1.395142
0.162000,-0.000834,0.176602,0.702827
0.163000,-0.000077,0.177588,0.005907
0.164000,-0.000340,0.174957,-0.695290
0.165000,-0.003501,0.173642,-1.416551
0.166000,-0.006926,0.168379,-2.119395
0.167000,-0.007815,0.163446,-2.808427
0.168000,-0.009824,0.158842,-3.479372
0.169000,-0.011635,0.150948,-4.134861
0.170000,-0.013347,0.142397,-4.763382
0.171000,-0.014894,0.132859,-5.368882
0.172000,-0.016804,0.122006,-5.943139
0.173000,-0.017990,0.110495,-6.479574
0.174000,-0.019472,0.098326,-6.966018
0.175000,-0.020328,0.085499,-7.391616
0.176000,-0.021118,0.072014,-7.748475
0.177000,-0.021678,0.058201,-8.025411
0.178000,-0.022106,0.044387,-8.217161
0.179000,-0.021809,0.031232,-8.314517
0.180000,-0.021875,0.017089,-8.321753
0.181000,-0.021348,0.003605,-8.233935
0.182000,-0.020822,-0.009222,-8.058630
0.183000,-0.020097,-0.021720,-7.795508
0.184000,-0.019274,-0.033560,-7.457067
0.185000,-0.018418,-0.045400,-7.052848
0.186000,-0.016541,-0.054938,-6.593373
0.187000,-0.015454,-0.064805,-6.075685
0.188000,-0.014005,-0.073685,-5.515571
0.189000,-0.012754,-0.080920,-4.921911
0.190000,-0.011174,-0.087498,-4.299638
0.191000,-0.008869,-0.093089,-3.655989
0.192000,-0.007683,-0.097365,-2.963008
0.193000,-0.006465,-0.101640,-2.320678
0.194000,-0.005444,-0.105258,-1.636909
0.195000,-0.000999,-0.101311,-0.942617
0.196000,0.002261,-0.104600,-0.240433
0.197000,0.003974,-0.106574,0.464381
0.198000,0.005027,-0.099667,1.190901
0.199000,0.005192,-0.099009,1.896371
0.200000,0.007036,-0.093418,2.584738
0.201000,0.008979,-0.087169,3.254028
0.202000,0.010856,-0.079934,3.901941
0.203000,0.012765,-0.072040,4.535053
0.204000,0.014379,-0.062502,5.149748
0.205000,0.015927,-0.051978,5.736487
0.206000,0.017408,-0.041782,6.289351
0.207000,0.018791,-0.029284,6.778081
0.208000,0.019977,-0.016786,7.208598
0.209000,0.020701,-0.003631,7.588466
0.210000,0.021524,0.009525,7.907819
0.211000,0.021788,0.023667,8.135082
0.212000,0.021953,0.037810,8.271900
0.213000,0.021854,0.051623,8.313012
0.214000,0.021492,0.065436,8.264336
0.215000,0.020965,0.077934,8.122913
0.216000,0.020866,0.090432,7.895978
0.217000,0.019351,0.102601,7.587808
0.218000,0.018297,0.113783,7.204322
0.219000,0.017211,0.124308,6.759005
0.220000,0.015795,0.134175,6.263039
0.221000,0.014511,0.143055,5.721029
0.222000,0.013292,0.151277,5.141526
0.223000,0.011547,0.158184,4.529133
0.224000,0.010131,0.164762,3.887799
0.225000,0.008485,0.169366,3.233308
0.226000,0.006641,0.172984,2.562373
0.227000,0.005060,0.175615,1.883544
0.228000,0.000648,0.176602,1.201426
0.229000,0.003842,0.176273,0.501217
0.230000,-0.000538,0.177588,-0.195703
0.231000,0.000714,0.180548,-0.899203
0.232000,-0.006761,0.170024,-1.618820
0.233000,-0.006168,0.169366,-2.319033
0.234000,-0.008144,0.163446,-3.004119
0.235000,-0.010219,0.155882,-3.674736
0.236000,-0.011964,0.148646,-4.315096
0.237000,-0.013940,0.139766,-4.938684
0.238000,-0.015553,0.129570,-5.535634
0.239000,-0.017068,0.119375,-6.101340
0.240000,-0.018451,0.106877,-6.624948
0.241000,-0.019537,0.094708,-7.095934
0.242000,-0.020624,0.081552,-7.502456
0.243000,-0.021414,0.067739,-7.837607
0.244000,-0.021875,0.054254,-8.089876
0.245000,-0.022139,0.040441,-8.251696
0.246000,-0.021908,0.026627,-8.324713
0.247000,-0.021711,0.013472,-8.304979
0.248000,-0.021316,-0.000671,-8.192494
0.249000,-0.020591,-0.012840,-7.990218
0.250000,-0.019801,-0.025338,-7.704073
0.251000,-0.018747,-0.037178,-7.345241
0.252000,-0.017529,-0.047373,-6.923918
0.253000,-0.017496,-0.057898,-6.446355
0.254000,-0.015092,-0.066778,-5.918143
0.255000,-0.013940,-0.075329,-5.348162
0.256000,-0.012227,-0.082565,-4.745293
0.257000,-0.010614,-0.089142,-4.114798
0.258000,-0.009099,-0.094405,-3.462599
0.259000,-0.008342,-0.099667,-2.800534
0.260000,-0.004588,-0.100983,-2.124328
0.261000,-0.001394,-0.101311,-1.438586
0.262000,-0.003172,-0.108218,-0.739361
0.263000,-0.000110,-0.104929,-0.032573
0.264000,0.002953,-0.103943,0.680463
0.265000,0.005653,-0.100325,1.393498
0.266000,0.005455,-0.097036,2.096336
0.267000,0.007629,-0.091774,2.778454
0.268000,0.009769,-0.085525,3.441824
0.269000,0.011415,-0.077631,4.091052
0.270000,0.013194,-0.069738,4.716271
0.271000,0.014807,-0.060200,5.322744
0.272000,0.016552,-0.049676,5.902576
0.273000,0.018001,-0.038164,6.438666
0.274000,0.019219,-0.025338,6.908979
0.275000,0.020109,-0.012840,7.324696
0.276000,0.020965,-0.000013,7.687133
0.277000,0.021524,0.013801,7.982148
0.278000,0.021821,0.027943,8.184087
0.279000,0.022018,0.041427,8.293607
0.280000,0.021821,0.054912,8.310381
0.281000,0.021360,0.068725,8.233420
0.282000,0.020734,0.081881,8.065357
0.283000,0.020010,0.094379,7.812769
0.284000,0.018989,0.106548,7.485194
0.285000,0.018034,0.117072,7.083291
0.286000,0.016816,0.126939,6.623174
0.287000,0.015433,0.137135,6.110106
0.288000,0.014083,0.145686,5.554940
0.289000,0.012667,0.153250,4.964254
0.290000,0.011218,0.159828,4.346600
0.291000,0.009506,0.165419,3.703621
0.292000,0.007859,0.170682,3.041237
0.293000,0.005949,0.174299,2.368657
0.294000,0.004797,0.176273,1.685552
0.295000,0.001965,0.176602,0.993896
0.296000,-0.000241,0.180548,0.300594
0.297000,-0.003732,0.182522,-0.390078
0.298000,-0.005378,0.172326,-1.104103
0.299000,-0.006070,0.170353,-1.824378
0.300000,-0.006926,0.167064,-2.519987
0.301000,-0.008737,0.161144,-3.200141
0.302000,-0.010548,0.153908,-3.857602
0.303000,-0.012721,0.145686,-4.497305
0.304000,-0.014598,0.136806,-5.114316
0.305000,-0.015849,0.126610,-5.704030
0.306000,-0.017463,0.115757,-6.257896
0.307000,-0.018846,0.103259,-6.767033
0.308000,-0.020064,0.091419,-7.218285
0.309000,-0.021052,0.078263,-7.607376
0.310000,-0.021513,0.064450,-7.919504
0.311000,-0.021941,0.050636,-8.145131
0.312000,-0.021941,0.036494,-8.283271
0.313000,-0.021974,0.022352,-8.326357
0.314000,-0.021513,0.009525,-8.279982
0.315000,-0.021184,-0.003960,-8.140856
0.316000,-0.020361,-0.016129,-7.916544
0.317000,-0.019406,-0.028955,-7.609678
0.318000,-0.018319,-0.039809,-7.229796
0.319000,-0.017397,-0.050662,-6.789069
0.320000,-0.016442,-0.060529,-6.297693
0.321000,-0.014730,-0.069409,-5.757311
0.322000,-0.013215,-0.077631,-5.180095
0.323000,-0.011668,-0.084209,-4.565057
0.324000,-0.010186,-0.090787,-3.926670
0.325000,-0.008737,-0.096707,-3.272497
0.326000,-0.006827,-0.099338,-2.604184
0.327000,-0.006728,-0.105258,-1.926006
0.328000,-0.001427,-0.102627,-1.238949
0.329000,0.002986,-0.105916,-0.538408
0.330000,0.000055,-0.103943,0.173313
0.331000,0.004994,-0.099667,0.888322
0.332000,0.004599,-0.100325,1.602014
0.333000,0.006410,-0.094734,2.295315
0.334000,0.008320,-0.090129,2.969868
0.335000,0.010164,-0.083551,3.629949
0.336000,0.011876,-0.075658,4.271613
0.337000,0.013556,-0.066778,4.893214
0.338000,0.015466,-0.057240,5.492780
0.339000,0.017013,-0.046058,6.059457
0.340000,0.018396,-0.034875,6.581076
0.341000,0.019450,-0.022378,7.033957
0.342000,0.020339,-0.009222,7.433230
0.343000,0.021162,0.003934,7.783498
0.344000,0.021722,0.017747,8.051544
0.345000,0.022018,0.032218,8.226185
0.346000,0.021953,0.045374,8.310381
0.347000,0.021656,0.058530,8.297554
0.348000,0.021129,0.072672,8.193953
0.349000,0.020635,0.085499,8.000566
0.350000,0.019812,0.097668,7.723640
0.351000,0.018923,0.109179,7.373372
0.352000,0.017672,0.120032,6.928055
0.353000,0.016355,0.130228,6.482409
0.354000,0.015038,0.139766,5.954541
0.355000,0.013720,0.147988,5.387206
0.356000,0.012304,0.155224,4.787312
0.357000,0.010592,0.161802,4.161435
0.358000,0.009077,0.167393,3.507273
0.359000,0.007365,0.171997,2.849823
0.360000,0.005883,0.174957,2.172639
0.361000,0.003480,0.177259,1.487231
0.362000,0.005093,0.181206,0.799521
0.363000,-0.000011,0.177917,0.098654
0.364000,-0.004851,0.179562,-0.597609
0.365000,-0.003995,0.173642,-1.318541
0.366000,-0.004357,0.171339,-2.025989
0.367000,-0.007519,0.165091,-2.719626
0.368000,-0.009593,0.159828,-3.392544
0.369000,-0.011602,0.152264,-4.047704
0.370000,-0.013281,0.143713,-4.677540
0.371000,-0.014730,0.133846,-5.287645
0.372000,-0.016310,0.123321,-5.867492
0.373000,-0.017891,0.111810,-6.409847
0.374000,-0.019208,0.099641,-6.903855
0.375000,-0.020262,0.087143,-7.338334
0.376000,-0.021151,0.073988,-7.706375
0.377000,-0.021513,0.060503,-7.992849
0.378000,-0.021941,0.046361,-8.196112
0.379000,-0.022172,0.032218,-8.304979
0.380000,-0.021941,0.018734,-8.324713
0.381000,-0.021513,0.005578,-8.250052
0.382000,-0.020953,-0.007249,-8.086258
0.383000,-0.019998,-0.020733,-7.838594
0.384000,-0.019109,-0.031586,-7.508376
0.385000,-0.018220,-0.043427,-7.109747
0.386000,-0.017134,-0.053622,-6.653233
0.387000,-0.015685,-0.063160,-6.146399
0.388000,-0.014499,-0.072040,-5.596480
0.389000,-0.012787,-0.079605,-5.007753
0.390000,-0.011470,-0.086511,-4.385809
0.391000,-0.009791,-0.092102,-3.742489
0.392000,-0.008078,-0.097036,-3.082067
0.393000,-0.006860,-0.101640,-2.409808
0.394000,-0.007156,-0.105916,-1.726696
0.395000,0.001504,-0.099996,-1.012671
0.396000,0.003414,-0.109205,-0.338771
0.397000,0.001372,-0.106903,0.378212
0.398000,0.003677,-0.099996,1.094536
0.399000,0.005291,-0.098680,1.802637
0.400000,0.007003,-0.094405,2.491004
0.401000,0.008715,-0.088156,3.164570
0.402000,0.010526,-0.081578,3.813799
0.403000,0.012403,-0.073027,4.452173
0.404000,0.014379,-0.063818,5.067854
0.405000,0.015861,-0.053622,5.658540
0.406000,0.017408,-0.042769,6.215021
0.407000,0.018627,-0.030929,6.716578
0.408000,0.019680,-0.018760,7.152687
0.409000,0.020537,-0.005604,7.539132
0.410000,0.021393,0.008209,7.868352
0.411000,0.021755,0.021694,8.109428
0.412000,0.021985,0.035507,8.258416
0.413000,0.021854,0.049979,8.315643
0.414000,0.021426,0.062805,8.278807
0.415000,0.021162,0.075961,8.148566
0.416000,0.020372,0.089446,7.930841
0.417000,0.019549,0.101286,7.630235
0.418000,0.018462,0.112139,7.260891
0.419000,0.015005,0.123650,6.826428
0.420000,0.015927,0.132859,6.339342
0.421000,0.014741,0.141739,5.797660
0.422000,0.013358,0.149962,5.219472
0.423000,0.011843,0.156868,4.610698
0.424000,0.010197,0.163446,3.976599
0.425000,0.007958,0.168708,3.325397
0.426000,0.006805,0.172655,2.658409
0.427000,0.005455,0.175944,1.979909
0.428000,0.003084,0.176273,1.289239
0.429000,0.005093,0.180877,0.603502
0.430000,-0.000505,0.177917,-0.099009
0.431000,-0.006432,0.170682,-0.807771
0.432000,-0.002118,0.174957,-1.518836
0.433000,-0.006168,0.168708,-2.224641
0.434000,-0.008012,0.164104,-2.914002
0.435000,-0.010054,0.157526,-3.581330
0.436000,-0.011964,0.149633,-4.229254
0.437000,-0.013643,0.140753,-4.855145
0.438000,-0.015224,0.131215,-5.465578
0.439000,-0.016870,0.120032,-6.027008
0.440000,-0.018253,0.108521,-6.555550
0.441000,-0.019669,0.096352,-7.034758
0.442000,-0.020558,0.083197,-7.450818
0.443000,-0.021217,0.070041,-7.797152
0.444000,-0.021711,0.055899,-8.058301
0.445000,-0.022007,0.042414,-8.237224
0.446000,-0.022106,0.028930,-8.319121
0.447000,-0.021744,0.015445,-8.310899
0.448000,-0.021283,0.001632,-8.211899
0.449000,-0.020723,-0.011195,-8.022122
0.450000,-0.019834,-0.025009,-7.749790
0.451000,-0.019011,-0.035204,-7.401812
0.452000,-0.017759,-0.045729,-6.985094
0.453000,-0.016541,-0.056253,-6.512793
0.454000,-0.015059,-0.065791,-5.990829
0.455000,-0.013874,-0.074671,-5.428413
0.456000,-0.012425,-0.082236,-4.831135
0.457000,-0.010877,-0.087827,-4.204258
0.458000,-0.009132,-0.093747,-3.555347
0.459000,-0.007354,-0.098351,-2.889664
0.460000,-0.004983,-0.100654,-2.211814
0.461000,-0.001624,-0.100654,-1.527058
0.462000,-0.004292,-0.109534,-0.839673
0.463000,-0.000538,-0.105258,-0.132885
0.464000,0.003381,-0.105258,0.576533
0.465000,0.004698,-0.100983,1.298448
0.466000,0.005258,-0.097694,2.004905
0.467000,0.007299,-0.092760,2.687022
0.468000,0.009473,-0.086840,3.351380
0.469000,0.011251,-0.078947,3.998963
0.470000,0.012963,-0.070725,4.631089
0.471000,0.014609,-0.061516,5.240850
0.472000,0.015894,-0.050662,5.822656
0.473000,0.017804,-0.039480,6.366969
0.474000,0.019055,-0.027640,6.847477
0.475000,0.020043,-0.014484,7.270758
0.476000,0.020899,-0.001328,7.641417
0.477000,0.021524,0.012156,7.947943
0.478000,0.021920,0.025970,8.161393
0.479000,0.021985,0.040112,8.284069
0.480000,0.021854,0.053596,8.312683
0.481000,0.021524,0.066752,8.246247
0.482000,0.020800,0.079908,8.093971
0.483000,0.020076,0.092734,7.852894
0.484000,0.019187,0.104575,7.531568
0.485000,0.018166,0.116086,7.139860
0.486000,0.017013,0.125952,6.689938
0.487000,0.015762,0.135161,6.187724
0.488000,0.014346,0.144370,5.637162
0.489000,0.012864,0.151935,5.049108
0.490000,0.011317,0.159499,4.430138
0.491000,0.009999,0.164433,3.788145
0.492000,0.008188,0.169037,3.133655
0.493000,0.006377,0.171011,2.464364
0.494000,0.004797,0.176273,1.783233
0.495000,0.001734,0.175615,1.089932
0.496000,0.000911,0.175286,0.400248
0.497000,-0.002941,0.179562,-0.311144
0.498000,-0.001196,0.178246,-1.008724
0.499000,-0.005707,0.171011,-1.718145
0.500000,-0.006695,0.167722,-2.421319
0.501000,-0.008506,0.161802,-3.105748
0.502000,-0.010449,0.155224,-3.769787
0.503000,-0.012524,0.147330,-4.411463
0.504000,-0.014302,0.137793,-5.030118
0.505000,-0.016047,0.128255,-5.622463
0.506000,-0.017134,0.117072,-6.182907
0.507000,-0.018681,0.105232,-6.698622
0.508000,-0.019834,0.093063,-7.159083
0.509000,-0.020887,0.080237,-7.556396
0.510000,-0.021480,0.066094,-7.880365
0.511000,-0.021744,0.052610,-8.120793
0.512000,-0.021974,0.038796,-8.271430
0.513000,-0.022040,0.024654,-8.327344
0.514000,-0.021711,0.011498,-8.293138
0.515000,-0.021250,-0.001657,-8.167168
0.516000,-0.020492,-0.014484,-7.952723
0.517000,-0.019735,-0.026982,-7.659013
0.518000,-0.018648,-0.038822,-7.290643
0.519000,-0.017496,-0.049347,-6.855836
0.520000,-0.016277,-0.058556,-6.369393
0.521000,-0.014763,-0.068093,-5.834602
0.522000,-0.013347,-0.076645,-5.258373
0.523000,-0.011602,-0.083551,-4.653860
0.524000,-0.010482,-0.090458,-3.998369
0.525000,-0.009000,-0.095063,-3.369521
0.526000,-0.006893,-0.099009,-2.698577
0.527000,-0.003896,-0.100654,-2.018096
0.528000,-0.001493,-0.101969,-1.328407
0.529000,-0.004983,-0.103943,-0.637405
0.530000,-0.000011,-0.104600,0.075961
0.531000,0.004303,-0.101640,0.789654
0.532000,0.003908,-0.099996,1.502031
0.533000,0.006246,-0.096378,2.200594
0.534000,0.008090,-0.091445,2.877779
0.535000,0.009934,-0.084538,3.538189
0.536000,0.011712,-0.076645,4.180839
0.537000,0.013391,-0.068751,4.806058
0.538000,0.015268,-0.058556,5.409900
0.539000,0.016651,-0.047702,5.983483
0.540000,0.018001,-0.036191,6.512996
0.541000,0.019285,-0.024351,6.973441
0.542000,0.020339,-0.011524,7.382252
0.543000,0.021162,0.001960,7.738440
0.544000,0.021656,0.015774,8.018983
0.545000,0.021920,0.029587,8.206451
0.546000,0.021887,0.043730,8.302487
0.547000,0.021722,0.057543,8.304789
0.548000,0.019384,0.070699,8.216318
0.549000,0.020635,0.083525,8.038059
0.550000,0.019779,0.095694,7.771329
0.551000,0.018923,0.107535,7.429283
0.552000,0.017935,0.118388,7.018499
0.553000,0.016783,0.128912,6.553778
0.554000,0.015597,0.138121,6.037421
0.555000,0.013720,0.146673,5.477651
0.556000,0.012535,0.154237,4.879072
0.557000,0.010921,0.161144,4.253853
0.558000,0.009341,0.166406,3.606927
0.559000,0.007530,0.171339,2.946845
0.560000,0.005258,0.174628,2.273608
0.561000,0.003941,0.177259,1.592476
0.562000,0.005093,0.180877,0.901148
0.563000,0.002327,0.178904,0.204229
0.564000,-0.005839,0.172984,-0.503546
0.565000,-0.002448,0.176273,-1.213953
0.566000,-0.007453,0.169037,-1.920086
0.567000,-0.006926,0.166406,-2.615695
0.568000,-0.009033,0.159828,-3.291902
0.569000,-0.011141,0.153250,-3.951995
0.570000,-0.012952,0.145028,-4.586765
0.571000,-0.014598,0.135819,-5.199500
0.572000,-0.016179,0.125295,-5.783952
0.573000,-0.017595,0.113783,-6.332885
0.574000,-0.019076,0.102272,-6.834457
0.575000,-0.020097,0.089117,-7.277487
0.576000,-0.021052,0.075632,-7.656053
0.577000,-0.021513,0.062476,-7.955683
0.578000,-0.021875,0.048334,-8.171773
0.579000,-0.022238,0.035178,-8.295440
0.580000,-0.021941,0.021036,-8.327015
0.581000,-0.021546,0.007552,-8.267155
0.582000,-0.020789,-0.005604,-8.115859
0.583000,-0.020130,-0.018760,-7.876418
0.584000,-0.019373,-0.030271,-7.560343
0.585000,-0.018154,-0.039809,-7.176185
0.586000,-0.017101,-0.052307,-6.728223
0.587000,-0.015751,-0.061844,-6.225335
0.588000,-0.014368,-0.070725,-5.676073
0.589000,-0.013116,-0.078289,-5.091622
0.590000,-0.011766,-0.085854,-4.477242
0.591000,-0.011766,-0.091445,-3.839842
0.592000,-0.008144,-0.096707,-3.183696
0.593000,-0.006564,-0.099667,-2.510120
0.594000,-0.003995,-0.100983,-1.823720
0.595000,-0.001427,-0.101969,-1.138636
0.596000,0.004072,-0.106245,-0.443359
0.597000,0.000845,-0.102956,0.264087
0.598000,0.000977,-0.104929,0.982713
0.599000,0.004270,-0.099667,1.701010
0.600000,0.006443,-0.094405,2.392995
0.601000,0.008452,-0.088814,3.066561
0.602000,0.010428,-0.082565,3.722696
0.603000,0.012304,-0.074342,4.359097
0.604000,0.013885,-0.065462,4.978068
0.605000,0.015433,-0.054938,5.574344
0.606000,0.017112,-0.044742,6.136746
0.607000,0.018495,-0.032573,6.649156
0.608000,0.019713,-0.020404,7.094144
0.609000,0.020504,-0.007249,7.487168
0.610000,0.021195,0.006565,7.827569
0.611000,0.021722,0.019721,8.081144
0.612000,0.021985,0.033534,8.241971
0.613000,0.021953,0.047676,8.311038
0.614000,0.021656,0.060832,8.287029
0.615000,0.021096,0.074645,8.171918
0.616000,0.020438,0.087472,7.966361
0.617000,0.019582,0.099312,7.681871
0.618000,0.018627,0.111152,7.318118
0.619000,0.017441,0.121677,6.889575
0.620000,0.016223,0.131544,6.409395
0.621000,0.014807,0.140753,5.878567
0.622000,0.013556,0.149962,5.311562
0.623000,0.012074,0.156868,4.704431
0.624000,0.010493,0.162459,4.069017
0.625000,0.008913,0.167722,3.418802
0.626000,0.007069,0.171997,2.752800
0.627000,0.005258,0.175286,2.077589
0.628000,0.003578,0.178904,1.390209
0.629000,0.001537,0.178904,0.701841
0.630000,-0.000077,0.177917,0.002618
0.631000,-0.002711,0.173642,-0.702197
0.632000,-0.003205,0.174299,-1.420168
0.633000,-0.004785,0.171011,-2.122355
0.634000,-0.006465,0.165091,-2.812703
0.635000,-0.009791,0.158184,-3.483648
0.636000,-0.011668,0.150948,-4.136177
0.637000,-0.013413,0.142397,-4.767329
0.638000,-0.015059,0.132859,-5.371843
0.639000,-0.016640,0.122335,-5.946428
0.640000,-0.018418,0.110166,-6.482534
0.641000,-0.019406,0.098654,-6.968649
0.642000,-0.020328,0.085170,-7.395234
0.643000,-0.021019,0.071685,-7.751435
0.644000,-0.021645,0.058201,-8.026726
0.645000,-0.022007,0.044387,-8.216175
0.646000,-0.022073,0.030903,-8.314517
0.647000,-0.022007,0.017089,-8.321424
0.648000,-0.021217,0.003276,-8.233278
0.649000,-0.020887,-0.009880,-8.054025
0.650000,-0.020097,-0.021391,-7.792219
0.651000,-0.019142,-0.033889,-7.454436
0.652000,-0.017759,-0.044413,-7.049559
0.653000,-0.016771,-0.054938,-6.579560
0.654000,-0.015290,-0.064476,-6.071410
0.655000,-0.014203,-0.073356,-5.511624
0.656000,-0.012688,-0.080591,-4.915662
0.657000,-0.011108,-0.086840,-4.292731
0.658000,-0.008836,-0.092760,-3.649082
0.659000,-0.007683,-0.093747,-2.989977
0.660000,-0.006201,-0.101311,-2.314100
0.661000,-0.002974,-0.101640,-1.630002
0.662000,-0.003271,-0.106903,-0.929790
0.663000,0.002459,-0.106245,-0.233526
0.664000,-0.002876,-0.103614,0.481484
0.665000,0.004270,-0.099667,1.195834
0.666000,0.004994,-0.098351,1.902949
0.667000,0.007036,-0.093089,2.590000
0.668000,0.009110,-0.087169,3.256660
0.669000,0.010921,-0.079934,3.910163
0.670000,0.012667,-0.072369,4.541631
0.671000,0.014181,-0.062831,5.155339
0.672000,0.015960,-0.052636,5.741091
0.673000,0.017540,-0.041124,6.292968
0.674000,0.018923,-0.029284,6.782685
0.675000,0.019812,-0.016786,7.213531
0.676000,0.020701,-0.003302,7.590110
0.677000,0.021393,0.010183,7.910121
0.678000,0.021821,0.023996,8.138371
0.679000,0.022018,0.038467,8.271900
0.680000,0.021821,0.051294,8.313669
0.681000,0.021524,0.065436,8.261705
0.682000,0.020998,0.078263,8.123571
0.683000,0.020273,0.091090,7.893018
0.684000,0.019384,0.102272,7.585506
0.685000,0.018363,0.113455,7.200704
0.686000,0.017046,0.124637,6.757690
0.687000,0.015861,0.134504,6.258435
0.688000,0.014412,0.143055,5.715109
0.689000,0.013128,0.151277,5.134948
0.690000,0.011547,0.158184,4.493942
0.691000,0.010098,0.164104,3.885168
0.692000,0.008287,0.169037,3.228046
0.693000,0.006608,0.173313,2.557440
0.694000,0.005027,0.176273,1.876637
0.695000,0.002755,0.176273,1.190572
0.696000,0.004467,0.176931,0.489706
0.697000,-0.000636,0.177588,-0.201952
0.698000,-0.005740,0.171668,-0.909070
0.699000,-0.006860,0.169695,-1.623095
0.700000,-0.005971,0.169366,-2.325940
0.701000,-0.008704,0.162459,-3.010039
0.702000,-0.010416,0.155882,-3.674078
0.703000,-0.012096,0.148317,-4.320687
0.704000,-0.013808,0.139437,-4.943618
0.705000,-0.015619,0.129570,-5.542870
0.706000,-0.017167,0.118388,-6.106273
0.707000,-0.018517,0.106548,-6.629224
0.708000,-0.019636,0.094379,-7.097907
0.709000,-0.020459,0.080894,-7.506732
0.710000,-0.021348,0.068725,-7.839252
0.711000,-0.021941,0.054254,-8.090534
0.712000,-0.022139,0.040770,-8.253341
0.713000,-0.021908,0.026627,-8.324055
0.714000,-0.022468,0.012485,-8.304979
0.715000,-0.021250,-0.000342,-8.192165
0.716000,-0.020690,-0.013169,-7.988903
0.717000,-0.019834,-0.025009,-7.701771
0.718000,-0.018747,-0.036520,-7.343925
0.719000,-0.017529,-0.047373,-6.918985
0.720000,-0.015520,-0.057898,-6.442737
0.721000,-0.015191,-0.067107,-5.914196
0.722000,-0.013742,-0.075329,-5.342571
0.723000,-0.012194,-0.082894,-4.739373
0.724000,-0.010449,-0.089142,-4.108549
0.725000,-0.008934,-0.094734,-3.458981
0.726000,-0.007189,-0.098023,-2.793627
0.727000,-0.006037,-0.102298,-2.120710
0.728000,-0.006564,-0.107560,-1.431022
0.729000,0.002558,-0.102956,-0.724561
0.730000,-0.000110,-0.105258,-0.026982
0.731000,0.004928,-0.099996,0.690001
0.732000,0.004500,-0.101640,1.401391
0.733000,0.005850,-0.097036,2.106532
0.734000,0.007859,-0.091774,2.781743
0.735000,0.009703,-0.085525,3.445771
0.736000,0.011415,-0.077960,4.093355
0.737000,0.013161,-0.069409,4.721863
0.738000,0.014807,-0.059213,5.328335
0.739000,0.016486,-0.048689,5.904878
0.740000,0.018001,-0.037835,6.441955
0.741000,0.019088,-0.025666,6.912926
0.742000,0.020076,-0.013169,7.328314
0.743000,0.021063,0.000645,7.691080
0.744000,0.021623,0.014458,7.984450
0.745000,0.021953,0.027285,8.186389
0.746000,0.021887,0.042414,8.295580
0.747000,0.021854,0.055570,8.309723
0.748000,0.021393,0.069054,8.231447
0.749000,0.020767,0.081881,8.063055
0.750000,0.019944,0.094050,7.810138
0.751000,0.019121,0.105890,7.480261
0.752000,0.017968,0.117401,7.080331
0.753000,0.016882,0.127926,6.619556
0.754000,0.015531,0.137464,6.107803
0.755000,0.014214,0.145028,5.550993
0.756000,0.012568,0.153250,4.960636
0.757000,0.010526,0.159828,4.342982
0.758000,0.009538,0.166077,3.698687
0.759000,0.007958,0.170353,3.037948
0.760000,0.006344,0.173642,2.362408
0.761000,0.004435,0.176602,1.679961
0.762000,0.000582,0.175615,0.988962
0.763000,-0.002349,0.180877,0.295660
0.764000,0.003908,0.174957,-0.408167
0.765000,-0.006992,0.170682,-1.112654
0.766000,-0.007189,0.169366,-1.826022
0.767000,-0.006992,0.167393,-2.525250
0.768000,-0.008671,0.161473,-3.205074
0.769000,-0.010317,0.154237,-3.863193
0.770000,-0.012557,0.146344,-4.502567
0.771000,-0.014466,0.136806,-5.119249
0.772000,-0.016047,0.126610,-5.708634
0.773000,-0.017397,0.115757,-6.261185
0.774000,-0.018780,0.103917,-6.770322
0.775000,-0.019933,0.091419,-7.223218
0.776000,-0.021019,0.077277,-7.608362
0.777000,-0.021546,0.064121,-7.921806
0.778000,-0.021875,0.050307,-8.147434
0.779000,-0.021974,0.036823,-8.284258
0.780000,-0.022007,0.022681,-8.328331
0.781000,-0.021777,0.009196,-8.280640
0.782000,-0.021348,-0.002973,-8.142500
0.783000,-0.020295,-0.017115,-7.915557
0.784000,-0.019472,-0.028955,-7.606718
0.785000,-0.018418,-0.040138,-7.226178
0.786000,-0.017331,-0.050333,-6.786438
0.787000,-0.016047,-0.060200,-6.293746
0.788000,-0.014697,-0.069080,-5.754022
0.789000,-0.013149,-0.077302,-5.174175
0.790000,-0.011536,-0.084867,-4.560453
0.791000,-0.010252,-0.090787,-3.922065
0.792000,-0.008704,-0.095391,-3.267893
0.793000,-0.006926,-0.099009,-2.595304
0.794000,-0.007025,-0.103943,-1.920086
0.795000,-0.001921,-0.102627,-1.226780
0.796000,-0.001295,-0.100325,-0.523608
0.797000,0.000318,-0.104271,0.177259
0.798000,-0.000571,-0.105258,0.893584
0.799000,0.004961,-0.099667,1.607276
0.800000,0.006443,-0.096049,2.301892
0.801000,0.008287,-0.090129,2.976117
0.802000,0.010032,-0.083222,3.636198
0.803000,0.011909,-0.075658,4.277533
0.804000,0.013655,-0.066449,4.899792
0.805000,0.015433,-0.056911,5.498042
0.806000,0.016980,-0.045729,6.064719
0.807000,0.018166,-0.034547,6.586338
0.808000,0.019318,-0.021720,7.037575
0.809000,0.020405,-0.009222,7.438163
0.810000,0.021063,0.004592,7.786458
0.811000,0.021689,0.018405,8.052201
0.812000,0.021953,0.032218,8.226185
0.813000,0.021920,0.046361,8.307092
0.814000,0.021755,0.059516,8.296567
0.815000,0.021195,0.073001,8.193295
0.816000,0.020602,0.085828,7.997935
0.817000,0.019746,0.097339,7.721338
0.818000,0.018693,0.109179,7.370412
0.819000,0.017672,0.120361,6.950419
0.820000,0.016388,0.130228,6.476818
0.821000,0.015136,0.139437,5.949279
0.822000,0.013622,0.148317,5.380628
0.823000,0.012140,0.155224,4.781721
0.824000,0.010691,0.162130,4.154199
0.825000,0.009143,0.168051,3.505629
0.826000,0.007497,0.171997,2.841930
0.827000,0.005850,0.174299,2.163759
0.828000,0.004402,0.177917,1.478022
0.829000,0.000516,0.177588,0.784063
0.830000,0.000318,0.178575,0.090432
0.831000,-0.002612,0.171997,-0.613725
0.832000,-0.004357,0.173642,-1.316567
0.833000,-0.006465,0.168708,-2.033554
0.834000,-0.007716,0.165748,-2.726862
0.835000,-0.009659,0.159499,-3.400438
0.836000,-0.011108,0.152264,-4.052637
0.837000,-0.012787,0.144041,-4.685105
0.838000,-0.014763,0.133846,-5.293894
0.839000,-0.016574,0.122992,-5.874728
0.840000,-0.018023,0.112139,-6.415110
0.841000,-0.019241,0.100299,-6.908460
0.842000,-0.020163,0.087472,-7.343267
0.843000,-0.021052,0.073330,-7.709993
0.844000,-0.021744,0.059516,-7.996467
0.845000,-0.022139,0.046361,-8.197427
0.846000,-0.022073,0.032547,-8.305965
0.847000,-0.021842,0.018405,-8.324055
0.848000,-0.021381,0.004920,-8.248078
0.849000,-0.020789,-0.008235,-8.083627
0.850000,-0.020229,-0.020075,-7.810966
0.851000,-0.019109,-0.031586,-7.505416
0.852000,-0.018089,-0.043098,-7.105143
0.853000,-0.016837,-0.053622,-6.647971
0.854000,-0.015685,-0.063489,-6.138834
0.855000,-0.014664,-0.071711,-5.585955
0.856000,-0.012853,-0.079605,-5.000188
0.857000,-0.011207,-0.086182,-4.378244
0.858000,-0.009395,-0.092102,-3.733279
0.859000,-0.008078,-0.097036,-3.072858
0.860000,-0.005872,-0.099338,-2.400270
0.861000,-0.002283,-0.100983,-1.718474
0.862000,-0.004259,-0.102627,-1.033391
0.863000,0.002261,-0.109205,-0.323313
0.864000,-0.002744,-0.102298,0.391368
0.865000,0.004369,-0.102298,1.099798
0.866000,0.004863,-0.098023,1.813491
0.867000,0.006674,-0.094076,2.502186
0.868000,0.008682,-0.088156,3.169175
0.869000,0.010724,-0.081249,3.822021
0.870000,0.012469,-0.073027,4.458751
0.871000,0.014247,-0.063818,5.076077
0.872000,0.015861,-0.053951,5.667749
0.873000,0.017211,-0.042440,6.222257
0.874000,0.018693,-0.030600,6.721841
0.875000,0.019779,-0.018431,7.158935
0.876000,0.020570,-0.004946,7.545052
0.877000,0.021294,0.008209,7.873614
0.878000,0.021920,0.022023,8.112388
0.879000,0.022051,0.036165,8.260060
0.880000,0.022117,0.049979,8.314656
0.881000,0.021524,0.063134,8.276505
0.882000,0.020998,0.076290,8.145606
0.883000,0.020372,0.089446,7.926894
0.884000,0.019549,0.101286,7.625302
0.885000,0.018396,0.112797,7.254314
0.886000,0.017244,0.123321,6.818205
0.887000,0.015894,0.132859,6.331777
0.888000,0.014675,0.141739,5.791083
0.889000,0.013194,0.150619,5.210921
0.890000,0.011876,0.157526,4.600173
0.891000,0.010164,0.163117,3.966403
0.892000,0.008320,0.168379,3.314544
0.893000,0.007036,0.172655,2.617298
0.894000,0.005554,0.175944,1.969056
0.895000,0.004105,0.176602,1.279702
0.896000,0.004369,0.177917,0.588373
0.897000,-0.000241,0.178246,-0.108876
0.898000,0.002854,0.180548,-0.806126
0.899000,-0.001921,0.175944,-1.523112
0.900000,-0.006794,0.169037,-2.232534
0.901000,-0.008276,0.164104,-2.921238
0.902000,-0.010186,0.157197,-3.590539
0.903000,-0.011832,0.150290,-4.238792
0.904000,-0.013577,0.141410,-4.863696
0.905000,-0.015191,0.130886,-5.464592
0.906000,-0.016870,0.120032,-6.032271
0.907000,-0.018385,0.108521,-6.561470
0.908000,-0.019603,0.096352,-7.041007
0.909000,-0.020394,0.083854,-7.456081
0.910000,-0.021184,0.070041,-7.800770
0.911000,-0.021744,0.056228,-8.062906
0.912000,-0.022205,0.042085,-8.237224
0.913000,-0.022073,0.028272,-8.320437
0.914000,-0.021678,0.014787,-8.310570
0.915000,-0.021316,0.001632,-8.209597
0.916000,-0.020756,-0.011524,-8.018175
0.917000,-0.020624,-0.024022,-7.746501
0.918000,-0.019043,-0.035533,-7.396549
0.919000,-0.017562,-0.046387,-6.979503
0.920000,-0.016475,-0.056582,-6.506544
0.921000,-0.015191,-0.066120,-5.984580
0.922000,-0.013841,-0.074342,-5.419862
0.923000,-0.011404,-0.081249,-4.824228
0.924000,-0.010976,-0.088156,-4.198338
0.925000,-0.009000,-0.093747,-3.547454
0.926000,-0.007650,-0.098023,-2.880784
0.927000,-0.005082,-0.100654,-2.204907
0.928000,-0.001295,-0.100325,-1.518836
0.929000,-0.006399,-0.109534,-0.834411
0.930000,-0.000208,-0.104600,-0.128281
0.931000,0.004270,-0.100654,0.594951
0.932000,0.003348,-0.102298,1.307328
0.933000,0.005258,-0.097365,2.012469
0.934000,0.007266,-0.092102,2.694587
0.935000,0.009242,-0.085525,3.358615
0.936000,0.011350,-0.078947,4.019026
0.937000,0.013029,-0.070725,4.637667
0.938000,0.014642,-0.060858,5.248415
0.939000,0.016256,-0.050991,5.830549
0.940000,0.017771,-0.039809,6.375849
0.941000,0.018989,-0.026982,6.854383
0.942000,0.020043,-0.014155,7.275034
0.943000,0.020899,-0.001328,7.644706
0.944000,0.021393,0.012156,7.951890
0.945000,0.021854,0.026298,8.164024
0.946000,0.021920,0.040112,8.284069
0.947000,0.021985,0.053267,8.313998
0.948000,0.021524,0.066752,8.249865
0.949000,0.020866,0.080237,8.093313
0.950000,0.020141,0.092734,7.850263
0.951000,0.019154,0.104903,7.527950
0.952000,0.018199,0.116086,7.136571
0.953000,0.016980,0.125952,6.685663
0.954000,0.015663,0.136148,6.182132
0.955000,0.014247,0.144370,5.632229
0.956000,0.012831,0.152264,5.042530
0.957000,0.011350,0.159170,4.424875
0.958000,0.009802,0.164762,3.782225
0.959000,0.008123,0.169695,3.126748
0.960000,0.004896,0.174628,2.456800
0.961000,0.004566,0.176602,1.776326
0.962000,0.001372,0.175615,1.084998
0.963000,-0.002283,0.179233,0.398274
0.964000,-0.000208,0.177259,-0.301277
0.965000,0.001208,0.179562,-1.011026
0.966000,-0.003304,0.173642,-1.731630
0.967000,-0.006531,0.167722,-2.428555
0.968000,-0.008671,0.162130,-3.112655
0.969000,-0.010548,0.155224,-3.776365
0.970000,-0.012622,0.147659,-4.418370
0.971000,-0.014335,0.137793,-5.037025
0.972000,-0.015915,0.127597,-5.628712
0.973000,-0.017167,0.117401,-6.189156
0.974000,-0.018648,0.104903,-6.704213
0.975000,-0.019867,0.092734,-7.165332
0.976000,-0.020887,0.079250,-7.560343
0.977000,-0.021480,0.066094,-7.882996
0.978000,-0.021842,0.052939,-8.122437
0.979000,-0.022040,0.038138,-8.259919
0.980000,-0.022007,0.024654,-8.328660
0.981000,-0.021809,0.011169,-8.291165
0.982000,-0.021217,-0.001986,-8.164537
0.983000,-0.020426,-0.014813,-7.949105
0.984000,-0.019636,-0.027311,-7.654409
0.985000,-0.018484,-0.038493,-7.287025
0.986000,-0.017562,-0.049347,-6.851231
0.987000,-0.016080,-0.059213,-6.364459
0.988000,-0.014796,-0.067765,-5.828682
0.989000,-0.013182,-0.076316,-5.253768
0.990000,-0.011733,-0.083222,-4.647939
0.991000,-0.010515,-0.088156,-4.015472
0.992000,-0.008902,-0.094734,-3.361299
0.993000,-0.007189,-0.099009,-2.691999
0.994000,-0.003896,-0.100983,-2.012833
0.995000,-0.001328,-0.101969,-1.325447
0.996000,-0.007189,-0.108876,-0.638063
0.997000,0.000022,-0.104929,0.077934
0.998000,0.005027,-0.099996,0.790641
0.999000,0.004171,-0.099338,1.507294
1.000000,0.006213,-0.096049,2.206514
1.001000,0.007892,-0.091116,2.884356
1.002000,0.009802,-0.084209,3.544109
1.003000,0.010889,-0.076645,4.187746
1.004000,0.013391,-0.068093,4.811321
1.005000,0.015268,-0.058227,5.414175
1.006000,0.016783,-0.047702,5.988088
1.007000,0.018100,-0.035862,6.516284
1.008000,0.019285,-0.023693,6.978704
1.009000,0.020372,-0.010537,7.384225
1.010000,0.021228,0.002947,7.742716
1.011000,0.021722,0.016103,8.020628
1.012000,0.021887,0.029916,8.207767
1.013000,0.021920,0.043730,8.301829
1.014000,0.021755,0.057872,8.303803
1.015000,0.021426,0.070699,8.213687
1.016000,0.020701,0.084183,8.034770
1.017000,0.019878,0.096023,7.766725
1.018000,0.018923,0.107863,7.423363
1.019000,0.017771,0.119046,7.011593
1.020000,0.016585,0.128584,6.544240
1.021000,0.015334,0.138450,6.028212
1.022000,0.013885,0.147001,5.436869
1.023000,0.012436,0.154566,4.870521
1.024000,0.010889,0.161144,4.243328
1.025000,0.009110,0.167393,3.596403
1.026000,0.007662,0.171011,2.934348
1.027000,0.006279,0.173642,2.261768
1.028000,0.004369,0.176931,1.574387
1.029000,0.002854,0.178575,0.885033
1.030000,0.002031,0.179233,0.193375
1.031000,-0.000933,0.172326,-0.517359
1.032000,-0.003534,0.173971,-1.214282
1.033000,-0.003896,0.171997,-1.934886
1.034000,-0.007420,0.166406,-2.628522
1.035000,-0.009297,0.160157,-3.302756
1.036000,-0.011042,0.152922,-3.961204
1.037000,-0.012787,0.144699,-4.597618
1.038000,-0.014631,0.135490,-5.209367
1.039000,-0.016310,0.124966,-5.793161
1.040000,-0.017825,0.114112,-6.341107
1.041000,-0.018912,0.102272,-6.841693
1.042000,-0.019965,0.088788,-7.284394
1.043000,-0.021019,0.075632,-7.661644
1.044000,-0.021711,0.062148,-7.959959
1.045000,-0.022040,0.048334,-8.173417
1.046000,-0.022205,0.034521,-8.298729
1.047000,-0.021908,0.021036,-8.328002
1.048000,-0.021579,0.007223,-8.265510
1.049000,-0.021118,-0.005933,-8.110926
1.050000,-0.020163,-0.018760,-7.872471
1.051000,-0.019373,-0.029942,-7.554422
1.052000,-0.017529,-0.041453,-7.167305
1.053000,-0.017101,-0.052307,-6.718684
1.054000,-0.015849,-0.061844,-6.214481
1.055000,-0.014466,-0.070396,-5.666206
1.056000,-0.013050,-0.078618,-5.079781
1.057000,-0.011338,-0.085525,-4.463428
1.058000,-0.009494,-0.091116,-3.825370
1.059000,-0.008243,-0.096049,-3.152122
1.060000,-0.006992,-0.100325,-2.495978
1.061000,-0.003699,-0.101640,-1.816155
1.062000,0.001109,-0.099667,-1.120218
1.063000,-0.000702,-0.110520,-0.429545
1.064000,0.001998,-0.103285,0.285136
1.065000,0.004467,-0.099667,0.999487
1.066000,0.004467,-0.099009,1.712521
1.067000,0.006707,-0.094734,2.406479
1.068000,0.008551,-0.088814,3.078401
1.069000,0.010493,-0.082565,3.735852
1.070000,0.012140,-0.074342,4.372253
1.071000,0.013918,-0.064805,4.991552
1.072000,0.015663,-0.055267,5.584540
1.073000,0.017178,-0.044413,6.149243
1.074000,0.018561,-0.032573,6.657707
1.075000,0.019549,-0.020075,7.101709
1.076000,0.020537,-0.006920,7.494074
1.077000,0.021294,0.006236,7.833818
1.078000,0.021821,0.020378,8.085748
1.079000,0.021920,0.033863,8.244931
1.080000,0.021788,0.047676,8.311038
1.081000,0.021656,0.061490,8.284727
1.082000,0.021096,0.074645,8.168300
1.083000,0.019944,0.087472,7.964059
1.084000,0.019582,0.099312,7.674964
1.085000,0.018561,0.110823,7.309567
1.086000,0.017441,0.121677,6.881023
1.087000,0.016124,0.132201,6.396240
1.088000,0.014906,0.141410,5.866398
1.089000,0.013259,0.149633,5.295117
1.090000,0.012041,0.156868,4.691276
1.091000,0.010395,0.162459,4.055861
1.092000,0.008682,0.168051,3.404331
1.093000,0.007069,0.172326,2.737014
1.094000,0.005587,0.175615,2.059829
1.095000,0.002195,0.175944,1.377382
1.096000,0.001998,0.180220,0.653165
1.097000,-0.000175,0.178246,-0.013497
1.098000,-0.002085,0.173642,-0.716997
1.099000,-0.006893,0.171011,-1.432666
1.100000,-0.004720,0.170682,-2.141431
1.101000,-0.008144,0.164104,-2.829805
1.102000,-0.009758,0.157855,-3.498448
1.103000,-0.011766,0.150290,-4.150648
1.104000,-0.013446,0.142397,-4.780156
1.105000,-0.015224,0.132530,-5.385656
1.106000,-0.016607,0.122006,-5.960242
1.107000,-0.018089,0.110166,-6.495032
1.108000,-0.019472,0.098326,-6.979174
1.109000,-0.020492,0.085170,-7.405101
1.110000,-0.021283,0.071685,-7.759000
1.111000,-0.021579,0.058530,-8.033304
1.112000,-0.021941,0.044059,-8.219793
1.113000,-0.021941,0.030245,-8.315175
1.114000,-0.022007,0.017418,-8.318464
1.115000,-0.021546,0.003276,-8.230646
1.116000,-0.020822,-0.009222,-8.050736
1.117000,-0.019768,-0.021720,-7.785641
1.118000,-0.018945,-0.034218,-7.444898
1.119000,-0.017858,-0.045071,-7.037389
1.120000,-0.016738,-0.054280,-6.574955
1.121000,-0.015586,-0.064476,-6.058583
1.122000,-0.014005,-0.073027,-5.496824
1.123000,-0.012458,-0.079934,-4.900532
1.124000,-0.010910,-0.087498,-4.277273
1.125000,-0.009527,-0.093089,-3.631322
1.126000,-0.007584,-0.097365,-2.971888
1.127000,-0.006662,-0.101640,-2.296997
1.128000,-0.003271,-0.102298,-1.608624
1.129000,-0.003600,-0.104600,-0.922883
1.130000,0.001800,-0.103285,-0.219712
1.131000,0.001076,-0.099996,0.502533
1.132000,0.002327,-0.103943,1.214252
1.133000,0.005027,-0.097365,1.941758
1.134000,0.007332,-0.092431,2.606773
1.135000,0.009110,-0.087498,3.273104
1.136000,0.011053,-0.079934,3.925950
1.137000,0.012700,-0.071711,4.557418
1.138000,0.014346,-0.062502,5.170797
1.139000,0.016124,-0.051978,5.756549
1.140000,0.017540,-0.040795,6.307111
1.141000,0.018824,-0.028955,6.794196
1.142000,0.019779,-0.016457,7.224056
1.143000,0.020701,-0.003302,7.601293
1.144000,0.021459,0.010841,7.916370
1.145000,0.021920,0.024654,8.142317
1.146000,0.022084,0.038467,8.274860
1.147000,0.021985,0.052281,8.313669
1.148000,0.021327,0.065436,8.259403
1.149000,0.020899,0.078263,8.115677
1.150000,0.020240,0.091090,7.884138
1.151000,0.019450,0.103588,7.575310
1.152000,0.018297,0.114441,7.190838
1.153000,0.016980,0.124637,6.744205
1.154000,0.015696,0.134504,6.245279
1.155000,0.014313,0.143713,5.700309
1.156000,0.012996,0.151935,5.119490
1.157000,0.012337,0.158513,4.506440
1.158000,0.010065,0.164433,3.869052
1.159000,0.008353,0.169366,3.209957
1.160000,0.006443,0.173642,2.540338
1.161000,0.005027,0.176602,1.858877
1.162000,0.004105,0.177259,1.169523
1.163000,0.005389,0.179891,0.480168
1.164000,-0.000636,0.177917,-0.217739
1.165000,0.000022,0.177917,-0.916634
1.166000,-0.006959,0.170353,-1.640855
1.167000,-0.006695,0.168708,-2.341398
1.168000,-0.008111,0.162788,-3.027800
1.169000,-0.009988,0.156539,-3.690852
1.170000,-0.012260,0.147988,-4.336146
1.171000,-0.014104,0.139108,-4.959076
1.172000,-0.015652,0.129570,-5.557670
1.173000,-0.017002,0.118717,-6.119758
1.174000,-0.018484,0.106548,-6.641393
1.175000,-0.019867,0.094379,-7.109747
1.176000,-0.020756,0.081223,-7.514954
1.177000,-0.021283,0.067739,-7.848132
1.178000,-0.021711,0.054254,-8.096454
1.179000,-0.021941,0.040112,-8.256301
1.180000,-0.022073,0.025970,-8.324055
1.181000,-0.021678,0.012485,-8.301690
1.182000,-0.021316,-0.000342,-8.189205
1.183000,-0.020426,-0.012840,-7.983640
1.184000,-0.019735,-0.025666,-7.695192
1.185000,-0.018813,-0.037178,-7.333729
1.186000,-0.017660,-0.047373,-6.906816
1.187000,-0.016212,-0.057898,-6.428923
1.188000,-0.015191,-0.065462,-5.899067
1.189000,-0.013610,-0.075658,-5.330730
1.190000,-0.012096,-0.082236,-4.723915
1.191000,-0.010647,-0.088485,-4.092105
1.192000,-0.008869,-0.094734,-3.441220
1.193000,-0.007453,-0.098680,-2.775209
1.194000,-0.006498,-0.102627,-2.098675
1.195000,-0.002744,-0.102956,-1.409315
1.196000,-0.006399,-0.107560,-0.724561
1.197000,-0.000011,-0.104929,-0.009551
1.198000,0.003875,-0.103285,0.707103
1.199000,0.003117,-0.101640,1.423427
1.200000,0.006213,-0.097365,2.120674
1.201000,0.007629,-0.091445,2.800161
1.202000,0.009506,-0.084867,3.464189
1.203000,0.011547,-0.077631,4.110457
1.204000,0.013259,-0.069080,4.736663
1.205000,0.015005,-0.059871,5.342477
1.206000,0.016552,-0.049018,5.919350
1.207000,0.018067,-0.037507,6.454782
1.208000,0.019219,-0.025009,6.923779
1.209000,0.020207,-0.012182,7.336536
1.210000,0.020899,0.000974,7.699960
1.211000,0.021590,0.014458,7.990370
1.212000,0.021953,0.028272,8.190335
1.213000,0.022051,0.042414,8.297225
1.214000,0.021788,0.055899,8.308736
1.215000,0.021393,0.068725,8.227500
1.216000,0.020767,0.082210,8.057464
1.217000,0.020174,0.094708,7.803889
1.218000,0.019121,0.106877,7.470066
1.219000,0.018067,0.117401,7.065202
1.220000,0.016750,0.127597,6.609689
1.221000,0.015334,0.137135,6.095634
1.222000,0.013984,0.145686,5.536193
1.223000,0.012634,0.152922,4.944521
1.224000,0.010987,0.160486,4.323577
1.225000,0.009473,0.165419,3.686518
1.226000,0.007793,0.171011,3.022161
1.227000,0.006279,0.174299,2.347608
1.228000,0.004500,0.176273,1.663188
1.229000,0.002656,0.178904,0.978767
1.230000,0.000318,0.180220,0.277242
1.231000,-0.005806,0.178575,-0.408825
1.232000,-0.003370,0.174628,-1.122521
1.233000,-0.006695,0.169366,-1.845098
1.234000,-0.007288,0.166735,-2.541036
1.235000,-0.009132,0.161144,-3.219874
1.236000,-0.010943,0.154237,-3.878322
1.237000,-0.012589,0.146015,-4.517367
1.238000,-0.014433,0.136806,-5.132405
1.239000,-0.016179,0.126281,-5.721132
1.240000,-0.017660,0.115428,-6.273354
1.241000,-0.018846,0.103259,-6.781176
1.242000,-0.019867,0.090432,-7.231441
1.243000,-0.020789,0.076948,-7.618558
1.244000,-0.021546,0.063792,-7.927727
1.245000,-0.022040,0.050636,-8.152696
1.246000,-0.022073,0.036494,-8.286560
1.247000,-0.021809,0.022352,-8.327673
1.248000,-0.021579,0.008867,-8.278008
1.249000,-0.020789,-0.003960,-8.138553
1.250000,-0.020361,-0.016786,-7.911610
1.251000,-0.019406,-0.028955,-7.600140
1.252000,-0.018352,-0.040467,-7.219272
1.253000,-0.017265,-0.050662,-6.776900
1.254000,-0.016047,-0.060529,-6.283879
1.255000,-0.015125,-0.070067,-5.741853
1.256000,-0.013050,-0.077302,-5.165295
1.257000,-0.011569,-0.084538,-4.549599
1.258000,-0.010054,-0.090787,-3.910883
1.259000,-0.008605,-0.095720,-3.255066
1.260000,-0.006992,-0.099667,-2.584779
1.261000,-0.005444,-0.102627,-1.904299
1.262000,-0.000472,-0.101640,-1.193561
1.263000,-0.004720,-0.102627,-0.516044
1.264000,0.000121,-0.103943,0.192060
1.265000,-0.000439,-0.105916,0.903122
1.266000,0.004369,-0.099338,1.620432
1.267000,0.006311,-0.095063,2.312746
1.268000,0.008353,-0.090129,2.989601
1.269000,0.010164,-0.083222,3.645078
1.270000,0.011909,-0.075329,4.288057
1.271000,0.013687,-0.066449,4.910316
1.272000,0.015301,-0.056911,5.508238
1.273000,0.017046,-0.046058,6.074257
1.274000,0.018297,-0.034218,6.593245
1.275000,0.019417,-0.021720,7.046455
1.276000,0.020306,-0.008564,7.445070
1.277000,0.021195,0.004263,7.792049
1.278000,0.021821,0.018076,8.054504
1.279000,0.021854,0.031890,8.227829
1.280000,0.021920,0.046032,8.309723
1.281000,0.021557,0.059845,8.298212
1.282000,0.021294,0.073330,8.190007
1.283000,0.020570,0.085499,7.994317
1.284000,0.019680,0.097668,7.716404
1.285000,0.018693,0.109179,7.364492
1.286000,0.016980,0.120361,6.945157
1.287000,0.016453,0.131215,6.470569
1.288000,0.015202,0.140095,5.942372
1.289000,0.013622,0.147988,5.374051
1.290000,0.011909,0.155882,4.772840
1.291000,0.010625,0.162130,4.144333
1.292000,0.008715,0.167722,3.496749
1.293000,0.007596,0.171339,2.834365
1.294000,0.005620,0.174957,2.157181
1.295000,0.004369,0.178246,1.470129
1.296000,0.000351,0.176931,0.775512
1.297000,0.000318,0.178904,0.080565
1.298000,-0.001361,0.180877,-0.613725
1.299000,-0.006695,0.171339,-1.332354
1.300000,-0.004522,0.171668,-2.041776
1.301000,-0.007683,0.165091,-2.735084
1.302000,-0.009428,0.159499,-3.408331
1.303000,-0.011338,0.152264,-4.062175
1.304000,-0.013380,0.143384,-4.692998
1.305000,-0.014927,0.133517,-5.301129
1.306000,-0.016607,0.123650,-5.879004
1.307000,-0.017858,0.111810,-6.422017
1.308000,-0.019043,0.099312,-6.916025
1.309000,-0.020262,0.086814,-7.348201
1.310000,-0.021118,0.073330,-7.712624
1.311000,-0.021744,0.060174,-7.997783
1.312000,-0.022040,0.046361,-8.199401
1.313000,-0.022007,0.032547,-8.307939
1.314000,-0.021941,0.019063,-8.323397
1.315000,-0.021579,0.004920,-8.248736
1.316000,-0.021019,-0.007249,-8.081324
1.317000,-0.020064,-0.017444,-7.831029
1.318000,-0.019175,-0.031258,-7.501469
1.319000,-0.017924,-0.043098,-7.100538
1.320000,-0.016903,-0.053293,-6.643366
1.321000,-0.015784,-0.063160,-6.133243
1.322000,-0.014335,-0.072040,-5.580693
1.323000,-0.012622,-0.079276,-4.991966
1.324000,-0.011207,-0.086511,-4.372653
1.325000,-0.009824,-0.092102,-3.725715
1.326000,-0.008078,-0.097036,-3.066609
1.327000,-0.005642,-0.099996,-2.393363
1.328000,-0.002085,-0.100983,-1.711567
1.329000,-0.002019,-0.103943,-1.025826
1.330000,-0.000867,-0.106903,-0.313446
1.331000,0.003019,-0.103285,0.385119
1.332000,0.002360,-0.103943,1.109007
1.333000,0.005225,-0.098351,1.820726
1.334000,0.006838,-0.094076,2.508764
1.335000,0.008847,-0.088485,3.176082
1.336000,0.010625,-0.080920,3.829256
1.337000,0.012403,-0.073356,4.465000
1.338000,0.014280,-0.063818,5.082654
1.339000,0.015992,-0.053622,5.673340
1.340000,0.017474,-0.042440,6.229164
1.341000,0.018627,-0.030600,6.727103
1.342000,0.019713,-0.018431,7.163869
1.343000,0.020635,-0.004946,7.549328
1.344000,0.021393,0.007880,7.875587
1.345000,0.021788,0.022352,8.113704
1.346000,0.021953,0.035836,8.260060
1.347000,0.021755,0.049979,8.315643
1.348000,0.021623,0.063463,8.263349
1.349000,0.021096,0.076948,8.142975
1.350000,0.020438,0.089446,7.923605
1.351000,0.019450,0.101615,7.623328
1.352000,0.018429,0.113126,7.249380
1.353000,0.017244,0.123650,6.814259
1.354000,0.016091,0.133846,6.314346
1.355000,0.014807,0.142726,5.785163
1.356000,0.013292,0.150290,5.206975
1.357000,0.011712,0.157526,4.594582
1.358000,0.010065,0.163775,3.960812
1.359000,0.008584,0.168379,3.307637
1.360000,0.007036,0.175286,2.642951
1.361000,0.005225,0.175615,1.963136
1.362000,0.003084,0.178904,1.275755
1.363000,0.004237,0.181535,0.585413
1.364000,-0.000208,0.177917,-0.117427
1.365000,0.001405,0.180877,-0.818624
1.366000,-0.002711,0.173313,-1.531005
1.367000,-0.006037,0.169037,-2.238454
1.368000,-0.008276,0.163775,-2.928474
1.369000,-0.010054,0.157526,-3.597117
1.370000,-0.011865,0.148975,-4.245370
1.371000,-0.013577,0.140753,-4.870274
1.372000,-0.014598,0.131215,-5.471170
1.373000,-0.017101,0.119375,-6.039835
1.374000,-0.018352,0.108521,-6.568706
1.375000,-0.019735,0.096352,-7.044296
1.376000,-0.020426,0.082868,-7.461014
1.377000,-0.021348,0.069712,-7.805046
1.378000,-0.021908,0.056228,-8.065537
1.379000,-0.022106,0.042414,-8.239856
1.380000,-0.021974,0.028601,-8.321753
1.381000,-0.021744,0.015116,-8.310899
1.382000,-0.021217,0.001632,-8.207623
1.383000,-0.020657,-0.011524,-8.016859
1.384000,-0.019537,-0.023035,-7.742883
1.385000,-0.018912,-0.035533,-7.396549
1.386000,-0.017759,-0.046715,-6.977529
1.387000,-0.016409,-0.056253,-6.503255
1.388000,-0.015224,-0.066120,-5.977673
1.389000,-0.013907,-0.075000,-5.414599
1.390000,-0.012985,-0.081907,-4.816335
1.391000,-0.010844,-0.088485,-4.159857
1.392000,-0.009033,-0.093418,-3.540876
1.393000,-0.007420,-0.097694,-2.874206
1.394000,-0.005214,-0.100983,-2.198658
1.395000,-0.002612,-0.101969,-1.515218
1.396000,-0.001789,-0.105587,-0.816980
1.397000,-0.000241,-0.104929,-0.116769
1.398000,-0.001624,-0.106903,0.590347
1.399000,0.004435,-0.101640,1.315879
1.400000,0.005422,-0.097365,2.020034
1.401000,0.007233,-0.092102,2.704782
1.402000,0.009275,-0.085854,3.367824
1.403000,0.011185,-0.078947,4.016395
1.404000,0.012996,-0.070396,4.643587
1.405000,0.014642,-0.061516,5.254993
1.406000,0.016355,-0.050662,5.835812
1.407000,0.017738,-0.039480,6.378809
1.408000,0.019022,-0.026653,6.857672
1.409000,0.020076,-0.014484,7.278980
1.410000,0.020833,-0.001328,7.648982
1.411000,0.021492,0.012156,7.953863
1.412000,0.021821,0.026627,8.166984
1.413000,0.021953,0.039783,8.284398
1.414000,0.021821,0.053596,8.311696
1.415000,0.021031,0.067410,8.246576
1.416000,0.020899,0.079908,8.090024
1.417000,0.020109,0.092734,7.844672
1.418000,0.019121,0.104575,7.520715
1.419000,0.018100,0.116086,7.128020
1.420000,0.017013,0.126610,6.675467
1.421000,0.015762,0.136148,6.171937
1.422000,0.014214,0.144699,5.622362
1.423000,0.012798,0.152593,5.032663
1.424000,0.011251,0.159170,4.414351
1.425000,0.009769,0.165419,3.772358
1.426000,0.008254,0.169366,3.112935
1.427000,0.005916,0.173971,2.443644
1.428000,0.004336,0.176602,1.735215
1.429000,0.004599,0.179562,1.072500
1.430000,0.000549,0.176273,0.382488
1.431000,-0.002415,0.178575,-0.315091
1.432000,-0.005609,0.172326,-1.033391
1.433000,-0.004522,0.171997,-1.744457
1.434000,-0.006761,0.168379,-2.447959
1.435000,-0.008836,0.162130,-3.124495
1.436000,-0.010482,0.155553,-3.786232
1.437000,-0.012260,0.147001,-4.429881
1.438000,-0.014302,0.137793,-5.047878
1.439000,-0.015915,0.128255,-5.639895
1.440000,-0.017364,0.117072,-6.198365
1.441000,-0.018648,0.104575,-6.713093
1.442000,-0.019834,0.091748,-7.172568
1.443000,-0.020723,0.079250,-7.567250
1.444000,-0.021546,0.065108,-7.888587
1.445000,-0.022172,0.052281,-8.126055
1.446000,-0.021974,0.037810,-8.274391
1.447000,-0.021875,0.024983,-8.328002
1.448000,-0.021612,0.010512,-8.291822
1.449000,-0.021151,-0.002315,-8.162234
1.450000,-0.020525,-0.015142,-7.944172
1.451000,-0.019636,-0.027311,-7.647831
1.452000,-0.018945,-0.039151,-7.278803
1.453000,-0.017298,-0.049018,-6.843667
1.454000,-0.016080,-0.059542,-6.356566
1.455000,-0.014960,-0.068422,-5.817500
1.456000,-0.013544,-0.076316,-5.240612
1.457000,-0.011931,-0.083551,-4.634126
1.458000,-0.009922,-0.090129,-4.001329
1.459000,-0.008572,-0.095391,-3.350445
1.460000,-0.007189,-0.099009,-2.679830
1.461000,-0.004720,-0.101311,-1.999020
1.462000,-0.005510,-0.106574,-1.313936
1.463000,-0.005411,-0.111178,-0.621289
1.464000,0.000450,-0.104929,0.094379
1.465000,-0.000274,-0.104600,0.805112
1.466000,0.004105,-0.099996,1.522752
1.467000,0.005785,-0.095720,2.221972
1.468000,0.007958,-0.090787,2.900143
1.469000,0.009802,-0.084209,3.559896
1.470000,0.011811,-0.076973,4.200902
1.471000,0.013490,-0.068093,4.826449
1.472000,0.015038,-0.057898,5.427002
1.473000,0.016783,-0.047373,5.999599
1.474000,0.018199,-0.035862,6.527796
1.475000,0.019417,-0.024022,6.986926
1.476000,0.020306,-0.010537,7.392447
1.477000,0.021063,0.002289,7.747978
1.478000,0.021590,0.017089,8.026219
1.479000,0.021953,0.030574,8.211384
1.480000,0.021887,0.044387,8.302487
1.481000,0.021755,0.057872,8.301501
1.482000,0.021261,0.071028,8.209411
1.483000,0.020537,0.083854,8.026877
1.484000,0.019845,0.096352,7.759818
1.485000,0.018890,0.108521,7.413496
1.486000,0.017804,0.118717,7.001397
1.487000,0.016585,0.128584,6.533716
1.488000,0.015301,0.138779,6.013741
1.489000,0.013128,0.146673,5.454629
1.490000,0.012469,0.154566,4.857365
1.491000,0.011053,0.161473,4.230502
1.492000,0.009275,0.166406,3.580616
1.493000,0.007497,0.171339,2.920205
1.494000,0.005686,0.174628,2.244008
1.495000,0.004928,0.179233,1.562218
1.496000,0.003150,0.178575,0.878784
1.497000,0.001504,0.178246,0.177259
1.498000,-0.003007,0.171011,-0.533475
1.499000,-0.000538,0.177588,-1.234344
1.500000,-0.007058,0.169366,-1.946726
1.501000,-0.007453,0.166406,-2.642007
1.502000,-0.009099,0.159828,-3.318543
1.503000,-0.011141,0.153579,-3.976991
1.504000,-0.013083,0.144370,-4.613076
1.505000,-0.014598,0.135161,-5.225154
1.506000,-0.016245,0.124966,-5.806317
1.507000,-0.017726,0.113455,-6.353605
1.508000,-0.019109,0.101615,-6.854520
1.509000,-0.020163,0.088788,-7.295248
1.510000,-0.021052,0.075303,-7.669209
1.511000,-0.021579,0.062148,-7.966208
1.512000,-0.021941,0.047676,-8.178680
1.513000,-0.022106,0.033205,-8.300374
1.514000,-0.021908,0.020049,-8.328002
1.515000,-0.021678,0.006565,-8.262879
1.516000,-0.020986,-0.006591,-8.107637
1.517000,-0.020163,-0.018431,-7.866222
1.518000,-0.019307,-0.030929,-7.545871
1.519000,-0.018187,-0.042111,-7.155794
1.520000,-0.017167,-0.051649,-6.706844
1.521000,-0.015816,-0.061844,-6.204943
1.522000,-0.014203,-0.070725,-5.654366
1.523000,-0.012754,-0.078618,-5.067283
1.524000,-0.011569,-0.085525,-4.451259
1.525000,-0.009988,-0.091445,-3.811228
1.526000,-0.008276,-0.095063,-3.155411
1.527000,-0.006333,-0.100325,-2.484796
1.528000,-0.004753,-0.102627,-1.797080
1.529000,-0.003271,-0.104929,-1.102129
1.530000,0.003052,-0.103614,-0.412772
1.531000,-0.002448,-0.102298,0.295003
1.532000,-0.000011,-0.102956,1.018891
1.533000,0.004994,-0.099009,1.727650
1.534000,0.006772,-0.094405,2.419635
1.535000,0.008649,-0.089471,3.092872
1.536000,0.010362,-0.082236,3.747363
1.537000,0.012206,-0.073685,4.386066
1.538000,0.014050,-0.065462,5.002734
1.539000,0.015696,-0.054938,5.597367
1.540000,0.017178,-0.044084,6.158781
1.541000,0.018495,-0.032244,6.666587
1.542000,0.019648,-0.020404,7.110917
1.543000,0.020537,-0.006920,7.502297
1.544000,0.021360,0.006894,7.840725
1.545000,0.021788,0.020049,8.089366
1.546000,0.021953,0.034521,8.247562
1.547000,0.021920,0.047676,8.311367
1.548000,0.021689,0.061490,8.284398
1.549000,0.021162,0.075303,8.164353
1.550000,0.020537,0.087472,7.957152
1.551000,0.019680,0.099970,7.664440
1.552000,0.018594,0.111481,7.302332
1.553000,0.017408,0.121677,6.871486
1.554000,0.016190,0.132530,6.386373
1.555000,0.014939,0.140753,5.852914
1.556000,0.013556,0.149304,5.281962
1.557000,0.011876,0.155224,4.679107
1.558000,0.010362,0.162788,4.045008
1.559000,0.008715,0.167722,3.390518
1.560000,0.007069,0.171997,2.723200
1.561000,0.005653,0.174957,2.045029
1.562000,0.003216,0.178246,1.360937
1.563000,0.001076,0.176931,0.666978
1.564000,-0.000110,0.177917,-0.027311
1.565000,-0.006366,0.170682,-0.735086
1.566000,-0.004753,0.172326,-1.449440
1.567000,-0.005181,0.170353,-2.153929
1.568000,-0.007782,0.164433,-2.843290
1.569000,-0.009988,0.157526,-3.512262
1.570000,-0.011700,0.150948,-4.162159
1.571000,-0.013413,0.141410,-4.792983
1.572000,-0.015158,0.132201,-5.397825
1.573000,-0.016837,0.121348,-5.971424
1.574000,-0.018220,0.110166,-6.503913
1.575000,-0.019504,0.097668,-6.988054
1.576000,-0.020394,0.085499,-7.412008
1.577000,-0.021085,0.071357,-7.765249
1.578000,-0.021645,0.058201,-8.036922
1.579000,-0.022040,0.043730,-8.221766
1.580000,-0.022172,0.029587,-8.316161
1.581000,-0.022007,0.016432,-8.318464
1.582000,-0.021283,0.002618,-8.229331
1.583000,-0.020822,-0.009880,-8.046132
1.584000,-0.019998,-0.022706,-7.780378
1.585000,-0.019142,-0.034547,-7.437662
1.586000,-0.018023,-0.045071,-7.029167
1.587000,-0.016837,-0.055924,-6.565417
1.588000,-0.015125,-0.064805,-6.038520
1.589000,-0.014038,-0.073356,-5.487615
1.590000,-0.012622,-0.080920,-4.890665
1.591000,-0.011009,-0.087827,-4.266091
1.592000,-0.009198,-0.093089,-3.619153
1.593000,-0.007156,-0.097694,-2.959390
1.594000,-0.006498,-0.099009,-2.285815
1.595000,-0.003238,-0.102956,-1.603362
1.596000,-0.005938,-0.108876,-0.905452
1.597000,0.001109,-0.104600,-0.206886
1.598000,-0.001526,-0.101969,0.513715
1.599000,0.005126,-0.099667,1.223461
1.600000,0.005093,-0.096378,1.930575
1.601000,0.007135,-0.093418,2.617956
1.602000,0.009077,-0.086511,3.285931
1.603000,0.010954,-0.079934,3.936145
1.604000,0.012798,-0.071382,4.567285
1.605000,0.014478,-0.062173,5.182308
1.606000,0.015861,-0.052307,5.767074
1.607000,0.017441,-0.041124,6.316319
1.608000,0.018956,-0.028298,6.802419
1.609000,0.019944,-0.015471,7.229976
1.610000,0.020833,-0.003302,7.606555
1.611000,0.021393,0.010841,7.922619
1.612000,0.021920,0.024654,8.145606
1.613000,0.021953,0.038138,8.276176
1.614000,0.021854,0.052281,8.313998
1.615000,0.021557,0.065765,8.259403
1.616000,0.020833,0.078263,8.113704
1.617000,0.020174,0.091419,7.879534
1.618000,0.019285,0.103259,7.567417
1.619000,0.018495,0.114770,7.184918
1.620000,0.017079,0.124966,6.736970
1.621000,0.015795,0.135161,6.236070
1.622000,0.014280,0.143713,5.688798
1.623000,0.013029,0.151935,5.106992
1.624000,0.011547,0.158184,4.493942
1.625000,0.010065,0.164433,3.851292
1.626000,0.008386,0.169037,3.198446
1.627000,0.006542,0.173642,2.526853
1.628000,0.004797,0.175615,1.845722
1.629000,0.005093,0.179562,1.158341
1.630000,-0.002019,0.175944,0.467999
1.631000,-0.000900,0.177917,-0.223988
1.632000,0.000911,0.178575,-0.930776
1.633000,-0.006498,0.171339,-1.651051
1.634000,-0.006070,0.169037,-2.355540
1.635000,-0.008408,0.163117,-3.042600
1.636000,-0.010021,0.156210,-3.704994
1.637000,-0.012129,0.147330,-4.349301
1.638000,-0.014071,0.138779,-4.969930
1.639000,-0.015685,0.128584,-5.567208
1.640000,-0.017068,0.118059,-6.129954
1.641000,-0.018484,0.106219,-6.651260
1.642000,-0.019702,0.093721,-7.118628
1.643000,-0.020756,0.081223,-7.522519
1.644000,-0.021480,0.067410,-7.853395
1.645000,-0.021875,0.053596,-8.100401
1.646000,-0.021974,0.039783,-8.260248
1.647000,-0.022040,0.025641,-8.326357
1.648000,-0.021777,0.012485,-8.300703
1.649000,-0.021908,-0.001000,-8.184271
1.650000,-0.020657,-0.013826,-7.980022
1.651000,-0.019702,-0.025666,-7.689930
1.652000,-0.018582,-0.037507,-7.326822
1.653000,-0.017364,-0.048360,-6.898264
1.654000,-0.016409,-0.058556,-6.418070
1.655000,-0.015026,-0.067436,-5.888871
1.656000,-0.013676,-0.076316,-5.319877
1.657000,-0.011898,-0.082565,-4.713390
1.658000,-0.010581,-0.089142,-4.079607
1.659000,-0.009033,-0.095063,-3.428394
1.660000,-0.007321,-0.098680,-2.762382
1.661000,-0.006136,-0.101640,-2.084532
1.662000,-0.001032,-0.101311,-1.370177
1.663000,-0.005642,-0.106574,-0.707788
1.664000,-0.000208,-0.104600,0.003934
1.665000,0.003381,-0.100654,0.718943
1.666000,0.004006,-0.099338,1.433293
1.667000,0.006015,-0.097036,2.134158
1.668000,0.007793,-0.090787,2.820552
1.669000,0.009703,-0.084209,3.476029
1.670000,0.011580,-0.077631,4.122955
1.671000,0.013259,-0.068751,4.749818
1.672000,0.015005,-0.059213,5.355304
1.673000,0.016684,-0.049347,5.930532
1.674000,0.018034,-0.036849,6.465635
1.675000,0.019285,-0.024680,6.932659
1.676000,0.020141,-0.012182,7.345416
1.677000,0.020965,0.000974,7.706866
1.678000,0.021459,0.015116,7.996290
1.679000,0.021985,0.028272,8.191980
1.680000,0.021953,0.042414,8.298212
1.681000,0.021755,0.056228,8.309065
1.682000,0.021327,0.069383,8.227171
1.683000,0.020734,0.082539,8.053846
1.684000,0.019944,0.094708,7.795667
1.685000,0.019088,0.106877,7.460199
1.686000,0.018100,0.117730,7.060268
1.687000,0.016750,0.127597,6.599823
1.688000,0.015334,0.137135,6.083137
1.689000,0.014050,0.146015,5.525011
1.690000,0.012535,0.153908,4.929721
1.691000,0.011020,0.160486,4.309435
1.692000,0.009835,0.166406,3.666127
1.693000,0.007694,0.170353,3.007690
1.694000,0.005949,0.174299,2.331821
1.695000,0.004270,0.176273,1.648388
1.696000,0.005324,0.180877,0.959362
1.697000,-0.001954,0.180220,0.261127
1.698000,0.000121,0.181864,-0.434150
1.699000,0.000088,0.178904,-1.144228
1.700000,-0.003370,0.173313,-1.858911
1.701000,-0.007090,0.166735,-2.557152
1.702000,-0.008869,0.160815,-3.235990
1.703000,-0.010877,0.153250,-3.895096
1.704000,-0.012952,0.145686,-4.532497
1.705000,-0.014499,0.136148,-5.148850
1.706000,-0.016014,0.125952,-5.734288
1.707000,-0.017463,0.115428,-6.286839
1.708000,-0.018846,0.102601,-6.793016
1.709000,-0.020097,0.090432,-7.242295
1.710000,-0.020887,0.076619,-7.626452
1.711000,-0.021579,0.064121,-7.934962
1.712000,-0.021908,0.049650,-8.157301
1.713000,-0.022007,0.035507,-8.288533
1.714000,-0.022007,0.022681,-8.328002
1.715000,-0.021711,0.008209,-8.274391
1.716000,-0.020986,-0.004617,-8.132962
1.717000,-0.020196,-0.016129,-7.902072
1.718000,-0.019307,-0.029284,-7.591917
1.719000,-0.018286,-0.040795,-7.208747
1.720000,-0.017199,-0.050991,-6.764073
1.721000,-0.015948,-0.060529,-6.268092
1.722000,-0.014631,-0.069738,-5.725408
1.723000,-0.012063,-0.078289,-5.146876
1.724000,-0.011668,-0.084867,-4.534141
1.725000,-0.010186,-0.091445,-3.892794
1.726000,-0.008737,-0.096378,-3.235990
1.727000,-0.007090,-0.099996,-2.565703
1.728000,-0.003732,-0.101640,-1.886538
1.729000,-0.007881,-0.109205,-1.199481
1.730000,-0.006465,-0.103943,-0.497297
1.731000,0.000450,-0.104600,0.210477
1.732000,0.004896,-0.099996,0.927131
1.733000,0.004665,-0.099667,1.640494
1.734000,0.006707,-0.095391,2.335110
1.735000,0.008221,-0.090129,3.008677
1.736000,0.010131,-0.083222,3.664812
1.737000,0.011942,-0.075329,4.306804
1.738000,0.013753,-0.066120,4.928076
1.739000,0.015400,-0.056911,5.525340
1.740000,0.017079,-0.045071,6.091030
1.741000,0.018297,-0.034218,6.607387
1.742000,0.019450,-0.021062,7.057966
1.743000,0.020405,-0.008235,7.455594
1.744000,0.021261,0.004920,7.801587
1.745000,0.021755,0.019063,8.061739
1.746000,0.022018,0.032218,8.232433
1.747000,0.021788,0.046032,8.310052
1.748000,0.021557,0.059845,8.291634
1.749000,0.021261,0.073330,8.186060
1.750000,0.020537,0.086486,7.988726
1.751000,0.019779,0.097997,7.706866
1.752000,0.018627,0.109508,7.349034
1.753000,0.017474,0.120690,6.929041
1.754000,0.016322,0.132201,6.453795
1.755000,0.015005,0.139766,5.926256
1.756000,0.013622,0.148317,5.355304
1.757000,0.012140,0.155224,4.752449
1.758000,0.010658,0.161473,4.124599
1.759000,0.008814,0.167722,3.474384
1.760000,0.007201,0.171339,2.812001
1.761000,0.005883,0.174957,2.135803
1.762000,0.004467,0.177588,1.447765
1.763000,-0.000900,0.175615,0.751832
1.764000,0.000088,0.177917,0.061161
1.765000,-0.000307,0.181864,-0.637076
1.766000,-0.003501,0.175286,-1.348799
1.767000,-0.004522,0.171668,-2.061181
1.768000,-0.007486,0.165091,-2.754160
1.769000,-0.009626,0.158513,-3.429380
1.770000,-0.011503,0.151606,-4.081580
1.771000,-0.013248,0.143055,-4.713061
1.772000,-0.014927,0.133517,-5.319548
1.773000,-0.016376,0.122335,-5.897751
1.774000,-0.017990,0.111152,-6.438133
1.775000,-0.019241,0.099312,-6.929510
1.776000,-0.020459,0.086486,-7.361028
1.777000,-0.021052,0.073330,-7.723149
1.778000,-0.021612,0.059516,-8.007650
1.779000,-0.021974,0.045703,-8.204992
1.780000,-0.022238,0.031232,-8.310570
1.781000,-0.021974,0.018076,-8.322410
1.782000,-0.021480,0.004592,-8.243145
1.783000,-0.020822,-0.008564,-8.073760
1.784000,-0.020295,-0.021391,-7.820175
1.785000,-0.019109,-0.032902,-7.464961
1.786000,-0.018056,-0.043427,-7.087053
1.787000,-0.016903,-0.053293,-6.626921
1.788000,-0.015454,-0.063160,-6.115482
1.789000,-0.014203,-0.072040,-5.561288
1.790000,-0.012326,-0.079934,-4.969930
1.791000,-0.011404,-0.086511,-4.341408
1.792000,-0.009725,-0.092760,-3.705652
1.793000,-0.007914,-0.097365,-3.045889
1.794000,-0.006465,-0.100983,-2.372314
1.795000,-0.006597,-0.105916,-1.688874
1.796000,-0.006992,-0.109205,-0.998857
1.797000,-0.003929,-0.103943,-0.297002
1.798000,-0.003007,-0.102627,0.418994
1.799000,0.004896,-0.099996,1.132359
1.800000,0.005159,-0.099009,1.843420
1.801000,0.007003,-0.094076,2.530800
1.802000,0.008715,-0.087827,3.199104
1.803000,0.010625,-0.081249,3.850305
1.804000,0.012535,-0.072698,4.485062
1.805000,0.014313,-0.063489,5.102059
1.806000,0.015960,-0.053622,5.692087
1.807000,0.017343,-0.042440,6.245937
1.808000,0.018660,-0.030271,6.742232
1.809000,0.019845,-0.017773,7.178669
1.810000,0.020833,-0.004617,7.560510
1.811000,0.021327,0.009196,7.886770
1.812000,0.021788,0.022681,8.119953
1.813000,0.021887,0.036494,8.262363
1.814000,0.021887,0.050307,8.314656
1.815000,0.021788,0.064121,8.271243
1.816000,0.021063,0.077277,8.139029
1.817000,0.020306,0.090103,7.915054
1.818000,0.019351,0.101286,7.610831
1.819000,0.018429,0.112797,7.234909
1.820000,0.017211,0.123979,6.797485
1.821000,0.016058,0.133846,6.306124
1.822000,0.014642,0.142397,5.744709
1.823000,0.013226,0.150290,5.188228
1.824000,0.011679,0.157526,4.575836
1.825000,0.010065,0.163775,3.937461
1.826000,0.008551,0.169037,3.282642
1.827000,0.006805,0.172984,2.616311
1.828000,0.005192,0.175615,1.928931
1.829000,0.004632,0.178904,1.249444
1.830000,-0.001558,0.178904,0.558444
1.831000,-0.000307,0.177259,-0.143081
1.832000,-0.003172,0.173642,-0.843620
1.833000,-0.007189,0.170353,-1.558632
1.834000,-0.006267,0.168051,-2.263779
1.835000,-0.008210,0.163446,-2.951496
1.836000,-0.010153,0.156868,-3.618824
1.837000,-0.011865,0.148975,-4.267406
1.838000,-0.013610,0.140424,-4.890994
1.839000,-0.015388,0.130228,-5.492219
1.840000,-0.017035,0.119704,-6.058254
1.841000,-0.018385,0.108192,-6.585809
1.842000,-0.019702,0.095694,-7.060741
1.843000,-0.020492,0.082868,-7.474170
1.844000,-0.021316,0.069054,-7.814255
1.845000,-0.021809,0.056228,-8.073102
1.846000,-0.023028,0.041756,-8.244789
1.847000,-0.022106,0.027614,-8.323726
1.848000,-0.021875,0.014129,-8.311228
1.849000,-0.021217,0.000974,-8.204663
1.850000,-0.020591,-0.011853,-8.009295
1.851000,-0.019998,-0.024351,-7.730385
1.852000,-0.019472,-0.035862,-7.381420
1.853000,-0.017726,-0.047044,-6.961084
1.854000,-0.016376,-0.057240,-6.486481
1.855000,-0.015158,-0.066449,-5.958597
1.856000,-0.013808,-0.075000,-5.392563
1.857000,-0.012326,-0.081907,-4.792325
1.858000,-0.010515,-0.087827,-4.166764
1.859000,-0.008902,-0.094076,-3.520155
1.860000,-0.007420,-0.099009,-2.853157
1.861000,-0.006728,-0.103285,-2.173004
1.862000,-0.005543,-0.105258,-1.490880
1.863000,-0.006893,-0.108547,-0.801851
1.864000,-0.000208,-0.104929,-0.090129
1.865000,0.005455,-0.101969,0.653165
1.866000,0.004863,-0.100654,1.337257
1.867000,0.005719,-0.097036,2.042727
1.868000,0.007497,-0.092431,2.726818
1.869000,0.009341,-0.085525,3.390518
1.870000,0.011218,-0.078289,4.037443
1.871000,0.013095,-0.070067,4.664965
1.872000,0.014840,-0.060858,5.273739
1.873000,0.016355,-0.050662,5.856532
1.874000,0.017771,-0.038822,6.396240
1.875000,0.019121,-0.026982,6.874446
1.876000,0.020109,-0.014484,7.292794
1.877000,0.020899,-0.000671,7.661480
1.878000,0.021623,0.013143,7.962743
1.879000,0.021887,0.026627,8.172575
1.880000,0.021953,0.040441,8.288016
1.881000,0.021788,0.053925,8.310709
1.882000,0.021524,0.067739,8.242300
1.883000,0.020866,0.080565,8.081802
1.884000,0.020043,0.092734,7.836449
1.885000,0.019088,0.104575,7.508546
1.886000,0.018100,0.116086,7.114535
1.887000,0.016914,0.126610,6.657378
1.888000,0.015597,0.136477,6.152532
1.889000,0.013128,0.145028,5.601642
1.890000,0.012798,0.152593,5.014574
1.891000,0.011251,0.159499,4.393960
1.892000,0.009473,0.165091,3.749994
1.893000,0.008155,0.169695,3.089912
1.894000,0.006443,0.174299,2.419306
1.895000,0.005192,0.174957,1.741135
1.896000,0.000516,0.176602,1.055727
1.897000,0.001010,0.179233,0.348941
1.898000,0.003480,0.174628,-0.352256
1.899000,-0.001855,0.177259,-1.056084
1.900000,-0.003534,0.173313,-1.765506
1.901000,-0.006070,0.168708,-2.465391
1.902000,-0.008934,0.161802,-3.144886
1.903000,-0.010713,0.154895,-3.806952
1.904000,-0.012392,0.146673,-4.450930
1.905000,-0.014236,0.138121,-5.068270
1.906000,-0.015948,0.127597,-5.659300
1.907000,-0.017660,0.116743,-6.217112
1.908000,-0.018780,0.104246,-6.730196
1.909000,-0.019900,0.092077,-7.186710
1.910000,-0.020690,0.078592,-7.580077
1.911000,-0.021480,0.065108,-7.899441
1.912000,-0.021908,0.051294,-8.130989
1.913000,-0.022040,0.037810,-8.278008
1.914000,-0.022106,0.023996,-8.325699
1.915000,-0.021645,0.010183,-8.289191
1.916000,-0.021184,-0.002644,-8.157959
1.917000,-0.020459,-0.016457,-7.937265
1.918000,-0.019669,-0.027311,-7.637635
1.919000,-0.018550,-0.039151,-7.264331
1.920000,-0.017463,-0.049676,-6.828537
1.921000,-0.016080,-0.059871,-6.339134
1.922000,-0.014598,-0.069080,-5.801055
1.923000,-0.013413,-0.076645,-5.222852
1.924000,-0.011931,-0.083551,-4.611432
1.925000,-0.010252,-0.090458,-3.977978
1.926000,-0.008671,-0.094076,-3.328738
1.927000,-0.006728,-0.099667,-2.659438
1.928000,-0.004061,-0.100983,-1.975340
1.929000,-0.004917,-0.105587,-1.283020
1.930000,-0.006827,-0.105258,-0.593004
1.931000,0.000286,-0.104600,0.115757
1.932000,-0.001065,-0.106245,0.825832
1.933000,0.004270,-0.100325,1.542156
1.934000,0.006246,-0.096049,2.242692
1.935000,0.008090,-0.090787,2.916588
1.936000,0.009835,-0.084209,3.580616
1.937000,0.011712,-0.076316,4.221293
1.938000,0.013490,-0.067765,4.843223
1.939000,0.015367,-0.057898,5.444433
1.940000,0.016816,-0.047044,6.018016
1.941000,0.018166,-0.035533,6.542925
1.942000,0.019351,-0.023035,6.999753
1.943000,0.020339,-0.010537,7.404945
1.944000,0.021162,0.003276,7.759489
1.945000,0.021656,0.016761,8.033126
1.946000,0.021920,0.030574,8.215331
1.947000,0.021887,0.044716,8.305118
1.948000,0.021755,0.058530,8.302158
1.949000,0.021426,0.071357,8.206780
1.950000,0.020767,0.084512,8.020957
1.951000,0.019845,0.096681,7.748307
1.952000,0.018791,0.107206,7.405932
1.953000,0.017804,0.119046,6.990215
1.954000,0.016585,0.128912,6.519902
1.955000,0.015268,0.138779,5.999270
1.956000,0.013885,0.147330,5.435553
1.957000,0.012304,0.154237,4.843552
1.958000,0.010856,0.161144,4.215044
1.959000,0.009209,0.166735,3.565487
1.960000,0.007662,0.171668,2.901130
1.961000,0.006114,0.174299,2.224932
1.962000,0.005060,0.177917,1.541169
1.963000,-0.000274,0.173642,0.855433
1.964000,0.000582,0.178246,0.157197
1.965000,-0.003370,0.170682,-0.551564
1.966000,-0.005576,0.171668,-1.260327
1.967000,-0.005675,0.171011,-1.965473
1.968000,-0.007288,0.166077,-2.661741
1.969000,-0.009330,0.160157,-3.334330
1.970000,-0.011009,0.152922,-3.990805
1.971000,-0.012952,0.144041,-4.627219
1.972000,-0.014631,0.134833,-5.238968
1.973000,-0.016343,0.124637,-5.820460
1.974000,-0.017792,0.113126,-6.366104
1.975000,-0.019011,0.100957,-6.865374
1.976000,-0.020031,0.088130,-7.304786
1.977000,-0.021085,0.075303,-7.677761
1.978000,-0.021744,0.060832,-7.972786
1.979000,-0.022106,0.047676,-8.181311
1.980000,-0.022073,0.034521,-8.300045
1.981000,-0.021414,0.019721,-8.326686
1.982000,-0.021546,0.006894,-8.260577
1.983000,-0.020986,-0.006591,-8.103032
1.984000,-0.020426,-0.019417,-7.857999
1.985000,-0.019307,-0.030929,-7.535675
1.986000,-0.017990,-0.042111,-7.144940
1.987000,-0.016804,-0.052307,-6.693359
1.988000,-0.015685,-0.062502,-6.192445
1.989000,-0.014565,-0.070725,-5.640552
1.990000,-0.013050,-0.079605,-5.052483
1.991000,-0.011371,-0.085525,-4.433828
1.992000,-0.009692,-0.091774,-3.793467
1.993000,-0.008836,-0.097036,-3.137651
1.994000,-0.006300,-0.100325,-2.464075
1.995000,-0.006992,-0.105258,-1.780635
1.996000,-0.006662,-0.108876,-1.091276
1.997000,0.000812,-0.110520,-0.394354
1.998000,-0.001690,-0.101311,0.318025
1.999000,0.005192,-0.100654,1.031389
2.000000,0.004533,-0.098680,1.746068
2.001000,0.006575,-0.094734,2.435422
2.002000,0.008518,-0.088156,3.110632
2.003000,0.010428,-0.082236,3.763478
2.004000,0.012272,-0.073685,4.400866
2.005000,0.014083,-0.065133,5.017863
2.006000,0.015597,-0.054938,5.612496
2.007000,0.017211,-0.043755,6.172266
2.008000,0.018561,-0.032244,6.678756
2.009000,0.019680,-0.019089,7.121771
2.010000,0.020635,-0.005933,7.510519
2.011000,0.021294,0.006236,7.846645
2.012000,0.021755,0.020707,8.094299
2.013000,0.021887,0.034850,8.252167
2.014000,0.021953,0.048663,8.313341
2.015000,0.021656,0.062476,8.281767
2.016000,0.021261,0.075632,8.161393
2.017000,0.020306,0.087801,7.952219
2.018000,0.018824,0.099970,7.660164
2.019000,0.018528,0.112139,7.294767
2.020000,0.017507,0.122006,6.862606
2.021000,0.016124,0.132530,6.375520
2.022000,0.014873,0.140753,5.842389
2.023000,0.013391,0.149304,5.268806
2.024000,0.011843,0.157197,4.665294
2.025000,0.010362,0.163446,4.033168
2.026000,0.008814,0.168708,3.377362
2.027000,0.007201,0.171668,2.709716
2.028000,0.005324,0.175615,2.031545
2.029000,0.004533,0.178575,1.344822
2.030000,0.000384,0.180548,0.656783
2.031000,0.000088,0.178246,-0.041782
2.032000,-0.002316,0.178575,-0.746268
2.033000,-0.006037,0.170353,-1.463911
2.034000,-0.005181,0.170682,-2.169058
2.035000,-0.008045,0.164433,-2.856446
2.036000,-0.009824,0.158184,-3.526733
2.037000,-0.011536,0.150619,-4.177946
2.038000,-0.013446,0.141410,-4.804165
2.039000,-0.015355,0.131544,-5.408021
2.040000,-0.016738,0.121348,-5.982278
2.041000,-0.018253,0.109837,-6.515095
2.042000,-0.019274,0.097668,-6.997592
2.043000,-0.020459,0.084512,-7.419573
2.044000,-0.021184,0.071028,-7.770840
2.045000,-0.021809,0.057214,-8.041527
2.046000,-0.021941,0.043072,-8.223410
2.047000,-0.022007,0.029587,-8.315832
2.048000,-0.021744,0.016103,-8.316819
2.049000,-0.021316,0.001960,-8.226042
2.050000,-0.020920,-0.010209,-8.041856
2.051000,-0.019900,-0.022378,-7.775116
2.052000,-0.018912,-0.034547,-7.429440
2.053000,-0.017825,-0.045400,-7.020286
2.054000,-0.016607,-0.055924,-6.553577
2.055000,-0.012688,-0.064476,-6.037533
2.056000,-0.014104,-0.073685,-5.477419
2.057000,-0.012458,-0.080591,-4.878167
2.058000,-0.010877,-0.087827,-4.251948
2.059000,-0.009066,-0.093747,-3.605997
2.060000,-0.007914,-0.098023,-2.944590
2.061000,-0.006761,-0.100654,-2.268384
2.062000,-0.001558,-0.100325,-1.586588
2.063000,0.000582,-0.100325,-0.890323
2.064000,-0.002085,-0.106245,-0.191428
2.065000,0.001701,-0.107232,0.518320
2.066000,0.003447,-0.101640,1.239906
2.067000,0.005093,-0.097036,1.947678
2.068000,0.007168,-0.092760,2.630453
2.069000,0.009275,-0.087169,3.296784
2.070000,0.011218,-0.080262,3.948643
2.071000,0.012831,-0.072040,4.579453
2.072000,0.014445,-0.061516,5.193819
2.073000,0.016124,-0.051649,5.777269
2.074000,0.017639,-0.040467,6.326515
2.075000,0.018989,-0.028298,6.811628
2.076000,0.019812,-0.015800,7.238527
2.077000,0.020800,-0.002973,7.613133
2.078000,0.021393,0.011169,7.927223
2.079000,0.021953,0.024654,8.148237
2.080000,0.022018,0.038467,8.280123
2.081000,0.021854,0.052281,8.314985
2.082000,0.021524,0.065765,8.257100
2.083000,0.020965,0.078921,8.109757
2.084000,0.019944,0.091748,7.873285
2.085000,0.019384,0.103588,7.560510
2.086000,0.018396,0.114112,7.174393
2.087000,0.016980,0.124637,6.729076
2.088000,0.015861,0.134504,6.226533
2.089000,0.014445,0.144041,5.678602
2.090000,0.013095,0.151606,5.093508
2.091000,0.011514,0.158842,4.479800
2.092000,0.009901,0.163446,3.842741
2.093000,0.008221,0.170024,3.185948
2.094000,0.006509,0.173313,2.514355
2.095000,0.004830,0.175944,1.833224
2.096000,0.001570,0.177259,1.148803
2.097000,-0.002711,0.178575,0.455172
2.098000,-0.002448,0.179562,-0.247668
2.099000,-0.006629,0.172326,-0.955115
2.100000,-0.006333,0.170682,-1.665193
2.101000,-0.006662,0.167722,-2.370012
2.102000,-0.008539,0.163117,-3.055098
2.103000,-0.010416,0.155882,-3.718150
2.104000,-0.011898,0.148646,-4.361142
2.105000,-0.013940,0.139108,-4.982099
2.106000,-0.015586,0.128912,-5.577733
2.107000,-0.017265,0.118059,-6.140150
2.108000,-0.018714,0.106548,-6.661127
2.109000,-0.019834,0.094050,-7.127508
2.110000,-0.020657,0.080237,-7.531070
2.111000,-0.021283,0.067410,-7.853066
2.112000,-0.021777,0.052939,-8.106979
2.113000,-0.022073,0.039454,-8.262879
2.114000,-0.022106,0.025970,-8.326686
2.115000,-0.021744,0.011827,-8.298072
2.116000,-0.021217,-0.001328,-8.180324
2.117000,-0.020459,-0.013826,-7.974760
2.118000,-0.019702,-0.026324,-7.683681
2.119000,-0.018747,-0.037835,-7.317613
2.120000,-0.017660,-0.048360,-6.887739
2.121000,-0.016179,-0.058556,-6.406229
2.122000,-0.014664,-0.067436,-5.876044
2.123000,-0.013479,-0.074013,-5.304747
2.124000,-0.012161,-0.083222,-4.699247
2.125000,-0.010548,-0.089471,-4.065464
2.126000,-0.008770,-0.095063,-3.413593
2.127000,-0.006926,-0.098680,-2.746595
2.128000,-0.004884,-0.101969,-2.067430
2.129000,-0.000571,-0.099996,-1.382675
2.130000,0.003084,-0.099996,-0.679832
2.131000,0.000022,-0.104600,0.019392
2.132000,0.005422,-0.099996,0.740321
2.133000,0.004632,-0.100983,1.451053
2.134000,0.005916,-0.096378,2.150603
2.135000,0.007662,-0.091445,2.828774
2.136000,0.009604,-0.084538,3.490829
2.137000,0.011448,-0.077631,4.137426
2.138000,0.013358,-0.068751,4.762645
2.139000,0.015038,-0.059213,5.367144
2.140000,0.016651,-0.048689,5.943030
2.141000,0.017968,-0.036849,6.477475
2.142000,0.019187,-0.024680,6.941868
2.143000,0.020306,-0.011524,7.354296
2.144000,0.021096,0.001632,7.714102
2.145000,0.021623,0.015116,8.000237
2.146000,0.021985,0.028930,8.196256
2.147000,0.021953,0.042414,8.297883
2.148000,0.021788,0.056556,8.292292
2.149000,0.021393,0.070041,8.223553
2.150000,0.020734,0.082868,8.047597
2.151000,0.019845,0.095037,7.787445
2.152000,0.018956,0.106877,7.451319
2.153000,0.017935,0.117401,7.049086
2.154000,0.016816,0.127926,6.586996
2.155000,0.015334,0.137464,6.071954
2.156000,0.013984,0.146015,5.510211
2.157000,0.012469,0.153908,4.914921
2.158000,0.011053,0.160486,4.292991
2.159000,0.009440,0.166077,3.649025
2.160000,0.007925,0.171668,2.989601
2.161000,0.006114,0.173642,2.315377
2.162000,0.004336,0.177259,1.630628
2.163000,0.002920,0.178904,0.945878
2.164000,0.003381,0.177588,0.241393
2.165000,-0.005082,0.174628,-0.455857
2.166000,-0.001427,0.175286,-1.166592
2.167000,-0.004950,0.171668,-1.878316
2.168000,-0.007420,0.166406,-2.573597
2.169000,-0.009165,0.160486,-3.252764
2.170000,-0.010844,0.153250,-3.911870
2.171000,-0.012557,0.145028,-4.548613
2.172000,-0.014499,0.135819,-5.162006
2.173000,-0.016245,0.125295,-5.749089
2.174000,-0.017660,0.114770,-6.299666
2.175000,-0.018912,0.102272,-6.805185
2.176000,-0.020064,0.090103,-7.251833
2.177000,-0.020855,0.076948,-7.635661
2.178000,-0.021612,0.063134,-7.940883
2.179000,-0.022007,0.049321,-8.161906
2.180000,-0.022139,0.035507,-8.292151
2.181000,-0.021908,0.022023,-8.326357
2.182000,-0.021546,0.007880,-8.272746
2.183000,-0.020855,-0.004946,-8.126055
2.184000,-0.020394,-0.017773,-7.894179
2.185000,-0.019439,-0.029284,-7.569881
2.186000,-0.018484,-0.041124,-7.198551
2.187000,-0.017101,-0.050991,-6.751903
2.188000,-0.015751,-0.061516,-6.254607
2.189000,-0.014466,-0.070067,-5.709292
2.190000,-0.013347,-0.077631,-5.128129
2.191000,-0.011832,-0.085196,-4.517039
2.192000,-0.010021,-0.090787,-3.877336
2.193000,-0.008078,-0.096378,-3.219545
2.194000,-0.006300,-0.100325,-2.546628
2.195000,-0.003139,-0.100983,-1.866805
2.196000,-0.007156,-0.107889,-1.178103
2.197000,-0.006399,-0.102627,-0.477892
2.198000,0.000516,-0.104600,0.228238
2.199000,0.005060,-0.100654,0.943575
2.200000,0.004731,-0.099667,1.659570
2.201000,0.006344,-0.095720,2.353199
2.202000,0.008188,-0.089471,3.026766
2.203000,0.010197,-0.082894,3.681585
2.204000,0.012239,-0.075000,4.321933
2.205000,0.013852,-0.066449,4.944521
2.206000,0.015466,-0.056253,5.540798
2.207000,0.017013,-0.045400,6.106488
2.208000,0.018363,-0.033231,6.621200
2.209000,0.019648,-0.020404,7.070135
2.210000,0.020570,-0.007906,7.465790
2.211000,0.021261,0.005578,7.809151
2.212000,0.021722,0.019392,8.066673
2.213000,0.021953,0.033205,8.236051
2.214000,0.021920,0.046690,8.310381
2.215000,0.021590,0.060503,8.292949
2.216000,0.021360,0.073330,8.182771
2.217000,0.020471,0.086486,7.982806
2.218000,0.019516,0.098326,7.698644
2.219000,0.018660,0.110495,7.339167
2.220000,0.017672,0.120690,6.915886
2.221000,0.016453,0.130557,6.438338
2.222000,0.015038,0.140424,5.912114
2.223000,0.013523,0.148646,5.341162
2.224000,0.012041,0.155882,4.737320
2.225000,0.010724,0.162130,4.105524
2.226000,0.009045,0.168051,3.454980
2.227000,0.007464,0.172655,2.792267
2.228000,0.005422,0.175286,2.114425
2.229000,0.003875,0.176931,1.431320
2.230000,0.002459,0.179562,0.738348
2.231000,0.000055,0.178246,0.039454
2.232000,0.001570,0.182193,-0.654836
2.233000,-0.001229,0.176602,-1.375768
2.234000,-0.006366,0.169366,-2.084532
2.235000,-0.007519,0.165091,-2.773893
2.236000,-0.009593,0.158513,-3.448127
2.237000,-0.011602,0.151277,-4.100327
2.238000,-0.013248,0.143384,-4.730821
2.239000,-0.014960,0.133517,-5.336650
2.240000,-0.016409,0.122664,-5.914854
2.241000,-0.017957,0.111152,-6.452933
2.242000,-0.019406,0.098654,-6.943652
2.243000,-0.020426,0.085828,-7.371553
2.244000,-0.021217,0.073330,-7.733016
2.245000,-0.021612,0.058859,-8.014228
2.246000,-0.021908,0.045374,-8.209268
2.247000,-0.022238,0.031561,-8.311557
2.248000,-0.022007,0.017418,-8.319779
2.249000,-0.021480,0.004920,-8.239527
2.250000,-0.020756,-0.008235,-8.067839
2.251000,-0.019965,-0.021062,-7.810637
2.252000,-0.019702,-0.032902,-7.476144
2.253000,-0.018121,-0.043755,-7.075871
2.254000,-0.016870,-0.054280,-6.613765
2.255000,-0.015553,-0.064147,-6.100353
2.256000,-0.014203,-0.073027,-5.542541
2.257000,-0.012721,-0.080262,-4.949538
2.258000,-0.011964,-0.087827,-4.330225
2.259000,-0.009626,-0.092760,-3.688550
2.260000,-0.007815,-0.097036,-3.025498
2.261000,-0.005411,-0.100654,-2.350278
2.262000,-0.002546,-0.101311,-1.664207
2.263000,-0.000373,-0.102956,-0.966626
2.264000,-0.002052,-0.105587,-0.275953
2.265000,-0.001130,-0.106245,0.436426
2.266000,0.002195,-0.103943,1.154394
2.267000,0.005093,-0.098351,1.865455
2.268000,0.006937,-0.094076,2.552506
2.269000,0.008814,-0.087498,3.220482
2.270000,0.010757,-0.080591,3.870696
2.271000,0.012634,-0.072040,4.503809
2.272000,0.014346,-0.063160,5.120477
2.273000,0.015960,-0.052964,5.708202
2.274000,0.017474,-0.042111,6.263697
2.275000,0.018758,-0.029613,6.756374
2.276000,0.019911,-0.017444,7.189522
2.277000,0.020635,-0.004288,7.571364
2.278000,0.021294,0.009196,7.895978
2.279000,0.021788,0.023338,8.126202
2.280000,0.022051,0.036823,8.266967
2.281000,0.022018,0.050965,8.313341
2.282000,0.021459,0.064121,8.268611
2.283000,0.019351,0.077277,8.131135
2.284000,0.020306,0.090103,7.908476
2.285000,0.019417,0.101943,7.600306
2.286000,0.018330,0.113783,7.222411
2.287000,0.017310,0.123979,6.781699
2.288000,0.015795,0.133517,6.288693
2.289000,0.014313,0.142726,5.748985
2.290000,0.013194,0.150619,5.170468
2.291000,0.011778,0.157526,4.554129
2.292000,0.010131,0.163775,3.916741
2.293000,0.008386,0.168708,3.261593
2.294000,0.006805,0.173313,2.594275
2.295000,0.004336,0.176602,1.915447
2.296000,0.003809,0.178575,1.231684
2.297000,0.003578,0.181535,0.540026
2.298000,-0.000505,0.177259,-0.165445
2.299000,0.001372,0.179562,-0.862367
2.300000,-0.001822,0.175944,-1.584944
2.301000,-0.007090,0.167393,-2.286802
2.302000,-0.008045,0.163446,-2.976492
2.303000,-0.010153,0.156539,-3.640202
2.304000,-0.012161,0.148975,-4.287469
2.305000,-0.013874,0.140424,-4.913359
2.306000,-0.015421,0.129899,-5.510638
2.307000,-0.016969,0.119375,-6.077330
2.308000,-0.018418,0.106877,-6.602254
2.309000,-0.019669,0.095366,-7.075542
2.310000,-0.020690,0.081881,-7.486340
2.311000,-0.021184,0.068068,-7.824780
2.312000,-0.021711,0.055570,-8.080338
2.313000,-0.022007,0.041427,-8.248736
2.314000,-0.022073,0.027943,-8.325371
2.315000,-0.021744,0.013801,-8.308596
2.316000,-0.021348,0.000316,-8.198085
2.317000,-0.020624,-0.012511,-7.999756
2.318000,-0.019669,-0.024680,-7.719202
2.319000,-0.018747,-0.036520,-7.363659
2.320000,-0.015092,-0.046715,-6.943652
2.321000,-0.016508,-0.057240,-6.468063
2.322000,-0.015125,-0.066449,-5.940837
2.323000,-0.013709,-0.075329,-5.371185
2.324000,-0.012227,-0.082565,-4.769960
2.325000,-0.010976,-0.088485,-4.140452
2.326000,-0.008276,-0.093747,-3.494501
2.327000,-0.007222,-0.098351,-2.830463
2.328000,-0.004588,-0.101311,-2.150640
2.329000,-0.002546,-0.102298,-1.457991
2.330000,-0.006597,-0.110520,-0.772579
2.331000,-0.000143,-0.104929,-0.063489
2.332000,0.004533,-0.103614,0.650534
2.333000,0.004928,-0.100325,1.362582
2.334000,0.005653,-0.097365,2.068052
2.335000,0.007497,-0.092431,2.749840
2.336000,0.009341,-0.085854,3.414527
2.337000,0.011284,-0.078289,4.061452
2.338000,0.013226,-0.069409,4.689631
2.339000,0.014939,-0.060200,5.304655
2.340000,0.016322,-0.049676,5.877581
2.341000,0.017804,-0.038493,6.417618
2.342000,0.019121,-0.025995,6.890561
2.343000,0.020273,-0.012840,7.307265
2.344000,0.020965,-0.000671,7.672662
2.345000,0.021557,0.013801,7.971623
2.346000,0.021821,0.027285,8.177509
2.347000,0.021887,0.041099,8.289660
2.348000,0.021854,0.055241,8.308736
2.349000,0.021294,0.067739,8.238025
2.350000,0.020701,0.080894,8.073579
2.351000,0.019977,0.093063,7.827240
2.352000,0.019285,0.105890,7.498021
2.353000,0.018001,0.116415,7.099077
2.354000,0.016882,0.126939,6.642249
2.355000,0.015499,0.136806,6.132470
2.356000,0.014181,0.145357,5.578291
2.357000,0.012798,0.153250,4.991223
2.358000,0.011251,0.159499,4.372582
2.359000,0.009637,0.165419,3.726314
2.360000,0.007958,0.170353,3.065575
2.361000,0.005982,0.173642,2.393324
2.362000,0.004270,0.175944,1.713179
2.363000,0.002195,0.176602,1.024811
2.364000,0.001372,0.178246,0.325261
2.365000,0.003545,0.174957,-0.380211
2.366000,-0.006531,0.171668,-1.083382
2.367000,-0.003073,0.173642,-1.795435
2.368000,-0.007156,0.166406,-2.492360
2.369000,-0.009132,0.160815,-3.171527
2.370000,-0.010811,0.154566,-3.830304
2.371000,-0.012655,0.146673,-4.473624
2.372000,-0.014401,0.137135,-5.091293
2.373000,-0.016047,0.127268,-5.681336
2.374000,-0.017331,0.115757,-6.236517
2.375000,-0.018714,0.104246,-6.747957
2.376000,-0.020064,0.092077,-7.202169
2.377000,-0.020855,0.077934,-7.593233
2.378000,-0.021447,0.064450,-7.908650
2.379000,-0.021842,0.050636,-8.138553
2.380000,-0.021777,0.037152,-8.280969
2.381000,-0.022007,0.023009,-8.328660
2.382000,-0.021612,0.009525,-8.284258
2.383000,-0.021348,-0.003302,-8.149736
2.384000,-0.020361,-0.015800,-7.928384
2.385000,-0.019504,-0.028955,-7.623492
2.386000,-0.018418,-0.039480,-7.246899
2.387000,-0.017364,-0.049676,-6.809790
2.388000,-0.016179,-0.060529,-6.320715
2.389000,-0.014763,-0.069409,-5.782308
2.390000,-0.013215,-0.077302,-5.202460
2.391000,-0.011602,-0.084209,-4.591040
2.392000,-0.010252,-0.090458,-3.954297
2.393000,-0.009264,-0.095720,-3.301769
2.394000,-0.007123,-0.100983,-2.632140
2.395000,-0.006728,-0.104271,-1.955277
2.396000,-0.006893,-0.108218,-1.264273
2.397000,-0.006004,-0.110520,-0.574915
2.398000,0.000417,-0.104600,0.142068
2.399000,-0.000011,-0.105258,0.851815
2.400000,0.003941,-0.097694,1.567810
2.401000,0.006377,-0.095720,2.264399
2.402000,0.008320,-0.090129,2.941583
2.403000,0.009999,-0.084209,3.602323
2.404000,0.011712,-0.076316,4.244973
2.405000,0.013490,-0.067436,4.868547
2.406000,0.015070,-0.057569,5.465811
2.407000,0.016882,-0.046387,6.036434
2.408000,0.018265,-0.034218,6.559698
2.409000,0.019285,-0.022378,7.016526
2.410000,0.020339,-0.009551,7.418759
2.411000,0.021162,0.003934,7.771329
2.412000,0.021821,0.017747,8.041677
2.413000,0.021920,0.031232,8.219936
2.414000,0.021985,0.045045,8.306434
2.415000,0.021755,0.058859,8.300185
2.416000,0.021228,0.071685,8.201189
2.417000,0.020635,0.085170,8.010761
2.418000,0.019911,0.097010,7.740084
2.419000,0.018824,0.108521,7.392776
2.420000,0.017672,0.119375,6.974757
2.421000,0.016388,0.129570,6.500169
2.422000,0.015103,0.138779,5.978879
2.423000,0.013720,0.147659,5.413188
2.424000,0.012272,0.154895,4.816254
2.425000,0.010757,0.161473,4.178866
2.426000,0.009077,0.166406,3.540491
2.427000,0.007464,0.171011,2.876463
2.428000,0.005587,0.175286,2.200594
2.429000,0.004928,0.176602,1.514858
2.430000,0.005258,0.181206,0.828793
2.431000,0.000450,0.175615,0.124966
2.432000,-0.001295,0.172655,-0.573929
2.433000,-0.000340,0.177588,-1.282691
2.434000,-0.005016,0.171997,-1.993100
2.435000,-0.007222,0.165748,-2.688710
2.436000,-0.009132,0.160486,-3.362615
2.437000,-0.011174,0.152593,-4.017116
2.438000,-0.013182,0.143713,-4.651228
2.439000,-0.015026,0.134504,-5.260346
2.440000,-0.016475,0.123979,-5.841838
2.441000,-0.017825,0.112797,-6.386167
2.442000,-0.019076,0.100299,-6.883793
2.443000,-0.020097,0.087801,-7.321231
2.444000,-0.021085,0.073988,-7.690917
2.445000,-0.021711,0.060503,-7.983311
2.446000,-0.022007,0.047676,-8.188547
2.447000,-0.021908,0.032876,-8.303334
2.448000,-0.021744,0.019063,-8.324713
2.449000,-0.021941,0.005578,-8.256301
2.450000,-0.021019,-0.007249,-8.095796
2.451000,-0.020328,-0.019417,-7.848132
2.452000,-0.019175,-0.031258,-7.521861
2.453000,-0.018089,-0.042769,-7.127508
2.454000,-0.016804,-0.052964,-6.673954
2.455000,-0.015092,-0.062173,-6.169422
2.456000,-0.014532,-0.071382,-5.619174
2.457000,-0.012886,-0.078947,-5.028802
2.458000,-0.011305,-0.085854,-4.410147
2.459000,-0.009593,-0.091774,-3.767156
2.460000,-0.007980,-0.097036,-3.109037
2.461000,-0.005444,-0.099009,-2.437764
2.462000,-0.004588,-0.103285,-1.726368
2.463000,-0.000801,-0.102956,-1.058716
2.464000,0.002887,-0.109863,-0.365740
2.465000,0.003974,-0.106245,0.347296
2.466000,0.000615,-0.104600,1.063292
2.467000,0.005126,-0.098680,1.774353
2.468000,0.006641,-0.094405,2.461075
2.469000,0.008715,-0.088485,3.133655
2.470000,0.010658,-0.081249,3.788474
2.471000,0.012469,-0.074013,4.425862
2.472000,0.014083,-0.064476,5.043845
2.473000,0.015696,-0.054280,5.635189
2.474000,0.017408,-0.043098,6.195946
2.475000,0.018660,-0.031586,6.697832
2.476000,0.019746,-0.018431,7.138215
2.477000,0.020635,-0.005604,7.525648
2.478000,0.021327,0.007552,7.859472
2.479000,0.021788,0.021036,8.102851
2.480000,0.021920,0.034850,8.255785
2.481000,0.022051,0.048663,8.313998
2.482000,0.021524,0.062476,8.279794
2.483000,0.021096,0.075303,8.154158
2.484000,0.020306,0.088459,7.940050
2.485000,0.019516,0.100628,7.644048
2.486000,0.018495,0.112139,7.277007
2.487000,0.017507,0.122664,6.844517
2.488000,0.016124,0.132201,6.356115
2.489000,0.014708,0.141081,5.818052
2.490000,0.013391,0.149962,5.241508
2.491000,0.011942,0.157197,4.635694
2.492000,0.010691,0.163117,4.003568
2.493000,0.008649,0.168379,3.352366
2.494000,0.007036,0.172326,2.681102
2.495000,0.005126,0.175615,2.003589
2.496000,0.003052,0.176273,1.314893
2.497000,0.004303,0.182193,0.630471
2.498000,-0.000077,0.178246,-0.074671
2.499000,-0.002052,0.178904,-0.800535
2.500000,-0.004785,0.172984,-1.486605
2.501000,-0.006629,0.168708,-2.198658
2.502000,-0.008111,0.163775,-2.886046
2.503000,-0.009758,0.157855,-3.555676
2.504000,-0.011733,0.149962,-4.204587
2.505000,-0.013610,0.141081,-4.833766
2.506000,-0.015290,0.131215,-5.432360
2.507000,-0.016804,0.120690,-6.005959
2.508000,-0.018121,0.109837,-6.536803
2.509000,-0.019340,0.097010,-7.016997
2.510000,-0.020525,0.084183,-7.436347
2.511000,-0.021316,0.070370,-7.784983
2.512000,-0.021875,0.057214,-8.051723
2.513000,-0.022040,0.043072,-8.231962
2.514000,-0.022007,0.029258,-8.318464
2.515000,-0.021711,0.015116,-8.315175
2.516000,-0.021414,0.001632,-8.218806
2.517000,-0.020789,-0.010866,-8.034949
2.518000,-0.019834,-0.023364,-7.762617
2.519000,-0.018747,-0.034218,-7.414310
2.520000,-0.017660,-0.045729,-7.001210
2.521000,-0.016738,-0.056582,-6.532198
2.522000,-0.015323,-0.065462,-6.014510
2.523000,-0.013116,-0.073685,-5.452423
2.524000,-0.012622,-0.081578,-4.856460
2.525000,-0.010844,-0.088485,-4.227281
2.526000,-0.009264,-0.093418,-3.580014
2.527000,-0.007782,-0.098680,-2.915318
2.528000,-0.006761,-0.102627,-2.240757
2.529000,-0.005082,-0.104929,-1.560934
2.530000,0.001734,-0.099338,-0.862038
2.531000,-0.001328,-0.104929,-0.158539
2.532000,0.005324,-0.103614,0.554826
2.533000,0.002097,-0.102956,1.270821
2.534000,0.005324,-0.097694,1.977278
2.535000,0.006772,-0.092102,2.659725
2.536000,0.009012,-0.086511,3.325069
2.537000,0.011053,-0.079276,3.973968
2.538000,0.012996,-0.070725,4.605765
2.539000,0.014675,-0.061516,5.217499
2.540000,0.016025,-0.051649,5.802594
2.541000,0.017606,-0.039809,6.348222
2.542000,0.018890,-0.027640,6.831690
2.543000,0.020043,-0.015471,7.255958
2.544000,0.020932,-0.001986,7.629577
2.545000,0.021492,0.011498,7.938405
2.546000,0.021821,0.025641,8.155802
2.547000,0.021887,0.038467,8.282754
2.548000,0.021887,0.052939,8.310381
2.549000,0.021459,0.066752,8.256114
2.550000,0.020965,0.079250,8.101864
2.551000,0.020109,0.092077,7.864405
2.552000,0.019252,0.103917,7.544395
2.553000,0.018133,0.114770,7.157620
2.554000,0.017079,0.127597,6.710330
2.555000,0.015795,0.135161,6.207128
2.556000,0.014379,0.144370,5.657225
2.557000,0.012831,0.151935,5.070157
2.558000,0.011218,0.158513,4.454475
2.559000,0.009670,0.164762,3.814785
2.560000,0.008188,0.170353,3.159966
2.561000,0.006674,0.173642,2.487386
2.562000,0.004632,0.175944,1.805926
2.563000,0.002920,0.178904,1.119532
2.564000,0.000154,0.174628,0.425901
2.565000,0.001504,0.174299,-0.271019
2.566000,0.001405,0.179233,-0.977150
2.567000,-0.002118,0.174628,-1.694136
2.568000,-0.007058,0.167722,-2.396981
2.569000,-0.008803,0.162459,-3.080752
2.570000,-0.010416,0.155882,-3.744791
2.571000,-0.012161,0.147988,-4.386138
2.572000,-0.013940,0.138450,-5.007095
2.573000,-0.015619,0.128584,-5.601413
2.574000,-0.017397,0.117401,-6.163173
2.575000,-0.018780,0.105890,-6.680861
2.576000,-0.019735,0.093063,-7.144940
2.577000,-0.020756,0.079908,-7.544884
2.578000,-0.021217,0.066423,-7.871155
2.579000,-0.021941,0.052939,-8.113886
2.580000,-0.022172,0.039125,-8.267812
2.581000,-0.021941,0.025312,-8.327673
2.582000,-0.021645,0.011498,-8.296756
2.583000,-0.021151,-0.001328,-8.173417
2.584000,-0.020657,-0.014155,-7.963906
2.585000,-0.019735,-0.026653,-7.648159
2.586000,-0.018813,-0.038164,-7.305115
2.587000,-0.017529,-0.049018,-6.872281
2.588000,-0.016080,-0.058227,-6.387811
2.589000,-0.014796,-0.067436,-5.854336
2.590000,-0.013314,-0.075987,-5.282711
2.591000,-0.012063,-0.083222,-4.676225
2.592000,-0.010548,-0.089471,-4.046059
2.593000,-0.008605,-0.094734,-3.391557
2.594000,-0.006926,-0.099009,-2.721270
2.595000,-0.006531,-0.103285,-2.042105
2.596000,-0.006728,-0.107232,-1.357021
2.597000,-0.007189,-0.108876,-0.670952
2.598000,-0.000011,-0.104929,0.043401
2.599000,0.001405,-0.104271,0.760383
2.600000,0.004500,-0.099338,1.475062
2.601000,0.005916,-0.096707,2.173954
2.602000,0.007859,-0.091116,2.851796
2.603000,0.009670,-0.084867,3.512865
2.604000,0.011514,-0.076973,4.157488
2.605000,0.013391,-0.067765,4.783694
2.606000,0.015070,-0.058884,5.388193
2.607000,0.016585,-0.048031,5.963421
2.608000,0.018034,-0.036520,6.493920
2.609000,0.019219,-0.024351,6.958313
2.610000,0.020339,-0.011195,7.368110
2.611000,0.021031,0.001960,7.726271
2.612000,0.021689,0.015116,8.010103
2.613000,0.021887,0.029258,8.201189
2.614000,0.021953,0.043072,8.301501
2.615000,0.021656,0.056885,8.306763
2.616000,0.021294,0.070699,8.221580
2.617000,0.020833,0.082868,8.041677
2.618000,0.019878,0.095366,7.780538
2.619000,0.018890,0.107206,7.440465
2.620000,0.017804,0.118388,7.033299
2.621000,0.016651,0.128912,6.569236
2.622000,0.015367,0.137793,6.055181
2.623000,0.013885,0.146344,5.494424
2.624000,0.012403,0.153908,4.896832
2.625000,0.010987,0.160486,4.273586
2.626000,0.009407,0.166077,3.626989
2.627000,0.007892,0.170353,2.968552
2.628000,0.005949,0.174299,2.288408
2.629000,0.004369,0.176602,1.611223
2.630000,0.001537,0.177917,0.922855
2.631000,0.002953,0.179233,0.221989
2.632000,0.003282,0.174628,-0.481181
2.633000,0.000681,0.178904,-1.183695
2.634000,-0.005115,0.171011,-1.901996
2.635000,-0.007321,0.166735,-2.594646
2.636000,-0.009198,0.161144,-3.272169
2.637000,-0.010877,0.153250,-3.931275
2.638000,-0.012886,0.145357,-4.568018
2.639000,-0.014631,0.135819,-5.182068
2.640000,-0.016343,0.125952,-5.766192
2.641000,-0.017496,0.114441,-6.316440
2.642000,-0.018945,0.102272,-6.819986
2.643000,-0.019998,0.089117,-7.264989
2.644000,-0.020920,0.075961,-7.645528
2.645000,-0.021546,0.062476,-7.950092
2.646000,-0.021645,0.049321,-8.168155
2.647000,-0.022040,0.034850,-8.293796
2.648000,-0.021809,0.021036,-8.328660
2.649000,-0.021546,0.007552,-8.270115
2.650000,-0.021085,-0.005275,-8.121779
2.651000,-0.020361,-0.017773,-7.884969
2.652000,-0.019076,-0.029942,-7.573170
2.653000,-0.018220,-0.041124,-7.187368
2.654000,-0.017035,-0.051978,-6.740721
2.655000,-0.016014,-0.061187,-6.239806
2.656000,-0.014565,-0.070067,-5.692518
2.657000,-0.013050,-0.077631,-5.110040
2.658000,-0.010647,-0.085196,-4.496647
2.659000,-0.009922,-0.090787,-3.859575
2.660000,-0.008342,-0.095720,-3.199483
2.661000,-0.006893,-0.100325,-2.527881
2.662000,-0.003106,-0.100983,-1.844111
2.663000,0.000911,-0.100325,-1.154094
2.664000,-0.000999,-0.099338,-0.449608
2.665000,0.000714,-0.104271,0.272967
2.666000,0.002393,-0.102956,0.960349
2.667000,0.004204,-0.099338,1.679303
2.668000,0.006608,-0.094405,2.373261
2.669000,0.008584,-0.089471,3.046828
2.670000,0.010362,-0.082894,3.701647
2.671000,0.012074,-0.074671,4.340022
2.672000,0.013951,-0.065791,4.960965
2.673000,0.015564,-0.056253,5.559215
2.674000,0.017112,-0.044742,6.121946
2.675000,0.018528,-0.032573,6.635343
2.676000,0.019615,-0.020733,7.081317
2.677000,0.020471,-0.007577,7.477630
2.678000,0.021294,0.005907,7.820334
2.679000,0.021788,0.019721,8.074566
2.680000,0.021953,0.033534,8.239011
2.681000,0.021887,0.047019,8.309394
2.682000,0.021557,0.060174,8.291634
2.683000,0.021162,0.074645,8.177838
2.684000,0.020537,0.086814,7.976557
2.685000,0.019779,0.099312,7.687791
2.686000,0.018693,0.110823,7.326669
2.687000,0.017540,0.121019,6.901086
2.688000,0.016157,0.130886,6.421893
2.689000,0.014609,0.140424,5.893367
2.690000,0.013589,0.148646,5.323730
2.691000,0.012140,0.156210,4.718574
2.692000,0.010493,0.162788,4.084475
2.693000,0.008847,0.168379,3.433931
2.694000,0.007135,0.171997,2.769245
2.695000,0.004632,0.175944,2.095021
2.696000,0.003611,0.177259,1.411915
2.697000,0.004797,0.181206,0.722232
2.698000,0.000055,0.177917,0.017089
2.699000,-0.006564,0.170353,-0.690685
2.700000,-0.001328,0.176931,-1.395501
2.701000,-0.006564,0.168708,-2.104924
2.702000,-0.007519,0.164762,-2.803165
2.703000,-0.009626,0.158513,-3.468848
2.704000,-0.011503,0.150619,-4.120719
2.705000,-0.013544,0.142726,-4.751213
2.706000,-0.015224,0.133188,-5.356384
2.707000,-0.016607,0.122664,-5.933272
2.708000,-0.017990,0.110823,-6.469378
2.709000,-0.019175,0.098326,-6.957466
2.710000,-0.020394,0.085828,-7.384380
2.711000,-0.021250,0.072672,-7.743541
2.712000,-0.021842,0.058859,-8.021793
2.713000,-0.022073,0.045045,-8.213543
2.714000,-0.021974,0.030903,-8.313530
2.715000,-0.021744,0.017747,-8.321753
2.716000,-0.021414,0.004263,-8.235580
2.717000,-0.020887,-0.008564,-8.059946
2.718000,-0.020130,-0.021062,-7.800112
2.719000,-0.018978,-0.032902,-7.463645
2.720000,-0.017562,-0.044084,-7.062057
2.721000,-0.016903,-0.054609,-6.599294
2.722000,-0.015454,-0.064147,-6.083579
2.723000,-0.014104,-0.073027,-5.524122
2.724000,-0.012622,-0.080591,-4.930791
2.725000,-0.011108,-0.087498,-4.308847
2.726000,-0.010120,-0.092102,-3.666185
2.727000,-0.007947,-0.097365,-3.005435
2.728000,-0.005872,-0.100654,-2.328242
2.729000,-0.003337,-0.101969,-1.639540
2.730000,-0.006234,-0.109205,-0.950839
2.731000,0.002195,-0.105258,-0.249970
2.732000,0.004006,-0.106245,0.452870
2.733000,0.001570,-0.101969,1.179390
2.734000,0.005192,-0.098351,1.887162
2.735000,0.007036,-0.093418,2.573227
2.736000,0.009012,-0.087498,3.242517
2.737000,0.010889,-0.080920,3.893061
2.738000,0.012601,-0.072040,4.526502
2.739000,0.014313,-0.063160,5.150406
2.740000,0.015992,-0.052307,5.728594
2.741000,0.017606,-0.041453,6.281457
2.742000,0.018857,-0.029284,6.772490
2.743000,0.019845,-0.017115,7.204322
2.744000,0.020701,-0.004288,7.582875
2.745000,0.021524,0.009854,7.902556
2.746000,0.021755,0.023996,8.133109
2.747000,0.021985,0.037810,8.271571
2.748000,0.021887,0.051294,8.313341
2.749000,0.021492,0.064779,8.265651
2.750000,0.020998,0.077605,8.127517
2.751000,0.020109,0.091419,7.900912
2.752000,0.019351,0.101943,7.591426
2.753000,0.018297,0.113126,7.210242
2.754000,0.017178,0.123979,6.765583
2.755000,0.015762,0.133517,6.270933
2.756000,0.014577,0.143055,5.729580
2.757000,0.013062,0.151935,5.149419
2.758000,0.011712,0.158184,4.537356
2.759000,0.010065,0.163775,3.897665
2.760000,0.008353,0.168379,3.242188
2.761000,0.006641,0.172984,2.571911
2.762000,0.005389,0.175615,1.894069
2.763000,0.002294,0.176273,1.207346
2.764000,0.000779,0.182193,0.522924
2.765000,-0.000472,0.177259,-0.186823
2.766000,-0.003370,0.173971,-0.886376
2.767000,-0.001789,0.175944,-1.606979
2.768000,-0.006432,0.168051,-2.309166
2.769000,-0.009297,0.162459,-2.993595
2.770000,-0.010252,0.156539,-3.658620
2.771000,-0.012161,0.149304,-4.306545
2.772000,-0.014005,0.139766,-4.930133
2.773000,-0.015421,0.130557,-5.529385
2.774000,-0.016870,0.118717,-6.094762
2.775000,-0.018352,0.107206,-6.618699
2.776000,-0.019669,0.095037,-7.089027
2.777000,-0.020624,0.081881,-7.496536
2.778000,-0.021250,0.068068,-7.833989
2.779000,-0.021842,0.053925,-8.086587
2.780000,-0.022040,0.040770,-8.252683
2.781000,-0.022303,0.026956,-8.324713
2.782000,-0.021842,0.013472,-8.305307
2.783000,-0.021250,0.000316,-8.194467
2.784000,-0.020426,-0.012840,-7.994494
2.785000,-0.019768,-0.025666,-7.709664
2.786000,-0.018747,-0.036191,-7.351819
2.787000,-0.017759,-0.047373,-6.929839
2.788000,-0.016475,-0.057569,-6.451946
2.789000,-0.015026,-0.066778,-5.926036
2.790000,-0.013643,-0.074671,-5.354411
2.791000,-0.012359,-0.082565,-4.750884
2.792000,-0.010778,-0.088814,-4.122034
2.793000,-0.008671,-0.094405,-3.474110
2.794000,-0.007288,-0.098023,-2.812045
2.795000,-0.004687,-0.100983,-2.131893
2.796000,-0.001262,-0.101311,-1.441217
2.797000,0.000615,-0.104929,-0.742979
2.798000,-0.000175,-0.104929,-0.042440
2.799000,0.004994,-0.102627,0.673885
2.800000,0.006048,-0.099996,1.382973
2.801000,0.005554,-0.097036,2.087785
2.802000,0.007563,-0.091445,2.769574
2.803000,0.009538,-0.085196,3.432944
2.804000,0.011382,-0.077631,4.080199
2.805000,0.013194,-0.070067,4.708378
2.806000,0.014939,-0.059542,5.314193
2.807000,0.016355,-0.049676,5.893038
2.808000,0.017836,-0.037835,6.431431
2.809000,0.019088,-0.025995,6.905361
2.810000,0.020174,-0.013169,7.319763
2.811000,0.020965,-0.000013,7.684831
2.812000,0.021393,0.013801,7.979517
2.813000,0.021821,0.027614,8.184415
2.814000,0.022117,0.041427,8.293278
2.815000,0.021821,0.055241,8.309394
2.816000,0.021492,0.068725,8.234078
2.817000,0.020866,0.081552,8.067659
2.818000,0.020043,0.094050,7.817374
2.819000,0.019154,0.105890,7.463159
2.820000,0.018067,0.116415,7.088553
2.821000,0.016783,0.126939,6.628107
2.822000,0.015499,0.136477,6.117341
2.823000,0.014017,0.145357,5.562833
2.824000,0.012568,0.153250,4.973463
2.825000,0.011152,0.159828,4.355809
2.826000,0.009604,0.166077,3.709541
2.827000,0.008188,0.170024,3.049130
2.828000,0.006180,0.173642,2.375564
2.829000,0.004599,0.176602,1.693117
2.830000,0.001603,0.177259,1.007709
2.831000,-0.002217,0.182193,0.309803
2.832000,0.001010,0.180220,-0.389420
2.833000,-0.000110,0.178575,-1.096867
2.834000,-0.006662,0.169366,-1.813524
2.835000,-0.007255,0.166735,-2.510778
2.836000,-0.009000,0.161144,-3.189945
2.837000,-0.010614,0.153250,-3.849051
2.838000,-0.012655,0.146344,-4.488753
2.839000,-0.014335,0.137135,-5.107409
2.840000,-0.015948,0.127268,-5.697123
2.841000,-0.017595,0.115757,-6.251318
2.842000,-0.018813,0.103588,-6.761113
2.843000,-0.019933,0.090761,-7.213351
2.844000,-0.020920,0.077605,-7.603758
2.845000,-0.021612,0.064450,-7.916215
2.846000,-0.021842,0.050965,-8.143487
2.847000,-0.022040,0.037481,-8.282942
2.848000,-0.021875,0.023338,-8.328331
2.849000,-0.022270,0.008867,-8.283600
2.850000,-0.021151,-0.003960,-8.147434
2.851000,-0.020328,-0.016129,-7.920820
2.852000,-0.019570,-0.028626,-7.613954
2.853000,-0.018352,-0.039809,-7.236703
2.854000,-0.017232,-0.050333,-6.796305
2.855000,-0.015849,-0.060858,-6.304928
2.856000,-0.014829,-0.069409,-5.766192
2.857000,-0.013413,-0.077631,-5.184700
2.858000,-0.011668,-0.084867,-4.572622
2.859000,-0.009988,-0.090458,-3.933906
2.860000,-0.008342,-0.096049,-3.281378
2.861000,-0.005971,-0.098680,-2.612406
2.862000,-0.007090,-0.104600,-1.925677
2.863000,-0.006794,-0.108218,-1.245198
2.864000,-0.006959,-0.108218,-0.550577
2.865000,0.000450,-0.104271,0.164104
2.866000,0.000318,-0.104271,0.880099
2.867000,0.003743,-0.099338,1.591490
2.868000,0.006114,-0.095391,2.289395
2.869000,0.008287,-0.090129,2.962303
2.870000,0.010197,-0.083222,3.622714
2.871000,0.011975,-0.075987,4.262733
2.872000,0.013687,-0.066778,4.886307
2.873000,0.015235,-0.057240,5.486202
2.874000,0.016783,-0.046058,6.052879
2.875000,0.018330,-0.034547,6.575156
2.876000,0.019417,-0.022049,7.029024
2.877000,0.020306,-0.009880,7.430928
2.878000,0.021129,0.003934,7.780867
2.879000,0.021623,0.018076,8.047926
2.880000,0.021327,0.032218,8.224540
2.881000,0.022051,0.045045,8.307749
2.882000,0.021722,0.059188,8.299198
2.883000,0.021129,0.072343,8.195927
2.884000,0.020570,0.085170,8.004512
2.885000,0.019713,0.097668,7.729231
2.886000,0.018824,0.109508,7.379950
2.887000,0.017705,0.120032,6.963246
2.888000,0.016355,0.129570,6.488329
2.889000,0.015070,0.139437,5.962434
2.890000,0.013720,0.147988,5.394771
2.891000,0.012304,0.154895,4.797178
2.892000,0.010987,0.161144,4.170973
2.893000,0.009110,0.167393,3.523060
2.894000,0.007629,0.171339,2.856401
2.895000,0.005488,0.174957,2.178559
2.896000,0.004204,0.176273,1.495454
2.897000,-0.000538,0.174957,0.799850
2.898000,0.000648,0.178246,0.112797
2.899000,-0.001558,0.181206,-0.584782
2.900000,-0.001690,0.176602,-1.299465
2.901000,-0.006695,0.170024,-2.012505
2.902000,-0.007255,0.166077,-2.709101
2.903000,-0.009297,0.159499,-3.383993
2.904000,-0.011174,0.151935,-4.037837
2.905000,-0.013347,0.143713,-4.673265
2.906000,-0.014862,0.133846,-5.279422
2.907000,-0.016376,0.123650,-5.861572
2.908000,-0.017924,0.112468,-6.404585
2.909000,-0.019175,0.100628,-6.897606
2.910000,-0.020262,0.087472,-7.333400
2.911000,-0.021151,0.073988,-7.700784
2.912000,-0.021546,0.060503,-7.990547
2.913000,-0.021941,0.046690,-8.193809
2.914000,-0.021974,0.032218,-8.305965
2.915000,-0.021974,0.018734,-8.323726
2.916000,-0.021546,0.005578,-8.252683
2.917000,-0.020855,-0.006591,-8.090862
2.918000,-0.020064,-0.020404,-7.842212
2.919000,-0.019175,-0.031915,-7.511665
2.920000,-0.018220,-0.043098,-7.114681
2.921000,-0.016969,-0.053622,-6.659482
2.922000,-0.015619,-0.062173,-6.152648
2.923000,-0.016376,-0.072698,-5.602400
2.924000,-0.012688,-0.079605,-5.012686
2.925000,-0.011305,-0.086182,-4.393045
2.926000,-0.009856,-0.091774,-3.747751
2.927000,-0.008045,-0.097036,-3.089632
2.928000,-0.006103,-0.100654,-2.417372
2.929000,-0.007354,-0.105916,-1.736563
2.930000,0.000286,-0.100325,-1.045560
2.931000,-0.001361,-0.107560,-0.336798
2.932000,0.003842,-0.105587,0.363083
2.933000,0.001603,-0.101969,1.088945
2.934000,0.004896,-0.098680,1.795402
2.935000,0.007201,-0.094734,2.483768
2.936000,0.008649,-0.089142,3.152073
2.937000,0.010526,-0.081249,3.807879
2.938000,0.012370,-0.073685,4.443951
2.939000,0.014214,-0.064147,5.061277
2.940000,0.015828,-0.054280,5.653607
2.941000,0.017277,-0.043098,6.210088
2.942000,0.018561,-0.031586,6.711974
2.943000,0.019746,-0.018102,7.149398
2.944000,0.020833,-0.005604,7.537159
2.945000,0.021393,0.007880,7.866707
2.946000,0.021755,0.022023,8.107784
2.947000,0.021953,0.035507,8.257758
2.948000,0.021854,0.048992,8.313341
2.949000,0.021623,0.063134,8.279465
2.950000,0.021162,0.075961,8.150211
2.951000,0.020405,0.088788,7.933143
2.952000,0.019450,0.100628,7.635497
2.953000,0.018429,0.112139,7.264509
2.954000,0.017408,0.121677,6.832677
2.955000,0.016025,0.133188,6.341315
2.956000,0.014741,0.142068,5.803909
2.957000,0.013292,0.149633,5.225064
2.958000,0.011778,0.157526,4.615302
2.959000,0.010164,0.163446,3.983177
2.960000,0.008781,0.168379,3.332304
2.961000,0.007102,0.172326,2.665645
2.962000,0.004994,0.175615,1.984842
2.963000,0.003019,0.176602,1.296146
2.964000,0.002130,0.180877,0.607120
2.965000,-0.000175,0.177588,-0.093418
2.966000,0.001010,0.180548,-0.794615
2.967000,-0.004522,0.172984,-1.505023
2.968000,-0.006267,0.169037,-2.217076
2.969000,-0.008012,0.163775,-2.905122
2.970000,-0.009856,0.157526,-3.573436
2.971000,-0.011799,0.149962,-4.223334
2.972000,-0.013544,0.141739,-4.848567
2.973000,-0.015388,0.131544,-5.450120
2.974000,-0.016936,0.120361,-6.020430
2.975000,-0.018187,0.109179,-6.551932
2.976000,-0.019472,0.096023,-7.030811
2.977000,-0.020558,0.083197,-7.447529
2.978000,-0.021513,0.069712,-7.793863
2.979000,-0.021809,0.056228,-8.058959
2.980000,-0.022007,0.042743,-8.235909
2.981000,-0.021908,0.028930,-8.321095
2.982000,-0.021809,0.015774,-8.312543
2.983000,-0.021480,0.001632,-8.213214
2.984000,-0.020690,-0.010537,-8.025740
2.985000,-0.019768,-0.023035,-7.747159
2.986000,-0.018813,-0.034875,-7.405101
2.987000,-0.017825,-0.046058,-6.988054
2.988000,-0.016706,-0.056582,-6.518055
2.989000,-0.015323,-0.065462,-5.995763
2.990000,-0.013643,-0.074013,-5.434004
2.991000,-0.012293,-0.077960,-4.834753
2.992000,-0.010844,-0.088156,-4.210178
2.993000,-0.009395,-0.093418,-3.559623
2.994000,-0.007617,-0.097694,-2.895584
2.995000,-0.006728,-0.102627,-2.217076
2.996000,-0.006300,-0.106245,-1.532321
2.997000,-0.006004,-0.105258,-0.846909
2.998000,-0.000241,-0.104929,-0.141107
2.999000,0.003183,-0.105258,0.572915
3.000000,0.003183,-0.100325,1.294502
3.001000,0.005653,-0.098023,1.998327
3.002000,0.007398,-0.092760,2.681102
3.003000,0.009736,-0.086840,3.343815
3.004000,0.011086,-0.078947,3.995017
3.005000,0.012963,-0.070396,4.625498
3.006000,0.014642,-0.060529,5.237233
3.007000,0.016421,-0.051320,5.820025
3.008000,0.017606,-0.039151,6.364009
3.009000,0.018989,-0.027640,6.844517
3.010000,0.020043,-0.014813,7.267140
3.011000,0.020965,-0.001986,7.639115
3.012000,0.021623,0.012156,7.946299
3.013000,0.021887,0.025970,8.162051
3.014000,0.021985,0.039783,8.282425
3.015000,0.021689,0.053596,8.315314
3.016000,0.021492,0.067081,8.252167
3.017000,0.021031,0.080237,8.097917
3.018000,0.020306,0.092406,7.855196
3.019000,0.019252,0.103917,7.535186
3.020000,0.018067,0.115428,7.144135
3.021000,0.017013,0.125952,6.694214
3.022000,0.015828,0.135819,6.171937
3.023000,0.014379,0.144041,5.641109
3.024000,0.012864,0.151606,5.052068
3.025000,0.011251,0.159170,4.434413
3.026000,0.009637,0.166077,3.794065
3.027000,0.008155,0.169695,3.136944
3.028000,0.006641,0.172984,2.466337
3.029000,0.004863,0.175944,1.786193
3.030000,0.002162,0.178246,1.100456
3.031000,-0.002448,0.181206,0.406497
3.032000,-0.004127,0.181206,-0.300620
3.033000,-0.001328,0.175615,-0.997213
3.034000,-0.004884,0.171011,-1.712225
3.035000,-0.006794,0.168051,-2.416057
3.036000,-0.008803,0.161802,-3.100814
3.037000,-0.010482,0.155553,-3.763538
3.038000,-0.012194,0.147659,-4.406529
3.039000,-0.014005,0.138121,-5.026171
3.040000,-0.015915,0.127926,-5.618516
3.041000,-0.017463,0.117072,-6.177973
3.042000,-0.018648,0.105561,-6.695661
3.043000,-0.019702,0.092077,-7.157767
3.044000,-0.020756,0.078592,-7.556396
3.045000,-0.021645,0.065436,-7.879049
3.046000,-0.021842,0.051952,-8.119806
3.047000,-0.022106,0.038467,-8.270444
3.048000,-0.021678,0.024654,-8.328331
3.049000,-0.021645,0.011169,-8.293467
3.050000,-0.021052,-0.002315,-8.166510
3.051000,-0.020492,-0.014813,-7.954368
3.052000,-0.018945,-0.026982,-7.659671
3.053000,-0.018615,-0.038164,-7.292288
3.054000,-0.017298,-0.049676,-6.857152
3.055000,-0.016179,-0.059213,-6.371695
3.056000,-0.014960,-0.068093,-5.835918
3.057000,-0.013577,-0.075987,-5.262648
3.058000,-0.011964,-0.083222,-4.655175
3.059000,-0.010350,-0.089471,-4.025668
3.060000,-0.008671,-0.095391,-3.371166
3.061000,-0.006959,-0.099338,-2.702852
3.062000,-0.003831,-0.100654,-2.022042
3.063000,-0.000999,-0.101640,-1.334985
3.064000,0.000286,-0.106903,-0.638392
3.065000,0.000220,-0.103943,0.060832
3.066000,-0.001196,-0.106574,0.777486
3.067000,0.004500,-0.099996,1.498414
3.068000,0.005818,-0.096049,2.198621
3.069000,0.007826,-0.090458,2.875476
3.070000,0.009901,-0.084538,3.534242
3.071000,0.011778,-0.075987,4.179195
3.072000,0.013325,-0.068422,4.804085
3.073000,0.015103,-0.058227,5.406940
3.074000,0.016717,-0.047702,5.980852
3.075000,0.018133,-0.036520,6.512338
3.076000,0.019318,-0.024022,6.973113
3.077000,0.020273,-0.011195,7.381594
3.078000,0.020998,0.002618,7.737124
3.079000,0.021524,0.016432,8.018983
3.080000,0.021887,0.029916,8.204478
3.081000,0.021953,0.044059,8.301829
3.082000,0.021821,0.057214,8.303474
3.083000,0.020174,0.070370,8.215331
3.084000,0.020734,0.083197,8.035757
3.085000,0.019845,0.095694,7.771000
3.086000,0.018890,0.107206,7.428296
3.087000,0.017902,0.118717,7.016526
3.088000,0.016684,0.128912,6.551805
3.089000,0.015268,0.138450,6.036105
3.090000,0.013852,0.146344,5.477322
3.091000,0.012370,0.153579,4.875783
3.092000,0.010889,0.161144,4.250893
3.093000,0.009506,0.166406,3.603309
3.094000,0.007694,0.170682,2.943885
3.095000,0.005258,0.174628,2.269661
3.096000,0.004072,0.177259,1.589187
3.097000,0.002360,0.177588,0.891282
3.098000,0.002294,0.179233,0.201926
3.099000,0.003941,0.178904,-0.500586
3.100000,-0.005543,0.172655,-1.210335
3.101000,-0.005279,0.171339,-1.924032
3.102000,-0.007156,0.166406,-2.619971
3.103000,-0.008869,0.159828,-3.294533
3.104000,-0.010976,0.153250,-3.953311
3.105000,-0.012853,0.144699,-4.589396
3.106000,-0.014664,0.135161,-5.204105
3.107000,-0.016376,0.123979,-5.786254
3.108000,-0.017759,0.113783,-6.334858
3.109000,-0.018978,0.101615,-6.836431
3.110000,-0.020064,0.088788,-7.280776
3.111000,-0.021052,0.075303,-7.657698
3.112000,-0.021612,0.062148,-7.957657
3.113000,-0.022172,0.048334,-8.171773
3.114000,-0.022040,0.034192,-8.296756
3.115000,-0.021711,0.020707,-8.328331
3.116000,-0.021513,0.007223,-8.265839
3.117000,-0.020986,-0.006262,-8.114215
3.118000,-0.020394,-0.018431,-7.874773
3.119000,-0.019241,-0.030600,-7.559027
3.120000,-0.018220,-0.041124,-7.171910
3.121000,-0.016969,-0.052636,-6.724934
3.122000,-0.015915,-0.061844,-6.219743
3.123000,-0.014565,-0.071053,-5.673113
3.124000,-0.013083,-0.078618,-5.088662
3.125000,-0.011503,-0.085525,-4.473295
3.126000,-0.011305,-0.091774,-3.835237
3.127000,-0.008309,-0.096049,-3.179091
3.128000,-0.006794,-0.100325,-2.504858
3.129000,-0.007058,-0.104600,-1.821089
3.130000,-0.005971,-0.107232,-1.136005
3.131000,0.003414,-0.102627,-0.435136
3.132000,-0.001822,-0.103285,0.274611
3.133000,0.000055,-0.105258,0.987647
3.134000,0.004533,-0.099009,1.703970
3.135000,0.006575,-0.095063,2.397270
3.136000,0.008584,-0.089142,3.069192
3.137000,0.010460,-0.081907,3.724998
3.138000,0.012206,-0.075000,4.361729
3.139000,0.013852,-0.065133,4.988263
3.140000,0.015564,-0.055596,5.577304
3.141000,0.017178,-0.044742,6.142008
3.142000,0.018462,-0.033231,6.651458
3.143000,0.019549,-0.020404,7.097104
3.144000,0.020504,-0.007577,7.490786
3.145000,0.021195,0.006236,7.830200
3.146000,0.021854,0.019721,8.083117
3.147000,0.021985,0.033863,8.242629
3.148000,0.021953,0.047676,8.311038
3.149000,0.021656,0.061490,8.286372
3.150000,0.021096,0.074317,8.170931
3.151000,0.020537,0.088788,7.966032
3.152000,0.019648,0.098983,7.679569
3.153000,0.018693,0.110823,7.315816
3.154000,0.017343,0.121677,6.885957
3.155000,0.016124,0.131544,6.404133
3.156000,0.014873,0.141410,5.873634
3.157000,0.013556,0.149304,5.303668
3.158000,0.012008,0.156210,4.699169
3.159000,0.010526,0.162459,4.065728
3.160000,0.008682,0.167722,3.413540
3.161000,0.007102,0.171997,2.747209
3.162000,0.005620,0.175286,2.070025
3.163000,0.002459,0.175615,1.389222
3.164000,0.001965,0.179891,0.696250
3.165000,-0.000077,0.178246,-0.002973
3.166000,0.002755,0.182522,-0.702197
3.167000,-0.005675,0.171997,-1.417208
3.168000,-0.004917,0.170024,-2.128604
3.169000,-0.008671,0.163775,-2.816979
3.170000,-0.009824,0.158513,-3.489239
3.171000,-0.011700,0.150619,-4.140123
3.172000,-0.013511,0.141739,-4.770289
3.173000,-0.014927,0.132530,-5.375789
3.174000,-0.016640,0.122006,-5.951033
3.175000,-0.018154,0.110166,-6.485165
3.176000,-0.019472,0.098326,-6.971938
3.177000,-0.020394,0.084841,-7.396878
3.178000,-0.021085,0.071685,-7.753737
3.179000,-0.021579,0.057872,-8.029686
3.180000,-0.021974,0.044059,-8.217819
3.181000,-0.022270,0.030245,-8.314188
3.182000,-0.021941,0.017089,-8.313859
3.183000,-0.021513,0.003276,-8.232620
3.184000,-0.020690,-0.009551,-8.052381
3.185000,-0.019867,-0.022378,-7.789916
3.186000,-0.018978,-0.033560,-7.449503
3.187000,-0.018154,-0.045071,-7.044296
3.188000,-0.016771,-0.057240,-6.582520
3.189000,-0.015224,-0.064476,-6.067463
3.190000,-0.014005,-0.072369,-5.505375
3.191000,-0.012557,-0.080591,-4.910399
3.192000,-0.011239,-0.087498,-4.286811
3.193000,-0.009593,-0.093089,-3.642175
3.194000,-0.007584,-0.099667,-2.984057
3.195000,-0.006037,-0.101311,-2.306206
3.196000,-0.006893,-0.105916,-1.620793
3.197000,-0.001723,-0.101969,-0.928474
3.198000,-0.002645,-0.106574,-0.220370
3.199000,0.003677,-0.106245,0.477866
3.200000,0.004369,-0.101969,1.196821
3.201000,0.004896,-0.098023,1.908869
3.202000,0.006970,-0.093089,2.594604
3.203000,0.008913,-0.087169,3.264553
3.204000,0.010954,-0.080262,3.913452
3.205000,0.012700,-0.072040,4.547551
3.206000,0.014478,-0.062502,5.161588
3.207000,0.015992,-0.052307,5.745367
3.208000,0.017639,-0.041453,6.299217
3.209000,0.018890,-0.028955,6.788276
3.210000,0.019911,-0.016457,7.218136
3.211000,0.020800,-0.003302,7.596359
3.212000,0.021393,0.009854,7.915054
3.213000,0.021854,0.023667,8.140015
3.214000,0.021953,0.037481,8.274531
3.215000,0.021788,0.051623,8.313341
3.216000,0.021492,0.065108,8.262691
3.217000,0.020932,0.077934,8.118966
3.218000,0.020240,0.090761,7.890058
3.219000,0.019450,0.102601,7.572350
3.220000,0.018297,0.114112,7.197416
3.221000,0.017145,0.124966,6.750454
3.222000,0.015861,0.134175,6.251199
3.223000,0.014412,0.143384,5.708531
3.224000,0.012930,0.151277,5.126726
3.225000,0.011613,0.156868,4.516636
3.226000,0.009967,0.163775,3.874972
3.227000,0.008287,0.169037,3.218837
3.228000,0.006410,0.172655,2.546586
3.229000,0.004994,0.175944,1.868086
3.230000,0.005291,0.179562,1.179719
3.231000,0.004237,0.181206,0.495297
3.232000,-0.000768,0.178246,-0.211161
3.233000,0.000022,0.177917,-0.908741
3.234000,-0.006794,0.169695,-1.632962
3.235000,-0.006136,0.168379,-2.334491
3.236000,-0.008243,0.163117,-3.019577
3.237000,-0.009363,0.156539,-3.683945
3.238000,-0.012096,0.148317,-4.328252
3.239000,-0.013808,0.139437,-4.951511
3.240000,-0.015487,0.130228,-5.549119
3.241000,-0.017101,0.118717,-6.114824
3.242000,-0.018648,0.106877,-6.637117
3.243000,-0.019570,0.095037,-7.105143
3.244000,-0.020657,0.080894,-7.510350
3.245000,-0.021348,0.067410,-7.844185
3.246000,-0.021908,0.053925,-8.094151
3.247000,-0.022139,0.040112,-8.255314
3.248000,-0.022106,0.026627,-8.325699
3.249000,-0.021546,0.013143,-8.303005
3.250000,-0.021151,-0.001000,-8.191836
3.251000,-0.020459,-0.013826,-7.984298
3.252000,-0.019801,-0.025338,-7.698482
3.253000,-0.018780,-0.037178,-7.336032
3.254000,-0.017628,-0.048031,-6.913394
3.255000,-0.016574,-0.058227,-6.434844
3.256000,-0.015026,-0.067107,-5.899724
3.257000,-0.013775,-0.075987,-5.334019
3.258000,-0.012161,-0.082894,-4.729177
3.259000,-0.010317,-0.088814,-4.098354
3.260000,-0.008967,-0.094734,-3.448127
3.261000,-0.006893,-0.098351,-2.782774
3.262000,-0.006629,-0.098680,-2.103937
3.263000,-0.000669,-0.099996,-1.419182
3.264000,-0.001163,-0.106903,-0.721272
3.265000,-0.000143,-0.105258,-0.016129
3.266000,0.000878,-0.104929,0.695592
3.267000,0.003974,-0.100983,1.413560
3.268000,0.005488,-0.098023,2.112781
3.269000,0.007793,-0.092102,2.791938
3.270000,0.009703,-0.085196,3.457611
3.271000,0.011580,-0.077960,4.102564
3.272000,0.013161,-0.069080,4.730743
3.273000,0.014873,-0.059542,5.337215
3.274000,0.016519,-0.049018,5.914416
3.275000,0.018001,-0.037835,6.451822
3.276000,0.019088,-0.025338,6.920819
3.277000,0.020043,-0.013169,7.335549
3.278000,0.021063,0.000974,7.698973
3.279000,0.021623,0.014458,7.989054
3.280000,0.021887,0.027943,8.189678
3.281000,0.021887,0.041427,8.296238
3.282000,0.021788,0.055899,8.308736
3.283000,0.021459,0.069054,8.229802
3.284000,0.020866,0.082210,8.059437
3.285000,0.020043,0.094050,7.805205
3.286000,0.018956,0.106219,7.473683
3.287000,0.017968,0.117401,7.073753
3.288000,0.016882,0.127268,6.612320
3.289000,0.015466,0.137464,6.097937
3.290000,0.014148,0.146344,5.540140
3.291000,0.012667,0.153579,4.947810
3.292000,0.011020,0.160157,4.328511
3.293000,0.009407,0.165748,3.682901
3.294000,0.007760,0.170682,3.024463
3.295000,0.006410,0.174299,2.348595
3.296000,0.004303,0.176602,1.665819
3.297000,0.000747,0.175944,0.975478
3.298000,0.003611,0.175286,0.289082
3.299000,0.002294,0.179891,-0.415732
3.300000,-0.002085,0.176273,-1.127783
3.301000,-0.004785,0.171339,-1.840822
3.302000,-0.007189,0.166735,-2.537748
3.303000,-0.009033,0.161144,-3.217572
3.304000,-0.010877,0.154566,-3.876020
3.305000,-0.012557,0.146673,-4.513092
3.306000,-0.014401,0.136477,-5.130103
3.307000,-0.016212,0.125952,-5.718830
3.308000,-0.017595,0.114770,-6.272038
3.309000,-0.018945,0.103259,-6.779860
3.310000,-0.019933,0.090432,-7.230125
3.311000,-0.020789,0.077277,-7.617900
3.312000,-0.021612,0.063463,-7.926082
3.313000,-0.021941,0.050307,-8.152038
3.314000,-0.022073,0.035836,-8.286560
3.315000,-0.021809,0.022352,-8.328331
3.316000,-0.021645,0.008538,-8.278666
3.317000,-0.021151,-0.004288,-8.138882
3.318000,-0.020492,-0.016786,-7.910624
3.319000,-0.019472,-0.028955,-7.601455
3.320000,-0.018220,-0.040467,-7.218943
3.321000,-0.017068,-0.050991,-6.776900
3.322000,-0.015948,-0.060529,-6.282234
3.323000,-0.014137,-0.069080,-5.741853
3.324000,-0.013347,-0.077302,-5.164637
3.325000,-0.011536,-0.084867,-4.547955
3.326000,-0.009955,-0.090458,-3.908910
3.327000,-0.008441,-0.096378,-3.253750
3.328000,-0.006399,-0.099338,-2.582148
3.329000,-0.006597,-0.104271,-1.902983
3.330000,-0.007025,-0.108218,-1.197179
3.331000,-0.005543,-0.109863,-0.524266
3.332000,0.000516,-0.104271,0.194362
3.333000,0.003183,-0.101311,0.913975
3.334000,0.003644,-0.098680,1.622734
3.335000,0.006048,-0.095063,2.316035
3.336000,0.008419,-0.089471,2.987628
3.337000,0.010197,-0.083551,3.648367
3.338000,0.012107,-0.075000,4.290688
3.339000,0.013687,-0.066778,4.912290
3.340000,0.015334,-0.056911,5.510869
3.341000,0.017013,-0.045071,6.075572
3.342000,0.018495,-0.034218,6.596862
3.343000,0.019450,-0.021391,7.047442
3.344000,0.020339,-0.009222,7.446057
3.345000,0.021195,0.004920,7.794022
3.346000,0.021689,0.018734,8.057793
3.347000,0.021920,0.032547,8.230131
3.348000,0.022578,0.046361,8.311696
3.349000,0.021656,0.059516,8.297225
3.350000,0.021294,0.072672,8.190993
3.351000,0.020668,0.085828,7.994646
3.352000,0.019648,0.098326,7.714431
3.353000,0.018627,0.109508,7.362190
3.354000,0.017705,0.120690,6.943184
3.355000,0.016322,0.130557,6.468595
3.356000,0.015136,0.140095,5.940399
3.357000,0.013589,0.148317,5.372077
3.358000,0.012173,0.155553,4.768565
3.359000,0.010559,0.162130,4.141373
3.360000,0.009473,0.167722,3.493460
3.361000,0.007464,0.171668,2.831076
3.362000,0.005554,0.174957,2.151590
3.363000,0.003513,0.177259,1.465854
3.364000,0.000022,0.176931,0.770250
3.365000,0.000351,0.177917,0.079579
3.366000,-0.006629,0.174628,-0.626880
3.367000,-0.002612,0.175615,-1.353403
3.368000,-0.005378,0.170353,-2.040132
3.369000,-0.007749,0.165091,-2.737386
3.370000,-0.009395,0.159170,-3.411291
3.371000,-0.011108,0.151606,-4.065135
3.372000,-0.013281,0.143384,-4.696287
3.373000,-0.014993,0.133517,-5.308365
3.374000,-0.016640,0.123321,-5.883608
3.375000,-0.017990,0.111481,-6.426292
3.376000,-0.019109,0.099641,-6.918327
3.377000,-0.020262,0.086814,-7.350503
3.378000,-0.021217,0.073001,-7.715256
3.379000,-0.021777,0.059845,-8.000085
3.380000,-0.022073,0.046361,-8.203018
3.381000,-0.021908,0.032218,-8.307281
3.382000,-0.021744,0.018734,-8.322739
3.383000,-0.021612,0.004920,-8.246434
3.384000,-0.020887,-0.007577,-8.079680
3.385000,-0.020196,-0.020404,-7.827411
3.386000,-0.019043,-0.032244,-7.498509
3.387000,-0.018121,-0.043755,-7.097578
3.388000,-0.017002,-0.053293,-6.637775
3.389000,-0.015652,-0.063160,-6.127652
3.390000,-0.014203,-0.071382,-5.574773
3.391000,-0.015421,-0.079605,-4.985717
3.392000,-0.011141,-0.086511,-4.367062
3.393000,-0.009758,-0.092431,-3.721439
3.394000,-0.008012,-0.096378,-3.060360
3.395000,-0.005609,-0.100983,-2.386127
3.396000,-0.003304,-0.101969,-1.701043
3.397000,0.000944,-0.100325,-1.013657
3.398000,0.002953,-0.109205,-0.310815
3.399000,0.002294,-0.107889,0.399261
3.400000,0.004533,-0.101640,1.114927
3.401000,0.005291,-0.098680,1.825659
3.402000,0.007069,-0.093747,2.514355
3.403000,0.008979,-0.087827,3.181673
3.404000,0.010526,-0.080920,3.834190
3.405000,0.012436,-0.072369,4.470262
3.406000,0.014280,-0.063489,5.087588
3.407000,0.015861,-0.053622,5.677616
3.408000,0.017343,-0.042769,6.233768
3.409000,0.018594,-0.030271,6.733681
3.410000,0.019845,-0.017115,7.168802
3.411000,0.020734,-0.004946,7.554919
3.412000,0.021426,0.008538,7.879534
3.413000,0.021755,0.022681,8.117980
3.414000,0.022018,0.036494,8.261376
3.415000,0.021854,0.049979,8.314985
3.416000,0.021656,0.063792,8.272558
3.417000,0.020932,0.076619,8.144620
3.418000,0.020306,0.089774,7.923276
3.419000,0.019351,0.101286,7.620697
3.420000,0.018495,0.112797,7.246420
3.421000,0.017343,0.123979,6.810312
3.422000,0.016124,0.134833,6.321582
3.423000,0.014642,0.142068,5.781216
3.424000,0.013128,0.150619,5.201712
3.425000,0.011745,0.158184,4.589649
3.426000,0.010230,0.163775,3.955879
3.427000,0.008715,0.169037,3.301717
3.428000,0.006838,0.173642,2.635058
3.429000,0.004961,0.175944,1.956887
3.430000,0.002261,0.175944,1.268848
3.431000,-0.000406,0.175286,0.567653
3.432000,-0.000373,0.178246,-0.122361
3.433000,-0.004720,0.171997,-0.827504
3.434000,-0.004588,0.171668,-1.541530
3.435000,-0.005642,0.169366,-2.243388
3.436000,-0.007848,0.163775,-2.933078
3.437000,-0.009955,0.156868,-3.600735
3.438000,-0.012030,0.149304,-4.249317
3.439000,-0.013874,0.141081,-4.874221
3.440000,-0.015652,0.131215,-5.473801
3.441000,-0.016837,0.120032,-6.042138
3.442000,-0.018253,0.108521,-6.572324
3.443000,-0.019636,0.096023,-7.048572
3.444000,-0.020624,0.083197,-7.463317
3.445000,-0.021348,0.070041,-7.806690
3.446000,-0.021612,0.055899,-8.068497
3.447000,-0.022040,0.041756,-8.243145
3.448000,-0.022139,0.027943,-8.322739
3.449000,-0.021908,0.014787,-8.312872
3.450000,-0.021283,0.001303,-8.208610
3.451000,-0.020426,-0.010866,-8.016859
3.452000,-0.019735,-0.023693,-7.742226
3.453000,-0.018978,-0.035204,-7.367277
3.454000,-0.017924,-0.046058,-6.974240
3.455000,-0.016541,-0.055924,-6.499966
3.456000,-0.015026,-0.065791,-5.975700
3.457000,-0.013775,-0.074013,-5.409337
3.458000,-0.012655,-0.081907,-4.811401
3.459000,-0.010877,-0.088156,-4.186827
3.460000,-0.009198,-0.093418,-3.537916
3.461000,-0.007288,-0.098351,-2.869931
3.462000,-0.005773,-0.101311,-2.190765
3.463000,-0.006959,-0.106574,-1.506667
3.464000,-0.000966,-0.105587,-0.812375
3.465000,-0.000241,-0.105258,-0.113480
3.466000,0.004204,-0.100325,0.604160
3.467000,0.004369,-0.099667,1.318511
3.468000,0.005587,-0.097694,2.022994
3.469000,0.007266,-0.092102,2.706756
3.470000,0.009176,-0.085854,3.370126
3.471000,0.011152,-0.078289,4.017381
3.472000,0.013062,-0.070067,4.648520
3.473000,0.014609,-0.060529,5.256308
3.474000,0.016190,-0.050662,5.839429
3.475000,0.017738,-0.039151,6.382755
3.476000,0.019022,-0.027311,6.860961
3.477000,0.020141,-0.013826,7.282269
3.478000,0.020866,-0.001328,7.652271
3.479000,0.021590,0.012814,7.956165
3.480000,0.021755,0.026298,8.167313
3.481000,0.021985,0.040441,8.286043
3.482000,0.021887,0.053925,8.313012
3.483000,0.021294,0.067081,8.246576
3.484000,0.020866,0.080237,8.089037
3.485000,0.019944,0.093063,7.843685
3.486000,0.019351,0.105232,7.519399
3.487000,0.018232,0.115757,7.128020
3.488000,0.016882,0.125952,6.673494
3.489000,0.015564,0.135819,6.169964
3.490000,0.014313,0.144699,5.621047
3.491000,0.012831,0.152922,5.031348
3.492000,0.011415,0.159170,4.412049
3.493000,0.009802,0.165419,3.768741
3.494000,0.008123,0.170024,3.110632
3.495000,0.006608,0.173971,2.440355
3.496000,0.004863,0.176602,1.757908
3.497000,0.001076,0.176602,1.073816
3.498000,0.000253,0.175944,0.381172
3.499000,-0.000999,0.178246,-0.332522
3.500000,0.001372,0.179891,-1.025826
3.501000,-0.003337,0.173313,-1.747088
3.502000,-0.006465,0.167393,-2.446973
3.503000,-0.008441,0.162130,-3.126468
3.504000,-0.010647,0.154566,-3.788534
3.505000,-0.012458,0.147001,-4.430539
3.506000,-0.014170,0.138121,-5.050509
3.507000,-0.015751,0.127926,-5.642855
3.508000,-0.017331,0.117072,-6.200338
3.509000,-0.018813,0.104903,-6.714738
3.510000,-0.019933,0.092406,-7.174870
3.511000,-0.020822,0.079250,-7.568894
3.512000,-0.021283,0.065765,-7.890889
3.513000,-0.021744,0.051623,-8.127042
3.514000,-0.022139,0.038138,-8.276035
3.515000,-0.022007,0.023996,-8.329975
3.516000,-0.021711,0.010841,-8.291165
3.517000,-0.021118,-0.002315,-8.161906
3.518000,-0.020361,-0.015142,-7.944172
3.519000,-0.019702,-0.027311,-7.647173
3.520000,-0.018023,-0.038164,-7.276500
3.521000,-0.017463,-0.049347,-6.841693
3.522000,-0.016014,-0.059871,-6.352619
3.523000,-0.014730,-0.068422,-5.816513
3.524000,-0.013314,-0.076316,-5.238310
3.525000,-0.011997,-0.083551,-4.631166
3.526000,-0.010449,-0.089471,-3.997712
3.527000,-0.008539,-0.095391,-3.348801
3.528000,-0.006992,-0.099338,-2.676212
3.529000,-0.003765,-0.100983,-1.995402
3.530000,-0.001493,-0.101311,-1.301438
3.531000,0.003545,-0.102298,-0.605173
3.532000,-0.000044,-0.104600,0.093392
3.533000,0.000878,-0.103943,0.829121
3.534000,0.004467,-0.100325,1.523738
3.535000,0.006048,-0.096049,2.223288
3.536000,0.007925,-0.090787,2.899485
3.537000,0.009999,-0.084209,3.560882
3.538000,0.011745,-0.075987,4.202217
3.539000,0.013556,-0.068093,4.827765
3.540000,0.015136,-0.058227,5.428646
3.541000,0.016618,-0.047373,6.002559
3.542000,0.018166,-0.035533,6.529111
3.543000,0.019384,-0.022706,6.989228
3.544000,0.020405,-0.010537,7.393763
3.545000,0.021129,0.002947,7.749622
3.546000,0.021623,0.016103,8.027206
3.547000,0.022018,0.030903,8.211713
3.548000,0.022051,0.044387,8.303474
3.549000,0.021821,0.057872,8.301829
3.550000,0.021393,0.070699,8.209740
3.551000,0.020701,0.083854,8.027206
3.552000,0.019845,0.095694,7.760476
3.553000,0.018956,0.108192,7.413496
3.554000,0.017836,0.118717,7.000410
3.555000,0.016717,0.129570,6.530756
3.556000,0.015202,0.138779,6.014070
3.557000,0.014609,0.147001,5.451669
3.558000,0.012403,0.154895,4.856050
3.559000,0.010954,0.161473,4.227213
3.560000,0.009242,0.167393,3.580287
3.561000,0.007629,0.171339,2.918232
3.562000,0.005587,0.175286,2.243021
3.563000,0.003019,0.178246,1.561561
3.564000,0.004797,0.180548,0.872535
3.565000,0.000681,0.177588,0.173313
3.566000,-0.007090,0.175615,-0.529857
3.567000,-0.002415,0.176273,-1.234015
3.568000,-0.006234,0.170024,-1.952646
3.569000,-0.007848,0.165748,-2.642665
3.570000,-0.009066,0.159828,-3.318543
3.571000,-0.011239,0.152922,-3.975675
3.572000,-0.013083,0.144370,-4.612747
3.573000,-0.014532,0.134833,-5.225483
3.574000,-0.016146,0.124308,-5.807962
3.575000,-0.017825,0.113783,-6.354263
3.576000,-0.019175,0.101286,-6.854849
3.577000,-0.020328,0.088788,-7.296892
3.578000,-0.020986,0.075303,-7.672169
3.579000,-0.021546,0.061819,-7.967524
3.580000,-0.021842,0.047347,-8.179995
3.581000,-0.022139,0.034192,-8.300045
3.582000,-0.022040,0.020378,-8.327015
3.583000,-0.021513,0.007223,-8.264852
3.584000,-0.020822,-0.006262,-8.107308
3.585000,-0.020064,-0.019089,-7.865893
3.586000,-0.019307,-0.030600,-7.544884
3.587000,-0.018286,-0.041453,-7.155465
3.588000,-0.017068,-0.050991,-6.706186
3.589000,-0.015816,-0.061844,-6.203956
3.590000,-0.014401,-0.070725,-5.653050
3.591000,-0.012952,-0.078618,-5.065968
3.592000,-0.011569,-0.085854,-4.450273
3.593000,-0.010054,-0.091445,-3.810241
3.594000,-0.008144,-0.095063,-3.154095
3.595000,-0.006136,-0.100325,-2.482822
3.596000,-0.002843,-0.100654,-1.796751
3.597000,0.000845,-0.100325,-1.104432
3.598000,0.002327,-0.109534,-0.417047
3.599000,-0.000604,-0.104271,0.301580
3.600000,0.001438,-0.105916,1.015274
3.601000,0.004500,-0.099009,1.726992
3.602000,0.006509,-0.094405,2.420293
3.603000,0.008485,-0.088485,3.092544
3.604000,0.010493,-0.081907,3.748021
3.605000,0.012239,-0.074342,4.385409
3.606000,0.013918,-0.065133,5.003721
3.607000,0.015630,-0.054938,5.597367
3.608000,0.017079,-0.043755,6.160097
3.609000,0.018528,-0.032244,6.668232
3.610000,0.019648,-0.019417,7.111246
3.611000,0.020471,-0.006591,7.501968
3.612000,0.021162,0.006894,7.840396
3.613000,0.021689,0.020049,8.080815
3.614000,0.021854,0.034521,8.249207
3.615000,0.021953,0.048992,8.313012
3.616000,0.021689,0.062148,8.284727
3.617000,0.021063,0.074645,8.165011
3.618000,0.020405,0.087801,7.959454
3.619000,0.019648,0.099970,7.664111
3.620000,0.018660,0.111152,7.302660
3.621000,0.017408,0.122006,6.871157
3.622000,0.016157,0.132201,6.387031
3.623000,0.014774,0.141081,5.853572
3.624000,0.013358,0.148975,5.280646
3.625000,0.011975,0.156210,4.677463
3.626000,0.010329,0.162788,4.043692
3.627000,0.008781,0.167393,3.390189
3.628000,0.006970,0.171997,2.722543
3.629000,0.005389,0.175286,2.045029
3.630000,0.002788,0.177259,1.360937
3.631000,0.002360,0.175286,0.666320
3.632000,-0.000175,0.178246,-0.027640
3.633000,-0.005576,0.175944,-0.736730
3.634000,-0.002448,0.174628,-1.450426
3.635000,-0.005477,0.170353,-2.154915
3.636000,-0.007947,0.164433,-2.844277
3.637000,-0.011042,0.157197,-3.512262
3.638000,-0.011964,0.150290,-4.162488
3.639000,-0.013413,0.142068,-4.793312
3.640000,-0.015092,0.132530,-5.397825
3.641000,-0.016706,0.121348,-5.971424
3.642000,-0.018220,0.110166,-6.504899
3.643000,-0.019472,0.097339,-6.989041
3.644000,-0.020361,0.084841,-7.413981
3.645000,-0.021151,0.071685,-7.767222
3.646000,-0.021744,0.057543,-8.037909
3.647000,-0.022106,0.044059,-8.223739
3.648000,-0.022040,0.030245,-8.316490
3.649000,-0.021645,0.016432,-8.319779
3.650000,-0.021414,0.002618,-8.208610
3.651000,-0.020657,-0.010209,-8.045474
3.652000,-0.020130,-0.022378,-7.780378
3.653000,-0.019011,-0.033889,-7.437333
3.654000,-0.017759,-0.045071,-7.028838
3.655000,-0.016475,-0.055924,-6.563444
3.656000,-0.015290,-0.064476,-6.042796
3.657000,-0.014104,-0.073027,-5.487286
3.658000,-0.012458,-0.080920,-4.888692
3.659000,-0.010976,-0.087169,-4.263131
3.660000,-0.009330,-0.093089,-3.616850
3.661000,-0.008144,-0.097694,-2.956430
3.662000,-0.006465,-0.101311,-2.284828
3.663000,-0.007058,-0.106903,-1.599086
3.664000,0.001175,-0.102298,-0.895585
3.665000,0.001109,-0.102627,-0.200637
3.666000,0.004863,-0.102298,0.513715
3.667000,0.001932,-0.100983,1.229052
3.668000,0.004994,-0.097365,1.932878
3.669000,0.007168,-0.093089,2.618613
3.670000,0.009077,-0.086511,3.286588
3.671000,0.010987,-0.079276,3.936145
3.672000,0.012733,-0.071382,4.570573
3.673000,0.014412,-0.062173,5.182308
3.674000,0.015927,-0.051649,5.766745
3.675000,0.017606,-0.040467,6.317964
3.676000,0.019022,-0.028626,6.802419
3.677000,0.019911,-0.016129,7.231949
3.678000,0.020701,-0.002644,7.607871
3.679000,0.021459,0.011498,7.923605
3.680000,0.021821,0.024325,8.144620
3.681000,0.022018,0.039125,8.277163
3.682000,0.021887,0.052610,8.313341
3.683000,0.021360,0.066094,8.259403
3.684000,0.020932,0.078592,8.111731
3.685000,0.020240,0.091419,7.879534
3.686000,0.019384,0.103259,7.566430
3.687000,0.018297,0.114770,7.182616
3.688000,0.017079,0.124966,6.736970
3.689000,0.015630,0.134504,6.233439
3.690000,0.014478,0.143384,5.688140
3.691000,0.013029,0.151935,5.105348
3.692000,0.011547,0.158184,4.492627
3.693000,0.010098,0.164104,3.848661
3.694000,0.008254,0.169037,3.198446
3.695000,0.006476,0.173642,2.525538
3.696000,0.005192,0.175615,1.844406
3.697000,0.004896,0.179562,1.154394
3.698000,-0.002612,0.178575,0.467670
3.699000,-0.000867,0.174957,-0.231224
3.700000,0.001866,0.181206,-0.934723
3.701000,-0.003007,0.173971,-1.657629
3.702000,-0.006300,0.168379,-2.358500
3.703000,-0.008375,0.162788,-3.042929
3.704000,-0.010350,0.155882,-3.706968
3.705000,-0.012260,0.147659,-4.349630
3.706000,-0.014038,0.139108,-4.972561
3.707000,-0.015586,0.129570,-5.569839
3.708000,-0.016969,0.118059,-6.132914
3.709000,-0.018418,0.106219,-6.653562
3.710000,-0.019702,0.094050,-7.119943
3.711000,-0.020855,0.080894,-7.524163
3.712000,-0.021447,0.067739,-7.854710
3.713000,-0.021842,0.053925,-8.102374
3.714000,-0.021941,0.039454,-8.261234
3.715000,-0.021908,0.025970,-8.326028
3.716000,-0.021875,0.012485,-8.300045
3.717000,-0.021842,-0.001328,-8.183613
3.718000,-0.020558,-0.013826,-7.978707
3.719000,-0.019636,-0.025666,-7.689272
3.720000,-0.018615,-0.037507,-7.324191
3.721000,-0.017595,-0.048360,-6.897935
3.722000,-0.016442,-0.058227,-6.415439
3.723000,-0.014664,-0.066778,-5.886240
3.724000,-0.013544,-0.075329,-5.318890
3.725000,-0.011865,-0.082894,-4.711745
3.726000,-0.010581,-0.089142,-4.077304
3.727000,-0.009000,-0.094734,-3.426091
3.728000,-0.007650,-0.099338,-2.759093
3.729000,-0.006366,-0.102956,-2.080257
3.730000,-0.000439,-0.100983,-1.372479
3.731000,0.003117,-0.099667,-0.692330
3.732000,-0.000175,-0.104929,0.006894
3.733000,-0.000044,-0.103285,0.717956
3.734000,0.003282,-0.100983,1.437898
3.735000,0.006015,-0.096707,2.135474
3.736000,0.007826,-0.091445,2.814961
3.737000,0.009538,-0.085196,3.477673
3.738000,0.011284,-0.076973,4.123941
3.739000,0.013128,-0.068751,4.749160
3.740000,0.014972,-0.059213,5.355304
3.741000,0.016684,-0.049347,5.930532
3.742000,0.017968,-0.036849,6.466951
3.743000,0.019219,-0.025009,6.933975
3.744000,0.020306,-0.012182,7.346403
3.745000,0.021129,0.001303,7.706538
3.746000,0.021590,0.014787,7.996948
3.747000,0.021821,0.028601,8.194282
3.748000,0.021920,0.042085,8.297554
3.749000,0.021755,0.056556,8.309394
3.750000,0.021327,0.070041,8.226185
3.751000,0.020767,0.082868,8.053188
3.752000,0.019845,0.094050,7.795996
3.753000,0.018857,0.106219,7.461185
3.754000,0.017672,0.117401,7.058953
3.755000,0.016717,0.127926,6.597520
3.756000,0.015400,0.137135,6.082808
3.757000,0.014083,0.146015,5.523366
3.758000,0.012535,0.154237,4.929063
3.759000,0.011053,0.160486,4.308448
3.760000,0.009045,0.166406,3.666456
3.761000,0.007892,0.171011,3.006046
3.762000,0.005916,0.174299,2.330177
3.763000,0.004072,0.177259,1.645757
3.764000,0.005225,0.180220,0.956073
3.765000,-0.000175,0.177259,0.265073
3.766000,-0.002448,0.172326,-0.439083
3.767000,-0.006992,0.171339,-1.145543
3.768000,-0.006333,0.171011,-1.856938
3.769000,-0.006728,0.167393,-2.558139
3.770000,-0.008803,0.160815,-3.236648
3.771000,-0.011108,0.153250,-3.894438
3.772000,-0.012952,0.146344,-4.532826
3.773000,-0.014466,0.136806,-5.149837
3.774000,-0.016014,0.126281,-5.735933
3.775000,-0.017562,0.114770,-6.287168
3.776000,-0.019043,0.102601,-6.794332
3.777000,-0.020097,0.090103,-7.242624
3.778000,-0.020986,0.077277,-7.627110
3.779000,-0.021414,0.063792,-7.934634
3.780000,-0.021777,0.049650,-8.157959
3.781000,-0.022139,0.035507,-8.289191
3.782000,-0.022040,0.021365,-8.328331
3.783000,-0.021612,0.009196,-8.276364
3.784000,-0.021085,-0.004288,-8.132304
3.785000,-0.020328,-0.018431,-7.903059
3.786000,-0.019439,-0.029284,-7.592904
3.787000,-0.018352,-0.040795,-7.208418
3.788000,-0.017232,-0.051320,-6.762757
3.789000,-0.015849,-0.060858,-6.268420
3.790000,-0.014499,-0.070396,-5.724750
3.791000,-0.013281,-0.077960,-5.147205
3.792000,-0.011865,-0.084209,-4.531510
3.793000,-0.010120,-0.090787,-3.892465
3.794000,-0.008276,-0.095720,-3.235332
3.795000,-0.006893,-0.099667,-2.565375
3.796000,-0.005806,-0.103285,-1.882592
3.797000,-0.002876,-0.102627,-1.198495
3.798000,0.001109,-0.108547,-0.507164
3.799000,0.000615,-0.103943,0.210477
3.800000,0.004764,-0.100325,0.929433
3.801000,0.004632,-0.099338,1.639836
3.802000,0.006213,-0.095063,2.334124
3.803000,0.007826,-0.089800,3.006703
3.804000,0.010230,-0.082894,3.662180
3.805000,0.012074,-0.075658,4.304831
3.806000,0.013819,-0.066449,4.927747
3.807000,0.015433,-0.056582,5.525998
3.808000,0.017013,-0.046058,6.091359
3.809000,0.018429,-0.033889,6.608045
3.810000,0.019680,-0.021391,7.057966
3.811000,0.020438,-0.008235,7.455594
3.812000,0.021129,0.004592,7.801916
3.813000,0.021689,0.018734,8.062726
3.814000,0.021953,0.032547,8.232433
3.815000,0.021953,0.047019,8.311367
3.816000,0.021623,0.059845,8.294594
3.817000,0.021162,0.073001,8.188033
3.818000,0.020504,0.086486,7.989054
3.819000,0.019911,0.098326,7.708182
3.820000,0.018758,0.110166,7.352652
3.821000,0.017672,0.120690,6.930357
3.822000,0.016421,0.130886,6.452480
3.823000,0.015038,0.140095,5.927901
3.824000,0.013687,0.148317,5.358264
3.825000,0.012206,0.155224,4.754752
3.826000,0.010691,0.161802,4.124599
3.827000,0.008814,0.167722,3.475371
3.828000,0.007135,0.172655,2.812987
3.829000,0.005719,0.174957,2.137776
3.830000,0.004599,0.176931,1.449409
3.831000,-0.000208,0.175944,0.756108
3.832000,0.000220,0.178246,0.060503
3.833000,-0.005642,0.177588,-0.641023
3.834000,-0.000604,0.177917,-1.349785
3.835000,-0.004818,0.170682,-2.059865
3.836000,-0.007551,0.165748,-2.753502
3.837000,-0.009692,0.158842,-3.426091
3.838000,-0.011635,0.151935,-4.079935
3.839000,-0.013215,0.143713,-4.711745
3.840000,-0.014631,0.133846,-5.318561
3.841000,-0.016376,0.123321,-5.896764
3.842000,-0.017990,0.111810,-6.437804
3.843000,-0.019274,0.099970,-6.929181
3.844000,-0.020328,0.086486,-7.360699
3.845000,-0.021184,0.073330,-7.723478
3.846000,-0.021480,0.059845,-8.007321
3.847000,-0.021941,0.045703,-8.204992
3.848000,-0.022106,0.031890,-8.308268
3.849000,-0.021908,0.018405,-8.322410
3.850000,-0.021316,0.004920,-8.243803
3.851000,-0.020756,-0.007906,-8.075075
3.852000,-0.020361,-0.020733,-7.822149
3.853000,-0.019307,-0.032244,-7.483380
3.854000,-0.018121,-0.043755,-7.089356
3.855000,-0.016804,-0.053951,-6.628895
3.856000,-0.015520,-0.063489,-6.116798
3.857000,-0.014104,-0.071711,-5.561946
3.858000,-0.012721,-0.079934,-4.973219
3.859000,-0.011239,-0.086511,-4.347657
3.860000,-0.009494,-0.092431,-3.706639
3.861000,-0.007848,-0.097036,-3.045560
3.862000,-0.005675,-0.099996,-2.371327
3.863000,-0.004127,-0.102627,-1.691834
3.864000,0.000714,-0.099667,-0.997542
3.865000,-0.001756,-0.103943,-0.298317
3.866000,0.004731,-0.104929,0.405839
3.867000,0.004961,-0.100983,1.126767
3.868000,0.004928,-0.098680,1.841775
3.869000,0.006805,-0.094076,2.529155
3.870000,0.008682,-0.087827,3.197788
3.871000,0.010823,-0.080262,3.847674
3.872000,0.012568,-0.072040,4.481773
3.873000,0.014412,-0.063818,5.098441
3.874000,0.015861,-0.053293,5.690114
3.875000,0.017441,-0.042111,6.245279
3.876000,0.018693,-0.029942,6.741574
3.877000,0.019878,-0.017444,7.175380
3.878000,0.020668,-0.004617,7.559524
3.879000,0.021360,0.008209,7.886112
3.880000,0.021755,0.023009,8.120611
3.881000,0.022051,0.036823,8.265323
3.882000,0.021953,0.050307,8.313341
3.883000,0.021393,0.063134,8.273874
3.884000,0.020932,0.077277,8.141002
3.885000,0.020306,0.089774,7.917027
3.886000,0.019417,0.101943,7.612804
3.887000,0.018495,0.113783,7.237869
3.888000,0.017244,0.123650,6.798143
3.889000,0.015960,0.133517,6.310071
3.890000,0.014577,0.142726,5.771020
3.891000,0.013128,0.150290,5.188886
3.892000,0.011745,0.157526,4.576822
3.893000,0.010296,0.164104,3.941408
3.894000,0.008419,0.168379,3.287246
3.895000,0.006377,0.172984,2.619271
3.896000,0.005027,0.176273,1.923669
3.897000,0.004435,0.179233,1.254048
3.898000,0.004632,0.180877,0.564035
3.899000,-0.000571,0.177588,-0.140121
3.900000,-0.002546,0.173971,-0.839344
3.901000,-0.001987,0.175944,-1.555014
3.902000,-0.006860,0.168708,-2.261148
3.903000,-0.008012,0.163775,-2.947878
3.904000,-0.010153,0.156539,-3.615864
3.905000,-0.012030,0.149304,-4.263459
3.906000,-0.013874,0.140753,-4.888692
3.907000,-0.015421,0.130557,-5.486957
3.908000,-0.016870,0.120032,-6.056609
3.909000,-0.018352,0.107863,-6.583506
3.910000,-0.019669,0.095694,-7.059097
3.911000,-0.020756,0.083197,-7.471210
3.912000,-0.021348,0.069383,-7.813268
3.913000,-0.021744,0.055570,-8.071128
3.914000,-0.022073,0.041756,-8.244789
3.915000,-0.022139,0.027943,-8.325042
3.916000,-0.021908,0.014787,-8.310570
3.917000,-0.021348,0.000974,-8.205321
3.918000,-0.020624,-0.011853,-8.010281
3.919000,-0.019702,-0.024022,-7.732030
3.920000,-0.017232,-0.035533,-7.382736
3.921000,-0.017792,-0.046715,-6.963058
3.922000,-0.016574,-0.057240,-6.488125
3.923000,-0.015290,-0.065791,-5.962873
3.924000,-0.013577,-0.074671,-5.394208
3.925000,-0.012096,-0.081907,-4.795943
3.926000,-0.012129,-0.089142,-4.169395
3.927000,-0.009198,-0.093747,-3.524102
3.928000,-0.007354,-0.098023,-2.855459
3.929000,-0.005016,-0.100983,-2.175964
3.930000,-0.004292,-0.103943,-1.485947
3.931000,0.002360,-0.100654,-0.789024
3.932000,-0.000406,-0.104271,-0.094734
3.933000,0.001142,-0.105258,0.614685
3.934000,0.003052,-0.102298,1.337915
3.935000,0.005850,-0.096707,2.039438
3.936000,0.007563,-0.092102,2.720569
3.937000,0.009407,-0.086182,3.386242
3.938000,0.011218,-0.078947,4.034155
3.939000,0.013029,-0.069738,4.675489
3.940000,0.014774,-0.060858,5.271108
3.941000,0.016388,-0.050333,5.853572
3.942000,0.017804,-0.038822,6.396240
3.943000,0.019055,-0.026982,6.873459
3.944000,0.020076,-0.013826,7.292794
3.945000,0.020965,-0.000342,7.659835
3.946000,0.021524,0.013472,7.962085
3.947000,0.021887,0.026627,8.172575
3.948000,0.021985,0.040770,8.288674
3.949000,0.021788,0.054254,8.312354
3.950000,0.021360,0.067739,8.243287
3.951000,0.020965,0.079908,8.085419
3.952000,0.020240,0.092734,7.838094
3.953000,0.019055,0.104575,7.512821
3.954000,0.018166,0.116086,7.117166
3.955000,0.016947,0.127268,6.661654
3.956000,0.015696,0.136148,6.156808
3.957000,0.014214,0.144370,5.605918
3.958000,0.012733,0.152593,5.016877
3.959000,0.011185,0.159499,4.396591
3.960000,0.009670,0.165419,3.754598
3.961000,0.008123,0.170353,3.093201
3.962000,0.006509,0.173971,2.423253
3.963000,0.006674,0.176602,1.743437
3.964000,0.002459,0.179562,1.060003
3.965000,0.001603,0.179233,0.353216
3.966000,-0.002316,0.177588,-0.332851
3.967000,-0.004818,0.172655,-1.046218
3.968000,-0.004654,0.171997,-1.764848
3.969000,-0.007848,0.166735,-2.459800
3.970000,-0.008770,0.161802,-3.140940
3.971000,-0.010614,0.155224,-3.803005
3.972000,-0.012359,0.146673,-4.446326
3.973000,-0.014170,0.137135,-5.064652
3.974000,-0.016014,0.127597,-5.655353
3.975000,-0.017496,0.116415,-6.212179
3.976000,-0.018714,0.104903,-6.726907
3.977000,-0.019735,0.092406,-7.184408
3.978000,-0.020657,0.078921,-7.579090
3.979000,-0.021513,0.065436,-7.895823
3.980000,-0.022007,0.051623,-8.130660
3.981000,-0.021974,0.037810,-8.277680
3.982000,-0.021908,0.023996,-8.325371
3.983000,-0.021809,0.009854,-8.289849
3.984000,-0.021184,-0.002973,-8.156972
3.985000,-0.020558,-0.015471,-7.937594
3.986000,-0.019636,-0.027311,-7.637306
3.987000,-0.018484,-0.039151,-7.265318
3.988000,-0.017298,-0.051320,-6.829524
3.989000,-0.016146,-0.059542,-6.341436
3.990000,-0.014829,-0.068751,-5.802699
3.991000,-0.013479,-0.076316,-5.224167
3.992000,-0.011964,-0.083880,-4.614721
3.993000,-0.010153,-0.089800,-3.981267
3.994000,-0.008704,-0.096707,-3.331698
3.995000,-0.007123,-0.099667,-2.661741
3.996000,-0.003765,-0.099996,-1.978629
3.997000,-0.006827,-0.108218,-1.291571
3.998000,0.000253,-0.099996,-0.587413
3.999000,0.000351,-0.104271,0.112797
4.000000,0.003447,-0.099996,0.830108
4.001000,0.003842,-0.099338,1.541498
4.002000,0.005982,-0.095720,2.240390
4.003000,0.008024,-0.090129,2.917574
4.004000,0.010032,-0.083880,3.575025
4.005000,0.011909,-0.075658,4.219648
4.006000,0.013655,-0.067107,4.841907
4.007000,0.015169,-0.057569,5.444104
4.008000,0.016816,-0.046715,6.016701
4.009000,0.018297,-0.035533,6.541609
4.010000,0.019450,-0.022706,6.999424
4.011000,0.020372,-0.010209,7.403630
4.012000,0.021195,0.003276,7.758831
4.013000,0.021755,0.016103,8.033455
4.014000,0.022018,0.030903,8.215331
4.015000,0.022018,0.044716,8.304789
4.016000,0.021821,0.058530,8.301829
4.017000,0.021195,0.071028,8.205136
4.018000,0.020602,0.084512,8.022272
4.019000,0.019878,0.096352,7.751267
4.020000,0.018923,0.108521,7.406590
4.021000,0.017804,0.119046,6.990544
4.022000,0.016618,0.129570,6.520231
4.023000,0.015235,0.139108,5.999928
4.024000,0.013753,0.147330,5.436869
4.025000,0.012272,0.154895,4.838618
4.026000,0.010856,0.161144,4.213399
4.027000,0.009209,0.166406,3.564829
4.028000,0.007497,0.171339,2.901130
4.029000,0.005686,0.174957,2.226248
4.030000,0.004566,0.178246,1.540512
4.031000,0.003348,0.177259,0.858393
4.032000,0.000582,0.178575,0.157855
4.033000,-0.001822,0.171997,-0.551235
4.034000,-0.006893,0.170024,-1.258682
4.035000,-0.003929,0.172655,-1.968104
4.036000,-0.007156,0.166077,-2.662398
4.037000,-0.009066,0.159170,-3.335645
4.038000,-0.011108,0.152264,-3.991462
4.039000,-0.013149,0.144699,-4.627548
4.040000,-0.014730,0.134504,-5.239626
4.041000,-0.016277,0.124966,-5.822762
4.042000,-0.017759,0.113455,-6.367090
4.043000,-0.019011,0.100957,-6.866690
4.044000,-0.020097,0.088130,-7.306102
4.045000,-0.021052,0.075303,-7.679405
4.046000,-0.021678,0.061819,-7.973444
4.047000,-0.021875,0.047676,-8.182298
4.048000,-0.021941,0.033863,-8.301032
4.049000,-0.021809,0.020049,-8.327344
4.050000,-0.021612,0.006894,-8.261563
4.051000,-0.021085,-0.006262,-8.102374
4.052000,-0.020295,-0.018431,-7.858657
4.053000,-0.019241,-0.030600,-7.536333
4.054000,-0.018089,-0.042440,-7.145269
4.055000,-0.017199,-0.052964,-6.694346
4.056000,-0.015882,-0.062502,-6.179289
4.057000,-0.014466,-0.070396,-5.640223
4.058000,-0.012919,-0.079276,-5.051825
4.059000,-0.011272,-0.086511,-4.434157
4.060000,-0.009593,-0.091774,-3.792152
4.061000,-0.007519,-0.096049,-3.136993
4.062000,-0.006695,-0.099667,-2.460786
4.063000,-0.004324,-0.101311,-1.780964
4.064000,-0.006070,-0.107560,-1.094236
4.065000,0.003941,-0.107560,-0.398958
4.066000,0.001998,-0.104271,0.325918
4.067000,0.003447,-0.103285,1.029416
4.068000,0.004566,-0.098680,1.745410
4.069000,0.006476,-0.094405,2.436408
4.070000,0.008551,-0.087827,3.108659
4.071000,0.010428,-0.081907,3.763807
4.072000,0.012436,-0.073685,4.399551
4.073000,0.014050,-0.065133,5.019508
4.074000,0.015564,-0.054938,5.611838
4.075000,0.017145,-0.043427,6.172266
4.076000,0.018561,-0.031586,6.678756
4.077000,0.019648,-0.019089,7.121442
4.078000,0.020668,-0.006262,7.510519
4.079000,0.021393,0.007223,7.847632
4.080000,0.022084,0.020707,8.093971
4.081000,0.021854,0.034850,8.251509
4.082000,0.021985,0.048334,8.313669
4.083000,0.021557,0.062148,8.284398
4.084000,0.021129,0.075303,8.160735
4.085000,0.020240,0.088130,7.951561
4.086000,0.019648,0.100299,7.659177
4.087000,0.018495,0.111481,7.294767
4.088000,0.017408,0.122335,6.861948
4.089000,0.016256,0.132201,6.376177
4.090000,0.014939,0.141739,5.839758
4.091000,0.013457,0.149962,5.266833
4.092000,0.012436,0.156210,4.662005
4.093000,0.010296,0.162788,4.030537
4.094000,0.008748,0.168708,3.377033
4.095000,0.007102,0.172326,2.707414
4.096000,0.005554,0.174957,2.029900
4.097000,0.002591,0.177917,1.345151
4.098000,0.004435,0.181535,0.658756
4.099000,-0.000175,0.177917,-0.072698
4.100000,-0.000768,0.179891,-0.745610
4.101000,-0.002941,0.174299,-1.465556
4.102000,-0.005181,0.170024,-2.169387
4.103000,-0.007881,0.164104,-2.858090
4.104000,-0.010186,0.157855,-3.528378
4.105000,-0.011865,0.150290,-4.178933
4.106000,-0.013479,0.141410,-4.805152
4.107000,-0.015191,0.132201,-5.409995
4.108000,-0.016673,0.121348,-5.984251
4.109000,-0.018220,0.109508,-6.516411
4.110000,-0.019537,0.097668,-6.999895
4.111000,-0.020558,0.084512,-7.420230
4.112000,-0.021316,0.071357,-7.773142
4.113000,-0.021678,0.057543,-8.042843
4.114000,-0.021875,0.043730,-8.226371
4.115000,-0.021974,0.029587,-8.318135
4.116000,-0.021875,0.016103,-8.318135
4.117000,-0.021381,0.002618,-8.225055
4.118000,-0.020789,-0.010209,-8.042185
4.119000,-0.019900,-0.022378,-7.774458
4.120000,-0.018879,-0.034547,-7.430097
4.121000,-0.017792,-0.045400,-7.020615
4.122000,-0.016673,-0.055596,-6.552590
4.123000,-0.014664,-0.064476,-6.037204
4.124000,-0.013907,-0.073356,-5.475774
4.125000,-0.012293,-0.080920,-4.878825
4.126000,-0.010746,-0.087498,-4.251290
4.127000,-0.009231,-0.093418,-3.604352
4.128000,-0.007519,-0.097694,-2.942616
4.129000,-0.005115,-0.100654,-2.270686
4.130000,-0.001723,-0.100654,-1.584286
4.131000,0.000154,-0.100983,-0.890323
4.132000,0.000779,-0.104271,-0.186494
4.133000,-0.002777,-0.104929,0.524897
4.134000,0.002525,-0.102627,1.242537
4.135000,0.005883,-0.097036,1.947349
4.136000,0.007332,-0.092760,2.630453
4.137000,0.009275,-0.086182,3.298757
4.138000,0.011119,-0.079934,3.948972
4.139000,0.012798,-0.071053,4.580111
4.140000,0.014511,-0.061844,5.192504
4.141000,0.016157,-0.051649,5.779243
4.142000,0.017705,-0.040138,6.326186
4.143000,0.018890,-0.027969,6.811628
4.144000,0.019944,-0.015800,7.239514
4.145000,0.020833,-0.002315,7.614119
4.146000,0.021393,0.011498,7.928868
4.147000,0.021887,0.024983,8.149224
4.148000,0.022018,0.039125,8.279465
4.149000,0.021887,0.052281,8.314985
4.150000,0.021426,0.066423,8.259074
4.151000,0.020800,0.078592,8.109100
4.152000,0.020174,0.092077,7.874272
4.153000,0.019285,0.103917,7.558866
4.154000,0.018330,0.113455,7.175709
4.155000,0.017046,0.124966,6.728418
4.156000,0.015564,0.135490,6.228177
4.157000,0.014511,0.144699,5.677616
4.158000,0.013029,0.151277,5.093837
4.159000,0.011547,0.158513,4.480458
4.160000,0.009835,0.164104,3.843728
4.161000,0.008188,0.169695,3.187593
4.162000,0.006542,0.173642,2.513697
4.163000,0.004961,0.176273,1.832895
4.164000,0.001142,0.175944,1.144528
4.165000,-0.002843,0.178575,0.457475
4.166000,-0.001855,0.177588,-0.243064
4.167000,-0.000702,0.178246,-0.951826
4.168000,-0.002250,0.175286,-1.665851
4.169000,-0.006662,0.168051,-2.369354
4.170000,-0.008539,0.163117,-3.053454
4.171000,-0.010581,0.155882,-3.717821
4.172000,-0.012030,0.148317,-4.360813
4.173000,-0.013972,0.139108,-4.982099
4.174000,-0.015685,0.128584,-5.578719
4.175000,-0.017232,0.118059,-6.141794
4.176000,-0.018648,0.106219,-6.661127
4.177000,-0.019735,0.094050,-7.128166
4.178000,-0.020591,0.080565,-7.530084
4.179000,-0.021250,0.067081,-7.860302
4.180000,-0.021809,0.053267,-8.106650
4.181000,-0.022073,0.039783,-8.264195
4.182000,-0.022073,0.025970,-8.325699
4.183000,-0.021678,0.012485,-8.299058
4.184000,-0.020986,-0.000671,-8.180982
4.185000,-0.020459,-0.013826,-7.969826
4.186000,-0.019801,-0.025995,-7.683681
4.187000,-0.018813,-0.037178,-7.317284
4.188000,-0.017529,-0.048031,-6.889713
4.189000,-0.016212,-0.058227,-6.407216
4.190000,-0.014993,-0.067436,-5.878675
4.191000,-0.013643,-0.076645,-5.307707
4.192000,-0.012063,-0.083551,-4.701879
4.193000,-0.010416,-0.089142,-4.067766
4.194000,-0.008704,-0.095063,-3.415567
4.195000,-0.007058,-0.099009,-2.748569
4.196000,-0.005740,-0.102627,-2.071705
4.197000,-0.005378,-0.108218,-1.389910
4.198000,-0.007189,-0.109534,-0.697592
4.199000,0.000022,-0.104600,0.017747
4.200000,0.004171,-0.099996,0.734730
4.201000,0.003282,-0.100983,1.449738
4.202000,0.005949,-0.096378,2.148958
4.203000,0.009473,-0.091445,2.825156
4.204000,0.009703,-0.084209,3.486882
4.205000,0.011580,-0.076645,4.133479
4.206000,0.013325,-0.068093,4.760672
4.207000,0.014972,-0.058884,5.365828
4.208000,0.016585,-0.048360,5.941056
4.209000,0.018067,-0.036849,6.475502
4.210000,0.019351,-0.024680,6.941868
4.211000,0.020240,-0.011853,7.352652
4.212000,0.021096,0.000974,7.713115
4.213000,0.021524,0.014787,7.998921
4.214000,0.021821,0.029258,8.196584
4.215000,0.021821,0.042743,8.299198
4.216000,0.021755,0.056556,8.308736
4.217000,0.021524,0.069712,8.225198
4.218000,0.020668,0.082539,8.050228
4.219000,0.020010,0.094708,7.791062
4.220000,0.018923,0.106877,7.455265
4.221000,0.017968,0.117730,7.051059
4.222000,0.016816,0.127926,6.561671
4.223000,0.015367,0.138121,6.073599
4.224000,0.013918,0.146344,5.514158
4.225000,0.012469,0.154237,4.919525
4.226000,0.011020,0.160815,4.296608
4.227000,0.009506,0.165748,3.651656
4.228000,0.007826,0.170682,2.997494
4.229000,0.005818,0.173971,2.320310
4.230000,0.004336,0.176931,1.634903
4.231000,0.005258,0.180548,0.946864
4.232000,0.001998,0.175615,0.252247
4.233000,-0.003666,0.172326,-0.452897
4.234000,0.000582,0.180877,-1.155739
4.235000,-0.003732,0.172984,-1.870094
4.236000,-0.007321,0.167393,-2.568992
4.237000,-0.009033,0.160815,-3.247830
4.238000,-0.010811,0.154237,-3.905950
4.239000,-0.012820,0.145686,-4.542364
4.240000,-0.014598,0.135490,-5.158059
4.241000,-0.016212,0.126281,-5.744813
4.242000,-0.017726,0.114441,-6.295061
4.243000,-0.018780,0.102930,-6.802883
4.244000,-0.019998,0.090432,-7.250188
4.245000,-0.020887,0.077277,-7.634346
4.246000,-0.021381,0.063134,-7.940554
4.247000,-0.022007,0.049650,-8.160590
4.248000,-0.022040,0.035836,-8.290507
4.249000,-0.021809,0.022023,-8.328660
4.250000,-0.021513,0.008538,-8.274062
4.251000,-0.021217,-0.004617,-8.128029
4.252000,-0.020920,-0.017773,-7.897468
4.253000,-0.019537,-0.029613,-7.587313
4.254000,-0.018220,-0.040467,-7.202826
4.255000,-0.017101,-0.051320,-6.757166
4.256000,-0.015849,-0.061516,-6.259869
4.257000,-0.014664,-0.070396,-5.716199
4.258000,-0.013775,-0.077631,-5.136352
4.259000,-0.011635,-0.084867,-4.526905
4.260000,-0.009955,-0.091116,-3.884571
4.261000,-0.008276,-0.096049,-3.227439
4.262000,-0.006432,-0.099667,-2.555179
4.263000,-0.004094,-0.101640,-1.873383
4.264000,-0.002579,-0.102627,-1.189944
4.265000,-0.005675,-0.108876,-0.463750
4.266000,0.000516,-0.104600,0.221331
4.267000,0.001471,-0.103285,0.938642
4.268000,0.004566,-0.099338,1.650032
4.269000,0.006311,-0.094734,2.342346
4.270000,0.008155,-0.089142,3.015912
4.271000,0.010263,-0.082565,3.673363
4.272000,0.012008,-0.074342,4.310751
4.273000,0.013951,-0.066449,4.933996
4.274000,0.015433,-0.055924,5.532246
4.275000,0.016947,-0.045400,6.098594
4.276000,0.018495,-0.033560,6.613636
4.277000,0.019516,-0.021062,7.064873
4.278000,0.020537,-0.008235,7.460528
4.279000,0.021162,0.005249,7.805862
4.280000,0.021623,0.019063,8.065357
4.281000,0.021920,0.032876,8.234078
4.282000,0.022018,0.047347,8.311038
4.283000,0.021590,0.060503,8.295909
4.284000,0.021195,0.073330,8.185402
4.285000,0.020471,0.086157,7.986752
4.286000,0.019680,0.098326,7.704893
4.287000,0.018726,0.110166,7.347061
4.288000,0.017606,0.121019,6.926081
4.289000,0.016421,0.130228,6.450507
4.290000,0.015070,0.140095,5.922310
4.291000,0.013523,0.148317,5.351686
4.292000,0.011975,0.155553,4.748503
4.293000,0.010658,0.162130,4.117693
4.294000,0.009012,0.167393,3.467807
4.295000,0.008715,0.171339,2.807067
4.296000,0.005291,0.174957,2.131198
4.297000,0.004072,0.178575,1.444147
4.298000,0.002854,0.178246,0.752819
4.299000,0.000286,0.178246,0.053596
4.300000,-0.003073,0.179891,-0.644969
4.301000,-0.001427,0.177259,-1.354061
4.302000,-0.004357,0.171339,-2.065456
4.303000,-0.007519,0.165748,-2.759751
4.304000,-0.009560,0.159170,-3.432011
4.305000,-0.011536,0.151606,-4.086184
4.306000,-0.013380,0.143055,-4.716350
4.307000,-0.015059,0.133517,-5.324481
4.308000,-0.016508,0.123321,-5.901369
4.309000,-0.017825,0.111481,-6.441422
4.310000,-0.019208,0.098983,-6.932799
4.311000,-0.020426,0.086486,-7.364975
4.312000,-0.021217,0.073330,-7.726767
4.313000,-0.021645,0.059845,-8.009952
4.314000,-0.021875,0.045374,-8.206308
4.315000,-0.022007,0.031232,-8.313201
4.316000,-0.021941,0.018405,-8.324055
4.317000,-0.021579,0.004592,-8.243474
4.318000,-0.020986,-0.008235,-8.072773
4.319000,-0.020229,-0.020404,-7.820175
4.320000,-0.018978,-0.032244,-7.481735
4.321000,-0.017957,-0.043755,-7.086724
4.322000,-0.016738,-0.054280,-6.626921
4.323000,-0.015685,-0.063160,-6.112851
4.324000,-0.014302,-0.071711,-5.559314
4.325000,-0.012952,-0.079934,-4.968614
4.326000,-0.011042,-0.086511,-4.346012
4.327000,-0.009659,-0.092760,-3.704666
4.328000,-0.008177,-0.097365,-3.042600
4.329000,-0.006399,-0.100654,-2.367381
4.330000,-0.003271,-0.101640,-1.681967
4.331000,-0.001097,-0.103285,-0.988333
4.332000,-0.001855,-0.102956,-0.298975
4.333000,0.000714,-0.107560,0.416692
4.334000,0.002755,-0.099996,1.135976
4.335000,0.004863,-0.098351,1.843748
4.336000,0.006805,-0.093418,2.532444
4.337000,0.008880,-0.087827,3.200748
4.338000,0.010592,-0.081249,3.850963
4.339000,0.012469,-0.072369,4.486707
4.340000,0.014181,-0.063160,5.103703
4.341000,0.015861,-0.053622,5.693402
4.342000,0.017441,-0.042111,6.248897
4.343000,0.018791,-0.029942,6.744863
4.344000,0.019878,-0.017773,7.178669
4.345000,0.020701,-0.004617,7.562155
4.346000,0.021228,0.008538,7.888414
4.347000,0.021920,0.023009,8.123571
4.348000,0.021985,0.036823,8.265323
4.349000,0.021788,0.050636,8.315314
4.350000,0.021524,0.063792,8.273874
4.351000,0.020932,0.077277,8.140673
4.352000,0.020306,0.089774,7.917685
4.353000,0.019318,0.101615,7.612804
4.354000,0.018561,0.112797,7.237540
4.355000,0.017343,0.123650,6.797485
4.356000,0.016025,0.133517,6.305795
4.357000,0.014609,0.142068,5.768060
4.358000,0.013095,0.150948,5.187899
4.359000,0.011646,0.157855,4.574191
4.360000,0.010032,0.163446,3.937132
4.361000,0.008551,0.168379,3.283628
4.362000,0.006542,0.172655,2.618284
4.363000,0.004830,0.175944,1.910184
4.364000,0.003117,0.178904,1.254706
4.365000,0.005422,0.177917,0.558115
4.366000,-0.000439,0.177588,-0.141107
4.367000,-0.006564,0.170682,-0.846580
4.368000,-0.006597,0.170353,-1.557645
4.369000,-0.006300,0.169037,-2.266739
4.370000,-0.008045,0.163775,-2.948207
4.371000,-0.009889,0.156868,-3.616522
4.372000,-0.011931,0.148975,-4.264117
4.373000,-0.013808,0.140424,-4.889679
4.374000,-0.015553,0.130557,-5.488601
4.375000,-0.017035,0.119375,-6.056280
4.376000,-0.018319,0.108192,-6.584164
4.377000,-0.019537,0.096023,-7.060083
4.378000,-0.020624,0.082539,-7.473184
4.379000,-0.021447,0.069712,-7.813926
4.380000,-0.021875,0.055570,-8.073102
4.381000,-0.021941,0.041427,-8.245776
4.382000,-0.021908,0.027614,-8.325042
4.383000,-0.021612,0.014129,-8.311228
4.384000,-0.021546,0.001303,-8.205321
4.385000,-0.020624,-0.011853,-8.010610
4.386000,-0.019768,-0.023364,-7.734332
4.387000,-0.018714,-0.035204,-7.384709
4.388000,-0.017660,-0.046715,-6.966018
4.389000,-0.016607,-0.056582,-6.488125
4.390000,-0.015355,-0.065791,-5.964846
4.391000,-0.013841,-0.074342,-5.396839
4.392000,-0.012227,-0.082236,-4.797916
4.393000,-0.009692,-0.088156,-4.173342
4.394000,-0.009198,-0.094076,-3.526075
4.395000,-0.007683,-0.097694,-2.858090
4.396000,-0.004950,-0.100325,-2.179911
4.397000,-0.000933,-0.100654,-1.491867
4.398000,-0.006761,-0.109863,-0.807771
4.399000,-0.000505,-0.104600,-0.094076
4.400000,0.004500,-0.103285,0.614356
4.401000,0.004500,-0.099996,1.331337
4.402000,0.005521,-0.097036,2.037136
4.403000,0.007530,-0.092102,2.718596
4.404000,0.009407,-0.085196,3.382295
4.405000,0.011251,-0.078947,4.029879
4.406000,0.012897,-0.070725,4.658716
4.407000,0.014708,-0.060200,5.268477
4.408000,0.016388,-0.050004,5.850941
4.409000,0.017869,-0.038822,6.392622
4.410000,0.018956,-0.026653,6.869512
4.411000,0.020109,-0.013497,7.289834
4.412000,0.020833,-0.000342,7.658191
4.413000,0.021590,0.012814,7.961757
4.414000,0.021920,0.026627,8.169944
4.415000,0.022018,0.040770,8.288674
4.416000,0.021821,0.054254,8.312354
4.417000,0.021360,0.067410,8.245589
4.418000,0.020833,0.080565,8.088379
4.419000,0.020010,0.093392,7.841712
4.420000,0.019285,0.105232,7.513150
4.421000,0.018067,0.116086,7.118153
4.422000,0.016914,0.126610,6.665600
4.423000,0.015597,0.136806,6.159768
4.424000,0.014280,0.146673,5.610851
4.425000,0.012798,0.152593,5.020494
4.426000,0.011350,0.159170,4.402182
4.427000,0.009703,0.164762,3.757558
4.428000,0.008155,0.169695,3.099450
4.429000,0.006246,0.173971,2.428515
4.430000,0.004500,0.177917,1.749357
4.431000,0.000977,0.176602,1.063620
4.432000,-0.002546,0.181206,0.366043
4.433000,0.002294,0.173642,-0.335482
4.434000,-0.004028,0.174628,-1.047862
4.435000,-0.006926,0.170024,-1.754323
4.436000,-0.004884,0.168379,-2.454866
4.437000,-0.008671,0.161473,-3.134033
4.438000,-0.010416,0.154895,-3.798730
4.439000,-0.012392,0.146673,-4.439748
4.440000,-0.014302,0.137464,-5.059390
4.441000,-0.015981,0.127597,-5.651406
4.442000,-0.017463,0.116415,-6.208232
4.443000,-0.018615,0.104575,-6.721645
4.444000,-0.019834,0.092077,-7.180790
4.445000,-0.020789,0.078921,-7.574156
4.446000,-0.021513,0.065765,-7.894836
4.447000,-0.022007,0.051623,-8.129344
4.448000,-0.021875,0.038138,-8.276693
4.449000,-0.022007,0.024325,-8.330304
4.450000,-0.021513,0.010512,-8.293138
4.451000,-0.021283,-0.002315,-8.160590
4.452000,-0.020525,-0.015471,-7.941541
4.453000,-0.019702,-0.027640,-7.643226
4.454000,-0.018220,-0.038822,-7.272882
4.455000,-0.017298,-0.049347,-6.839062
4.456000,-0.016080,-0.060200,-6.349330
4.457000,-0.014796,-0.069080,-5.811251
4.458000,-0.013347,-0.076973,-5.233048
4.459000,-0.011964,-0.083551,-4.625574
4.460000,-0.009922,-0.089471,-3.990805
4.461000,-0.008572,-0.095063,-3.317556
4.462000,-0.007025,-0.099338,-2.669963
4.463000,-0.005773,-0.102956,-1.989153
4.464000,-0.005839,-0.106574,-1.297820
4.465000,-0.001361,-0.108547,-0.608791
4.466000,0.000351,-0.103943,0.102601
4.467000,0.000417,-0.104600,0.824188
4.468000,0.004105,-0.100325,1.529000
4.469000,0.006114,-0.096049,2.226905
4.470000,0.007925,-0.090458,2.904747
4.471000,0.009835,-0.084538,3.566145
4.472000,0.011679,-0.076316,4.207808
4.473000,0.013523,-0.067436,4.831383
4.474000,0.015202,-0.057898,5.433251
4.475000,0.016684,-0.047044,6.006176
4.476000,0.018133,-0.035533,6.531742
4.477000,0.019252,-0.023035,6.992517
4.478000,0.020306,-0.010866,7.398039
4.479000,0.021096,0.002618,7.753898
4.480000,0.021755,0.016103,8.029508
4.481000,0.021722,0.029916,8.212042
4.482000,0.021985,0.044716,8.305447
4.483000,0.021722,0.057214,8.303145
4.484000,0.021261,0.070699,8.209740
4.485000,0.020734,0.083854,8.027535
4.486000,0.019911,0.096352,7.759818
4.487000,0.018824,0.107863,7.413496
4.488000,0.017540,0.119375,7.002384
4.489000,0.016453,0.129570,6.532400
4.490000,0.015268,0.138450,6.012754
4.491000,0.016190,0.147001,5.452326
4.492000,0.012337,0.154566,4.856378
4.493000,0.010823,0.160815,4.228857
4.494000,0.009110,0.166735,3.580945
4.495000,0.007596,0.171668,2.917574
4.496000,0.006114,0.174299,2.242034
4.497000,0.006114,0.176602,1.562876
4.498000,0.003249,0.178575,0.877139
4.499000,0.000878,0.177917,0.174299
4.500000,-0.005115,0.171668,-0.535119
4.501000,-0.001657,0.176931,-1.232371
4.502000,-0.004588,0.171339,-1.948699
4.503000,-0.006893,0.165748,-2.642007
4.504000,-0.009494,0.160157,-3.318214
4.505000,-0.011207,0.152593,-3.974360
4.506000,-0.012985,0.144699,-4.610445
4.507000,-0.014631,0.135490,-5.224167
4.508000,-0.016146,0.124637,-5.807633
4.509000,-0.017825,0.113455,-6.352948
4.510000,-0.019175,0.100957,-6.851889
4.511000,-0.020229,0.088459,-7.294919
4.512000,-0.020953,0.075632,-7.669209
4.513000,-0.021447,0.061819,-7.966866
4.514000,-0.021974,0.048005,-8.177693
4.515000,-0.021941,0.034192,-8.300374
4.516000,-0.021974,0.020049,-8.318793
4.517000,-0.021513,0.007223,-8.265510
4.518000,-0.020887,-0.006262,-8.109939
4.519000,-0.020163,-0.019089,-7.868195
4.520000,-0.019439,-0.030929,-7.548502
4.521000,-0.018385,-0.041782,-7.160398
4.522000,-0.017199,-0.052307,-6.700924
4.523000,-0.015619,-0.061844,-6.208561
4.524000,-0.014269,-0.071053,-5.658971
4.525000,-0.013018,-0.078947,-5.072217
4.526000,-0.011635,-0.085525,-4.455864
4.527000,-0.010087,-0.091116,-3.816490
4.528000,-0.008111,-0.099009,-3.163304
4.529000,-0.006531,-0.100654,-2.488085
4.530000,-0.002711,-0.100983,-1.805302
4.531000,-0.006992,-0.108876,-1.117258
4.532000,-0.006465,-0.102956,-0.407509
4.533000,-0.001262,-0.101640,0.289411
4.534000,0.001570,-0.103614,1.010669
4.535000,0.004863,-0.099996,1.719428
4.536000,0.006740,-0.094405,2.412070
4.537000,0.008254,-0.088485,3.085308
4.538000,0.010395,-0.081907,3.741443
4.539000,0.012173,-0.073685,4.378173
4.540000,0.014116,-0.065133,4.996814
4.541000,0.015630,-0.054938,5.591776
4.542000,0.017145,-0.044413,6.155164
4.543000,0.018429,-0.032244,6.663627
4.544000,0.019615,-0.020075,7.107957
4.545000,0.020701,-0.006262,7.498021
4.546000,0.021294,0.006565,7.837765
4.547000,0.021722,0.020378,8.087722
4.548000,0.021854,0.033863,8.247234
4.549000,0.021887,0.048334,8.313669
4.550000,0.021590,0.061490,8.287358
4.551000,0.021228,0.074974,8.170931
4.552000,0.020668,0.087143,7.964059
4.553000,0.019615,0.099641,7.675622
4.554000,0.018528,0.111152,7.310883
4.555000,0.017408,0.121677,6.881352
4.556000,0.016223,0.131872,6.396240
4.557000,0.014873,0.141081,5.863109
4.558000,0.013490,0.148646,5.293802
4.559000,0.011876,0.156539,4.691276
4.560000,0.010296,0.162459,4.056848
4.561000,0.008682,0.168051,3.403344
4.562000,0.007299,0.171997,2.737014
4.563000,0.005587,0.174628,2.057856
4.564000,0.002426,0.178246,1.378369
4.565000,0.003677,0.181206,0.691316
4.566000,-0.000044,0.177917,-0.013497
4.567000,-0.004687,0.171668,-0.720286
4.568000,-0.001624,0.175615,-1.431022
4.569000,-0.006037,0.169695,-2.137813
4.570000,-0.008605,0.164433,-2.825201
4.571000,-0.009692,0.158513,-3.505355
4.572000,-0.011700,0.150948,-4.147359
4.573000,-0.013314,0.142068,-4.777854
4.574000,-0.014993,0.132201,-5.382038
4.575000,-0.016771,0.121677,-5.956953
4.576000,-0.018220,0.109837,-6.492072
4.577000,-0.019439,0.097997,-6.977200
4.578000,-0.020394,0.085170,-7.403128
4.579000,-0.021151,0.072014,-7.759000
4.580000,-0.021645,0.057872,-8.032976
4.581000,-0.022040,0.044716,-8.220121
4.582000,-0.022172,0.030574,-8.317148
4.583000,-0.021777,0.019392,-8.320108
4.584000,-0.021184,0.003605,-8.233606
4.585000,-0.020723,-0.009222,-8.051394
4.586000,-0.020031,-0.022049,-7.788930
4.587000,-0.019011,-0.034218,-7.449174
4.588000,-0.017957,-0.044742,-7.042981
4.589000,-0.016804,-0.055596,-6.581862
4.590000,-0.015355,-0.063818,-6.064503
4.591000,-0.013874,-0.073685,-5.504060
4.592000,-0.012589,-0.081249,-4.907439
4.593000,-0.011239,-0.087169,-4.283851
4.594000,-0.009725,-0.092760,-3.639215
4.595000,-0.009461,-0.098680,-2.978795
4.596000,-0.005609,-0.100654,-2.303904
4.597000,-0.006860,-0.105916,-1.617833
4.598000,0.001932,-0.099996,-0.919594
4.599000,-0.000307,-0.107560,-0.220370
4.600000,0.004237,-0.101969,0.487404
4.601000,0.001109,-0.103285,1.203399
4.602000,0.005291,-0.098351,1.907553
4.603000,0.007299,-0.093747,2.596249
4.604000,0.009012,-0.087169,3.263895
4.605000,0.010823,-0.079934,3.914439
4.606000,0.012667,-0.071382,4.548538
4.607000,0.014544,-0.062173,5.160601
4.608000,0.016124,-0.051978,5.747011
4.609000,0.017507,-0.040795,6.299875
4.610000,0.018824,-0.029284,6.788605
4.611000,0.019944,-0.016129,7.219780
4.612000,0.020899,-0.002973,7.597017
4.613000,0.021426,0.011169,7.915054
4.614000,0.021821,0.024325,8.140673
4.615000,0.021985,0.037810,8.275518
4.616000,0.021788,0.051294,8.315314
4.617000,0.021524,0.065436,8.263020
4.618000,0.020965,0.078592,8.120940
4.619000,0.020306,0.090432,7.890716
4.620000,0.019285,0.102272,7.575639
4.621000,0.018265,0.114112,7.198073
4.622000,0.017112,0.123979,6.754072
4.623000,0.015927,0.134833,6.253502
4.624000,0.014544,0.143384,5.711162
4.625000,0.013062,0.151606,5.128699
4.626000,0.011415,0.158184,4.519267
4.627000,0.009999,0.164104,3.877932
4.628000,0.008320,0.169037,3.221797
4.629000,0.006674,0.173313,2.551191
4.630000,0.005027,0.174957,1.871375
4.631000,0.002623,0.177917,1.186626
4.632000,0.004698,0.179233,0.492008
4.633000,-0.000406,0.177917,-0.206886
4.634000,-0.005016,0.172326,-0.913016
4.635000,-0.002974,0.173642,-1.630660
4.636000,-0.006728,0.167064,-2.330544
4.637000,-0.008638,0.162788,-3.013986
4.638000,-0.010350,0.156210,-3.680327
4.639000,-0.012129,0.148646,-4.323647
4.640000,-0.013841,0.139437,-4.948880
4.641000,-0.015553,0.129241,-5.545501
4.642000,-0.017134,0.118388,-6.111207
4.643000,-0.018615,0.107206,-6.633170
4.644000,-0.019702,0.094708,-7.102841
4.645000,-0.020657,0.080565,-7.508705
4.646000,-0.021283,0.068068,-7.843856
4.647000,-0.021744,0.053925,-8.093165
4.648000,-0.022139,0.040112,-8.255643
4.649000,-0.022139,0.026298,-8.325042
4.650000,-0.021217,0.013472,-8.304650
4.651000,-0.021217,-0.000342,-8.192822
4.652000,-0.020426,-0.013169,-7.987587
4.653000,-0.019603,-0.025666,-7.701442
4.654000,-0.018879,-0.037178,-7.339978
4.655000,-0.017792,-0.048360,-6.915367
4.656000,-0.016640,-0.058227,-6.439448
4.657000,-0.014894,-0.067107,-5.911236
4.658000,-0.013511,-0.075658,-5.340268
4.659000,-0.012063,-0.082894,-4.735426
4.660000,-0.010680,-0.089142,-4.105260
4.661000,-0.008934,-0.093747,-3.453718
4.662000,-0.008177,-0.099667,-2.789680
4.663000,-0.006465,-0.102956,-2.081243
4.664000,-0.001163,-0.100983,-1.427075
4.665000,-0.006399,-0.106903,-0.737059
4.666000,-0.000110,-0.104600,-0.023035
4.667000,0.001866,-0.101640,0.689672
4.668000,0.002689,-0.100325,1.404680
4.669000,0.005818,-0.097036,2.112452
4.670000,0.007596,-0.091445,2.784045
4.671000,0.009440,-0.085525,3.448402
4.672000,0.011382,-0.077960,4.094670
4.673000,0.013391,-0.068751,4.722520
4.674000,0.014906,-0.059542,5.328993
4.675000,0.016453,-0.049018,5.905865
4.676000,0.017902,-0.038164,6.443929
4.677000,0.019121,-0.025666,6.914241
4.678000,0.020207,-0.012840,7.329958
4.679000,0.021129,0.000645,7.693053
4.680000,0.021524,0.013801,7.985437
4.681000,0.021821,0.028272,8.186718
4.682000,0.021953,0.042085,8.295909
4.683000,0.021821,0.055570,8.310052
4.684000,0.021459,0.068725,8.231118
4.685000,0.020800,0.081552,8.063384
4.686000,0.019944,0.093721,7.810796
4.687000,0.019088,0.105890,7.481906
4.688000,0.018034,0.117072,7.079344
4.689000,0.016816,0.127597,6.619227
4.690000,0.015564,0.136806,6.105830
4.691000,0.014017,0.146015,5.550335
4.692000,0.012634,0.153250,4.958005
4.693000,0.010493,0.160486,4.340351
4.694000,0.009604,0.166077,3.697372
4.695000,0.007925,0.170353,3.035646
4.696000,0.006147,0.173642,2.360435
4.697000,0.004566,0.176602,1.678317
4.698000,0.002525,0.177588,0.985016
4.699000,-0.000999,0.180877,0.293687
4.700000,0.001537,0.180220,-0.403563
4.701000,0.000714,0.179233,-1.110023
4.702000,-0.003798,0.173642,-1.823720
4.703000,-0.007090,0.167722,-2.526565
4.704000,-0.008967,0.161144,-3.204087
4.705000,-0.010350,0.154237,-3.863522
4.706000,-0.012524,0.146015,-4.499607
4.707000,-0.014368,0.136477,-5.119907
4.708000,-0.016080,0.126610,-5.708305
4.709000,-0.017496,0.114770,-6.263158
4.710000,-0.018813,0.103588,-6.771309
4.711000,-0.019834,0.091419,-7.223218
4.712000,-0.020789,0.077277,-7.610994
4.713000,-0.021546,0.064779,-7.922464
4.714000,-0.021974,0.050307,-8.149736
4.715000,-0.022172,0.036165,-8.284587
4.716000,-0.022040,0.023009,-8.329317
4.717000,-0.021645,0.008867,-8.282284
4.718000,-0.021052,-0.003960,-8.144474
4.719000,-0.020459,-0.016786,-7.917531
4.720000,-0.019472,-0.028626,-7.608362
4.721000,-0.018517,-0.040138,-7.228810
4.722000,-0.017035,-0.050004,-6.786767
4.723000,-0.015816,-0.060529,-6.294404
4.724000,-0.014565,-0.068093,-5.755338
4.725000,-0.013347,-0.077631,-5.176148
4.726000,-0.011832,-0.084209,-4.561769
4.727000,-0.010219,-0.090787,-3.923710
4.728000,-0.008572,-0.095720,-3.268551
4.729000,-0.007222,-0.100325,-2.599580
4.730000,-0.004753,-0.103285,-1.922388
4.731000,-0.003699,-0.104600,-1.226451
4.732000,0.000516,-0.099009,-0.523608
4.733000,0.000417,-0.103943,0.174957
4.734000,0.004500,-0.100654,0.890295
4.735000,0.004105,-0.099996,1.604316
4.736000,0.005850,-0.095720,2.297617
4.737000,0.008287,-0.090129,2.971512
4.738000,0.009967,-0.083222,3.630607
4.739000,0.011942,-0.075658,4.273915
4.740000,0.013687,-0.066778,4.895516
4.741000,0.015400,-0.056911,5.494753
4.742000,0.016980,-0.046058,6.062417
4.743000,0.018232,-0.034547,6.582720
4.744000,0.019450,-0.022378,7.036588
4.745000,0.020372,-0.008893,7.436848
4.746000,0.021228,0.004592,7.785142
4.747000,0.021689,0.018405,8.052530
4.748000,0.021821,0.032218,8.226513
4.749000,0.021854,0.045703,8.309394
4.750000,0.021722,0.058859,8.297554
4.751000,0.021327,0.072343,8.194940
4.752000,0.020602,0.085499,8.000566
4.753000,0.019779,0.097997,7.722982
4.754000,0.018791,0.108850,7.374358
4.755000,0.017672,0.120361,6.941868
4.756000,0.016289,0.130228,6.480764
4.757000,0.015070,0.139766,5.954541
4.758000,0.013655,0.147988,5.386220
4.759000,0.012403,0.155224,4.785009
4.760000,0.010592,0.161802,4.160119
4.761000,0.008913,0.167393,3.514838
4.762000,0.007266,0.171997,2.846863
4.763000,0.005785,0.174299,2.169021
4.764000,0.003414,0.176602,1.486245
4.765000,0.004928,0.181206,0.795575
4.766000,0.000253,0.178246,0.098654
4.767000,0.002953,0.178575,-0.595636
4.768000,-0.000143,0.178246,-1.312949
4.769000,-0.003962,0.171997,-2.023358
4.770000,-0.007486,0.165419,-2.719297
4.771000,-0.009461,0.159170,-3.392544
4.772000,-0.011470,0.151606,-4.046388
4.773000,-0.013281,0.144041,-4.678198
4.774000,-0.014894,0.134504,-5.287645
4.775000,-0.016442,0.123979,-5.867163
4.776000,-0.017825,0.112139,-6.410834
4.777000,-0.019175,0.099970,-6.904513
4.778000,-0.020262,0.086814,-7.339978
4.779000,-0.021151,0.073988,-7.706704
4.780000,-0.021645,0.060174,-7.995152
4.781000,-0.021875,0.046690,-8.196112
4.782000,-0.021908,0.032218,-8.307610
4.783000,-0.021809,0.019392,-8.325371
4.784000,-0.021546,0.005578,-8.251038
4.785000,-0.021645,-0.007577,-8.087902
4.786000,-0.020130,-0.020075,-7.837936
4.787000,-0.019043,-0.031258,-7.509034
4.788000,-0.017957,-0.043098,-7.110076
4.789000,-0.016870,-0.054280,-6.654878
4.790000,-0.015685,-0.063489,-6.144754
4.791000,-0.013577,-0.071711,-5.593849
4.792000,-0.012820,-0.079276,-5.007424
4.793000,-0.011141,-0.085854,-4.385809
4.794000,-0.009626,-0.091774,-3.740186
4.795000,-0.008012,-0.096707,-3.081081
4.796000,-0.007321,-0.101311,-2.407177
4.797000,-0.007288,-0.105258,-1.724723
4.798000,0.000779,-0.100325,-1.006093
4.799000,-0.005411,-0.100654,-0.333509
4.800000,0.000022,-0.106245,0.382159
4.801000,0.002722,-0.100983,1.096510
4.802000,0.004731,-0.098023,1.803624
4.803000,0.006509,-0.093747,2.491004
4.804000,0.008781,-0.088156,3.163584
4.805000,0.010658,-0.081249,3.814127
4.806000,0.012469,-0.073356,4.451515
4.807000,0.014083,-0.063818,5.068183
4.808000,0.015696,-0.053622,5.660842
4.809000,0.017277,-0.042769,6.217324
4.810000,0.018627,-0.030600,6.718552
4.811000,0.019812,-0.017773,7.154989
4.812000,0.020635,-0.005604,7.541435
4.813000,0.021261,0.008209,7.870983
4.814000,0.021689,0.022023,8.112060
4.815000,0.021985,0.036165,8.259403
4.816000,0.021953,0.049321,8.315972
4.817000,0.021722,0.063134,8.278478
4.818000,0.021031,0.075961,8.148566
4.819000,0.020306,0.088788,7.930841
4.820000,0.019516,0.101286,7.630235
4.821000,0.018363,0.112797,7.260234
4.822000,0.017343,0.123650,6.825112
4.823000,0.016091,0.132859,6.337040
4.824000,0.014642,0.142068,5.796674
4.825000,0.013161,0.150290,5.218815
4.826000,0.011745,0.157855,4.608725
4.827000,0.010296,0.163446,3.975612
4.828000,0.009341,0.168708,3.323424
4.829000,0.006937,0.172655,2.658080
4.830000,0.004896,0.175615,1.975962
4.831000,0.003282,0.178904,1.288253
4.832000,-0.002085,0.175286,0.591662
4.833000,-0.000274,0.177917,-0.101311
4.834000,0.002755,0.180877,-0.797904
4.835000,-0.007025,0.170024,-1.515547
4.836000,-0.006794,0.168379,-2.222010
4.837000,-0.008045,0.164433,-2.912687
4.838000,-0.009889,0.157855,-3.580343
4.839000,-0.011766,0.149962,-4.229254
4.840000,-0.013314,0.140753,-4.855802
4.841000,-0.015388,0.130557,-5.465907
4.842000,-0.017068,0.120361,-6.026679
4.843000,-0.018385,0.108850,-6.556537
4.844000,-0.019439,0.096352,-7.036074
4.845000,-0.020394,0.083197,-7.452134
4.846000,-0.021316,0.069712,-7.797810
4.847000,-0.021809,0.056228,-8.058630
4.848000,-0.022040,0.042414,-8.237882
4.849000,-0.022007,0.028601,-8.322739
4.850000,-0.021612,0.014787,-8.315175
4.851000,-0.021348,0.002289,-8.212228
4.852000,-0.020624,-0.011524,-8.024424
4.853000,-0.020031,-0.022706,-7.753079
4.854000,-0.018945,-0.034875,-7.404114
4.855000,-0.017693,-0.045729,-6.985423
4.856000,-0.016640,-0.056582,-6.514109
4.857000,-0.015290,-0.066120,-5.991816
4.858000,-0.013972,-0.074671,-5.429729
4.859000,-0.012458,-0.079934,-4.833437
4.860000,-0.010680,-0.087827,-4.205574
4.861000,-0.009066,-0.093747,-3.556005
4.862000,-0.007551,-0.098351,-2.891638
4.863000,-0.005246,-0.100654,-2.216089
4.864000,-0.001493,-0.100654,-1.531005
4.865000,-0.004983,-0.109205,-0.843291
4.866000,-0.000143,-0.104929,-0.137490
4.867000,-0.001328,-0.107232,0.570613
4.868000,0.003809,-0.099667,1.296146
4.869000,0.005324,-0.097036,2.000629
4.870000,0.007332,-0.092102,2.683405
4.871000,0.008485,-0.085854,3.347433
4.872000,0.011152,-0.078618,3.996003
4.873000,0.013128,-0.070725,4.625827
4.874000,0.014577,-0.061844,5.238877
4.875000,0.016223,-0.050991,5.820683
4.876000,0.017639,-0.039480,6.364995
4.877000,0.019022,-0.027640,6.846161
4.878000,0.020043,-0.014813,7.267798
4.879000,0.020800,-0.001986,7.640760
4.880000,0.021459,0.012156,7.948601
4.881000,0.021788,0.025641,8.163695
4.882000,0.021985,0.039783,8.283740
4.883000,0.021854,0.053267,8.315314
4.884000,0.021426,0.066752,8.253482
4.885000,0.020800,0.079908,8.098246
4.886000,0.020141,0.092077,7.855525
4.887000,0.019187,0.104246,7.534857
4.888000,0.018232,0.115428,7.143149
4.889000,0.017013,0.125624,6.694872
4.890000,0.015597,0.135161,6.177857
4.891000,0.014280,0.144370,5.640780
4.892000,0.012963,0.152264,5.053383
4.893000,0.011448,0.158842,4.435729
4.894000,0.009736,0.164433,3.794394
4.895000,0.007925,0.170024,3.139246
4.896000,0.006443,0.173971,2.468311
4.897000,0.004928,0.176273,1.786850
4.898000,0.002887,0.178904,1.101114
4.899000,-0.000340,0.181864,0.402879
4.900000,-0.004489,0.181535,-0.300620
4.901000,-0.000538,0.177259,-0.996555
4.902000,-0.002316,0.174957,-1.714856
4.903000,-0.006564,0.168051,-2.415070
4.904000,-0.008539,0.162130,-3.099499
4.905000,-0.010548,0.155553,-3.763209
4.906000,-0.012326,0.147988,-4.405872
4.907000,-0.014005,0.138450,-5.026829
4.908000,-0.015784,0.128584,-5.617858
4.909000,-0.017364,0.116743,-6.177315
4.910000,-0.018780,0.105561,-6.695333
4.911000,-0.019965,0.093063,-7.157767
4.912000,-0.020690,0.079908,-7.556067
4.913000,-0.021348,0.066094,-7.878720
4.914000,-0.022633,0.052281,-8.119148
4.915000,-0.022270,0.038796,-8.271101
4.916000,-0.021974,0.024325,-8.329317
4.917000,-0.021579,0.011169,-8.293138
4.918000,-0.021151,-0.001986,-8.168155
4.919000,-0.020459,-0.014155,-7.954368
4.920000,-0.019208,-0.026324,-7.661973
4.921000,-0.018582,-0.037835,-7.293932
4.922000,-0.017298,-0.049018,-6.859783
4.923000,-0.016245,-0.059213,-6.373339
4.924000,-0.014862,-0.068093,-5.838220
4.925000,-0.013577,-0.076316,-5.264951
4.926000,-0.011569,-0.083551,-4.659122
4.927000,-0.010317,-0.089471,-4.028299
4.928000,-0.008671,-0.095391,-3.372153
4.929000,-0.007156,-0.099667,-2.702852
4.930000,-0.004687,-0.101311,-2.025660
4.931000,-0.001032,-0.101640,-1.337945
4.932000,-0.005675,-0.110849,-0.650232
4.933000,0.000220,-0.104600,0.071685
4.934000,0.005093,-0.100654,0.782090
4.935000,0.003545,-0.099667,1.494796
4.936000,0.005850,-0.096378,2.193359
4.937000,0.007859,-0.090458,2.871201
4.938000,0.009802,-0.084538,3.530625
4.939000,0.011679,-0.076645,4.176235
4.940000,0.013424,-0.068751,4.799481
4.941000,0.015136,-0.058556,5.405295
4.942000,0.016750,-0.047702,5.978879
4.943000,0.018100,-0.035862,6.508391
4.944000,0.019417,-0.023693,6.969495
4.945000,0.020207,-0.011195,7.378634
4.946000,0.020998,0.001960,7.736138
4.947000,0.021557,0.015774,8.017339
4.948000,0.022018,0.029587,8.205136
4.949000,0.021985,0.044387,8.302487
4.950000,0.021755,0.057214,8.306105
4.951000,0.021228,0.071028,8.219936
4.952000,0.020734,0.083854,8.039375
4.953000,0.019977,0.095694,7.771658
4.954000,0.019022,0.107206,7.429941
4.955000,0.017771,0.118388,7.021459
4.956000,0.016519,0.128912,6.556409
4.957000,0.017375,0.137793,6.039723
4.958000,0.013984,0.147001,5.480940
4.959000,0.012535,0.154237,4.881374
4.960000,0.010921,0.160815,4.255826
4.961000,0.009275,0.166077,3.608571
4.962000,0.007596,0.171339,2.948819
4.963000,0.005620,0.175286,2.274923
4.964000,0.004237,0.176602,1.594450
4.965000,0.002854,0.178904,0.906082
4.966000,0.002591,0.178575,0.206202
4.967000,-0.004950,0.179891,-0.489732
4.968000,-0.000636,0.177259,-1.202113
4.969000,-0.004423,0.171339,-1.917125
4.970000,-0.007189,0.166406,-2.610762
4.971000,-0.009231,0.160486,-3.288613
4.972000,-0.011207,0.153250,-3.947390
4.973000,-0.012820,0.145357,-4.583147
4.974000,-0.014466,0.135490,-5.196869
4.975000,-0.016014,0.124637,-5.781321
4.976000,-0.017693,0.113783,-6.335516
4.977000,-0.019175,0.101615,-6.831826
4.978000,-0.020196,0.089117,-7.276829
4.979000,-0.020986,0.076290,-7.655724
4.980000,-0.021480,0.063134,-7.955354
4.981000,-0.022007,0.048334,-8.170786
4.982000,-0.022040,0.035178,-8.295440
4.983000,-0.021941,0.021036,-8.328660
4.984000,-0.021480,0.007880,-8.268141
4.985000,-0.020887,-0.005604,-8.116188
4.986000,-0.020295,-0.018431,-7.880036
4.987000,-0.019504,-0.029942,-7.562974
4.988000,-0.018418,-0.043755,-7.176514
4.989000,-0.017101,-0.051978,-6.728551
4.990000,-0.015816,-0.061516,-6.226650
4.991000,-0.014433,-0.070725,-5.680020
4.992000,-0.012919,-0.078618,-5.094253
4.993000,-0.011503,-0.085854,-4.480202
4.994000,-0.010153,-0.089800,-3.843131
4.995000,-0.008309,-0.095720,-3.185340
4.996000,-0.006399,-0.099996,-2.511436
4.997000,-0.005345,-0.104271,-1.831613
4.998000,-0.006070,-0.107560,-1.138636
4.999000,-0.006531,-0.103943,-0.436123
