# Seconds,DAQ1/ai0,DAQ1/ai1,DAQ1/ai2
0.000000,0.021557,0.129899,9.572665
0.001000,0.021327,0.143384,9.533855
0.002000,0.020998,0.155882,9.482219
0.003000,0.020800,0.169366,9.422032
0.004000,0.020602,0.181864,9.339152
0.005000,0.020372,0.194362,9.264822
0.006000,0.020306,0.207189,9.172075
0.007000,0.019977,0.219358,9.075052
0.008000,0.019549,0.231527,8.960927
0.009000,0.019252,0.243038,8.839237
0.010000,0.019088,0.254878,8.714258
0.011000,0.018758,0.267047,8.584018
0.012000,0.018528,0.277571,8.435359
0.013000,0.018199,0.289411,8.282096
0.014000,0.017836,0.299936,8.129491
0.015000,0.017540,0.310789,7.962414
0.016000,0.017046,0.320985,7.783169
0.017000,0.016750,0.331509,7.604582
0.018000,0.016519,0.341376,7.425665
0.019000,0.016190,0.351901,7.225371
0.020000,0.015663,0.360781,7.024748
0.021000,0.015334,0.370319,6.822152
0.022000,0.014873,0.379856,6.619885
0.023000,0.014445,0.388079,6.393937
0.024000,0.014050,0.396959,6.173581
0.025000,0.013655,0.404852,5.955527
0.026000,0.013194,0.413074,5.720042
0.027000,0.012634,0.420639,5.484886
0.028000,0.012140,0.427546,5.251046
0.029000,0.011679,0.435110,5.018850
0.030000,0.011317,0.441359,4.760014
0.031000,0.010757,0.448595,4.511044
0.032000,0.010296,0.454844,4.264706
0.033000,0.009802,0.459119,4.011790
0.034000,0.009143,0.465697,3.746705
0.035000,0.008518,0.470959,3.487869
0.036000,0.007892,0.475564,3.234295
0.037000,0.007530,0.480168,2.960330
0.038000,0.006937,0.483457,2.691956
0.039000,0.005982,0.487075,2.429173
0.040000,0.004599,0.491022,2.165074
0.041000,0.004632,0.492995,1.880584
0.042000,0.004467,0.495297,1.608263
0.043000,0.001570,0.497599,1.340875
0.044000,0.005225,0.497599,1.058358
0.045000,0.002591,0.498257,0.772552
0.046000,0.004402,0.503848,0.510097
0.047000,0.001175,0.498915,0.232184
0.048000,-0.000044,0.499573,-0.064805
0.049000,0.005027,0.497271,-0.357847
0.050000,0.003480,0.500231,-0.623920
0.051000,0.001833,0.499244,-0.925514
0.052000,-0.004950,0.492995,-1.219215
0.053000,-0.003633,0.490035,-1.513903
0.054000,-0.004950,0.486417,-1.793791
0.055000,-0.005609,0.483128,-2.086834
0.056000,-0.006629,0.477537,-2.372643
0.057000,-0.007453,0.472933,-2.651874
0.058000,-0.008638,0.467341,-2.928803
0.059000,-0.009626,0.461093,-3.214941
0.060000,-0.010416,0.454844,-3.487924
0.061000,-0.011174,0.447279,-3.756960
0.062000,-0.011931,0.439386,-4.033561
0.063000,-0.012754,0.430177,-4.306545
0.064000,-0.013808,0.422283,-4.573609
0.065000,-0.014433,0.414061,-4.833437
0.066000,-0.015323,0.403208,-5.109053
0.067000,-0.015948,0.393012,-5.370198
0.068000,-0.016442,0.382488,-5.624107
0.069000,-0.017232,0.371963,-5.881306
0.070000,-0.017924,0.360452,-6.137847
0.071000,-0.018550,0.348283,-6.381233
0.072000,-0.019274,0.336443,-6.618041
0.073000,-0.019702,0.324274,-6.859125
0.074000,-0.020031,0.311776,-7.089356
0.075000,-0.020426,0.298291,-7.306430
0.076000,-0.020822,0.284807,-7.521532
0.077000,-0.021447,0.271651,-7.729398
0.078000,-0.021711,0.258167,-7.924766
0.079000,-0.022007,0.244353,-8.107637
0.080000,-0.021941,0.230869,-8.288533
0.081000,-0.022238,0.216398,-8.459892
0.082000,-0.022468,0.202913,-8.614806
0.083000,-0.022929,0.188113,-8.761169
0.084000,-0.022929,0.174299,-8.900953
0.085000,-0.022929,0.160157,-9.027910
0.086000,-0.022929,0.145028,-9.140396
0.087000,-0.022764,0.131215,-9.246304
0.088000,-0.022830,0.117072,-9.340042
0.089000,-0.022929,0.102601,-9.421611
0.090000,-0.022962,0.088788,-9.491339
0.091000,-0.022896,0.074645,-9.552844
0.092000,-0.022633,0.060174,-9.601851
0.093000,-0.022534,0.046032,-9.637044
0.094000,-0.022402,0.032218,-9.665659
0.095000,-0.022369,0.018734,-9.682104
0.096000,-0.022336,0.004592,-9.689340
0.097000,-0.022139,-0.008564,-9.685722
0.098000,-0.022073,-0.022049,-9.669277
0.099000,-0.021678,-0.036191,-9.643951
0.100000,-0.021546,-0.049676,-9.609745
0.101000,-0.021513,-0.062502,-9.566000
0.102000,-0.021151,-0.075987,-9.506468
0.103000,-0.021019,-0.088156,-9.442989
0.104000,-0.020723,-0.100654,-9.368328
0.105000,-0.020426,-0.113809,-9.283470
0.106000,-0.020130,-0.126636,-9.188416
0.107000,-0.019933,-0.138805,-9.088100
0.108000,-0.019834,-0.148343,-8.977588
0.109000,-0.019603,-0.162485,-8.853262
0.110000,-0.019175,-0.174325,-8.728278
0.111000,-0.018879,-0.185837,-8.595401
0.112000,-0.018484,-0.197677,-8.451341
0.113000,-0.018121,-0.208530,-8.296756
0.114000,-0.017990,-0.219055,-8.139869
0.115000,-0.017726,-0.230566,-7.980022
0.116000,-0.017397,-0.241090,-7.799783
0.117000,-0.017002,-0.251286,-7.617572
0.118000,-0.016376,-0.261153,-7.438320
0.119000,-0.015981,-0.271019,-7.246241
0.120000,-0.015619,-0.280557,-7.041007
0.121000,-0.015487,-0.289766,-6.838075
0.122000,-0.015059,-0.298317,-6.636459
0.123000,-0.014499,-0.307526,-6.413465
0.124000,-0.014071,-0.316407,-6.190142
0.125000,-0.013479,-0.324629,-5.970438
0.126000,-0.015981,-0.333180,-5.745142
0.127000,-0.012919,-0.340744,-5.504717
0.128000,-0.012491,-0.347651,-5.269884
0.129000,-0.011997,-0.354558,-5.036038
0.130000,-0.011272,-0.361794,-4.786076
0.131000,-0.010449,-0.368371,-4.532168
0.132000,-0.010186,-0.373963,-4.285824
0.133000,-0.009856,-0.379883,-4.039481
0.134000,-0.009395,-0.385145,-3.771102
0.135000,-0.008803,-0.390736,-3.510288
0.136000,-0.008045,-0.395340,-3.254737
0.137000,-0.007650,-0.399616,-2.988990
0.138000,-0.006761,-0.403563,-2.714692
0.139000,-0.006597,-0.406523,-2.449604
0.140000,-0.004654,-0.409483,-2.190107
0.141000,-0.003929,-0.411127,-1.905614
0.142000,-0.004489,-0.414416,-1.626384
0.143000,-0.005510,-0.418692,-1.357021
0.144000,-0.001229,-0.417047,-1.083382
0.145000,-0.000175,-0.417376,-0.801522
0.146000,-0.008276,-0.421981,-0.522950
0.147000,-0.000143,-0.419021,-0.243393
0.148000,0.000121,-0.420007,0.051952
0.149000,-0.001657,-0.419021,0.347954
0.150000,-0.002085,-0.421323,0.626854
0.151000,0.004204,-0.418363,0.925157
0.152000,0.005587,-0.412114,1.212279
0.153000,0.003315,-0.410141,1.503018
0.154000,0.005159,-0.406523,1.779944
0.155000,0.006015,-0.402576,2.063776
0.156000,0.006871,-0.398629,2.347937
0.157000,0.007662,-0.392709,2.624533
0.158000,0.008419,-0.388105,2.892579
0.159000,0.009209,-0.381527,3.178713
0.160000,0.010098,-0.374291,3.452020
0.161000,0.010987,-0.368042,3.721052
0.162000,0.011778,-0.360149,3.992057
0.163000,0.012634,-0.351927,4.266351
0.164000,0.013523,-0.343376,4.537684
0.165000,0.014116,-0.333509,4.797836
0.166000,0.014972,-0.324300,5.070157
0.167000,0.015861,-0.314104,5.335242
0.168000,0.016486,-0.303251,5.592762
0.169000,0.018824,-0.292726,5.844692
0.170000,0.017836,-0.281544,6.106488
0.171000,0.018396,-0.269704,6.353813
0.172000,0.018890,-0.257864,6.591929
0.173000,0.019483,-0.245366,6.830703
0.174000,0.020076,-0.232210,7.064215
0.175000,0.020405,-0.219712,7.284900
0.176000,0.020866,-0.206557,7.494732
0.177000,0.021162,-0.192743,7.709169
0.178000,0.021524,-0.179588,7.906503
0.179000,0.021755,-0.165774,8.093313
0.180000,0.022183,-0.151961,8.271243
0.181000,0.022315,-0.138147,8.443252
0.182000,0.022479,-0.124005,8.601120
0.183000,0.022545,-0.109863,8.748792
0.184000,0.022578,-0.096378,8.889228
0.185000,0.022809,-0.080920,9.017167
0.186000,0.022809,-0.066449,9.132279
0.187000,0.022875,-0.052636,9.236538
0.188000,0.022875,-0.038493,9.330929
0.189000,0.022809,-0.024680,9.404601
0.190000,0.022710,-0.009551,9.463473
0.191000,0.022611,0.003934,9.507215
0.192000,0.022545,0.018405,9.542407
0.193000,0.022414,0.032876,9.569376
0.194000,0.022381,0.046032,9.587136
0.195000,0.022150,0.059845,9.600620
0.196000,0.022051,0.073330,9.610158
0.197000,0.021953,0.086814,9.615749
0.198000,0.021788,0.100299,9.616078
0.199000,0.021656,0.114112,9.602923
0.200000,0.021459,0.127268,9.577269
0.201000,0.021261,0.140753,9.543393
0.202000,0.021162,0.153579,9.491757
0.203000,0.020833,0.166406,9.430912
0.204000,0.020833,0.178904,9.362174
0.205000,0.020635,0.192388,9.282253
0.206000,0.020273,0.204557,9.187862
0.207000,0.020010,0.216398,9.087879
0.208000,0.019648,0.228567,8.983291
0.209000,0.019450,0.241064,8.861602
0.210000,0.019121,0.252576,8.737281
0.211000,0.018824,0.264087,8.602764
0.212000,0.018561,0.275927,8.465288
0.213000,0.018166,0.286780,8.307092
0.214000,0.017771,0.297305,8.151526
0.215000,0.017573,0.308487,7.991357
0.216000,0.017178,0.319012,7.816058
0.217000,0.016914,0.329865,7.632866
0.218000,0.016684,0.339403,7.450990
0.219000,0.016421,0.349270,7.265496
0.220000,0.015597,0.358807,7.058295
0.221000,0.015400,0.368345,6.853726
0.222000,0.014774,0.377883,6.649814
0.223000,0.014544,0.386434,6.436035
0.224000,0.014181,0.394328,6.208773
0.225000,0.013622,0.403208,5.987430
0.226000,0.013325,0.411430,5.765100
0.227000,0.012601,0.419652,5.525340
0.228000,0.012403,0.426559,5.286566
0.229000,0.011778,0.433466,5.051410
0.230000,0.011547,0.440372,4.811978
0.231000,0.010954,0.446621,4.551169
0.232000,0.010164,0.452870,4.302528
0.233000,0.009802,0.458790,4.055532
0.234000,0.008979,0.464381,3.792421
0.235000,0.008814,0.469315,3.527993
0.236000,0.008221,0.473590,3.270144
0.237000,0.007530,0.478524,3.015912
0.238000,0.006575,0.483457,2.738000
0.239000,0.006081,0.486417,2.468640
0.240000,0.005785,0.489048,2.205199
0.241000,0.004797,0.492337,1.932220
0.242000,0.003842,0.494968,1.651677
0.243000,0.005192,0.497928,1.378698
0.244000,0.003183,0.494968,1.114927
0.245000,-0.001855,0.496284,0.829779
0.246000,-0.000208,0.496284,0.540355
0.247000,0.002492,0.497599,0.273296
0.248000,-0.000175,0.499573,-0.009551
0.249000,0.003578,0.494639,-0.303580
0.250000,-0.007980,0.491350,-0.594320
0.251000,-0.007025,0.491679,-0.871247
0.252000,-0.005938,0.489706,-1.172841
0.253000,-0.002974,0.492008,-1.463582
0.254000,-0.003238,0.487733,-1.751692
0.255000,-0.006794,0.483457,-2.030594
0.256000,-0.006827,0.478524,-2.323967
0.257000,-0.007420,0.473590,-2.608789
0.258000,-0.008375,0.467999,-2.883086
0.259000,-0.009264,0.462079,-3.165607
0.260000,-0.010285,0.454515,-3.444181
0.261000,-0.011141,0.447937,-3.714861
0.262000,-0.012161,0.440372,-3.981267
0.263000,-0.012557,0.431821,-4.261815
0.264000,-0.013380,0.423928,-4.531510
0.265000,-0.014236,0.414061,-4.793312
0.266000,-0.015059,0.404852,-5.058732
0.267000,-0.015816,0.393999,-5.327112
0.268000,-0.016475,0.383803,-5.586284
0.269000,-0.017134,0.372950,-5.835260
0.270000,-0.017693,0.361767,-6.094433
0.271000,-0.018352,0.349927,-6.342752
0.272000,-0.019109,0.337758,-6.583506
0.273000,-0.020196,0.324932,-6.815381
0.274000,-0.020262,0.312763,-7.049887
0.275000,-0.020459,0.299936,-7.272225
0.276000,-0.020789,0.286451,-7.485682
0.277000,-0.021151,0.273296,-7.694864
0.278000,-0.021579,0.260140,-7.892534
0.279000,-0.021908,0.246327,-8.080009
0.280000,-0.022238,0.232184,-8.256301
0.281000,-0.022205,0.218700,-8.431606
0.282000,-0.022402,0.204229,-8.590138
0.283000,-0.022567,0.189757,-8.738145
0.284000,-0.022764,0.175286,-8.877601
0.285000,-0.022896,0.161144,-9.007189
0.286000,-0.023028,0.147659,-9.123622
0.287000,-0.022896,0.133188,-9.227227
0.288000,-0.022830,0.119046,-9.323597
0.289000,-0.022797,0.104575,-9.409112
0.290000,-0.022896,0.091090,-9.482458
0.291000,-0.022962,0.076290,-9.541990
0.292000,-0.022797,0.062148,-9.592971
0.293000,-0.022633,0.048334,-9.632111
0.294000,-0.022303,0.034521,-9.662370
0.295000,-0.022402,0.020049,-9.680789
0.296000,-0.022336,0.006236,-9.687696
0.297000,-0.022205,-0.006920,-9.686051
0.298000,-0.022040,-0.020733,-9.673882
0.299000,-0.021678,-0.034218,-9.648885
0.300000,-0.021513,-0.047702,-9.614679
0.301000,-0.021546,-0.060858,-9.571921
0.302000,-0.021381,-0.074013,-9.517980
0.303000,-0.021052,-0.086840,-9.453186
0.304000,-0.020789,-0.099338,-9.379511
0.305000,-0.020394,-0.111836,-9.302547
0.306000,-0.020163,-0.124663,-9.203217
0.307000,-0.020064,-0.137161,-9.101256
0.308000,-0.019801,-0.149001,-8.994033
0.309000,-0.019537,-0.161499,-8.876614
0.310000,-0.019011,-0.173010,-8.747355
0.311000,-0.018780,-0.184521,-8.613162
0.312000,-0.018517,-0.196032,-8.477324
0.313000,-0.018220,-0.206886,-8.321095
0.314000,-0.018121,-0.217739,-8.162563
0.315000,-0.017660,-0.229250,-8.000414
0.316000,-0.017595,-0.239117,-7.832674
0.317000,-0.016837,-0.249642,-7.646186
0.318000,-0.016409,-0.259837,-7.462988
0.319000,-0.016277,-0.270033,-7.275843
0.320000,-0.015882,-0.279571,-7.073239
0.321000,-0.015355,-0.288780,-6.867019
0.322000,-0.015092,-0.297660,-6.663100
0.323000,-0.014335,-0.306540,-6.457209
0.324000,-0.014104,-0.315420,-6.224348
0.325000,-0.013676,-0.323642,-6.000039
0.326000,-0.013775,-0.331536,-5.777703
0.327000,-0.012820,-0.339429,-5.546816
0.328000,-0.012293,-0.346665,-5.304747
0.329000,-0.011766,-0.353900,-5.067612
0.330000,-0.011338,-0.360807,-4.831135
0.331000,-0.011042,-0.367385,-4.572622
0.332000,-0.010449,-0.373634,-4.320030
0.333000,-0.009955,-0.379225,-4.071384
0.334000,-0.009560,-0.385145,-3.818134
0.335000,-0.008638,-0.390078,-3.548111
0.336000,-0.008243,-0.394354,-3.288284
0.337000,-0.007650,-0.398958,-3.033391
0.338000,-0.007288,-0.403234,-2.758106
0.339000,-0.006399,-0.406523,-2.487427
0.340000,-0.006333,-0.409483,-2.220365
0.341000,-0.006761,-0.416390,-1.955606
0.342000,-0.007321,-0.418034,-1.669140
0.343000,-0.003633,-0.418034,-1.401093
0.344000,-0.001657,-0.416390,-1.122521
0.345000,-0.000933,-0.419350,-0.838029
0.346000,-0.001921,-0.417376,-0.557813
0.347000,0.002492,-0.423625,-0.278584
0.348000,-0.000110,-0.420665,0.000974
0.349000,-0.002415,-0.417047,0.300594
0.350000,-0.002941,-0.422310,0.583769
0.351000,0.006048,-0.412772,0.872206
0.352000,0.001208,-0.413430,1.166234
0.353000,0.003974,-0.410798,1.459933
0.354000,0.005027,-0.408167,1.744095
0.355000,0.005422,-0.404221,2.017402
0.356000,0.006410,-0.399616,2.303866
0.357000,0.007299,-0.394025,2.584409
0.358000,0.008287,-0.388763,2.857716
0.359000,0.009242,-0.382843,3.129050
0.360000,0.010065,-0.376265,3.412224
0.361000,0.010790,-0.369358,3.682572
0.362000,0.011745,-0.361465,3.949959
0.363000,0.012667,-0.353242,4.224582
0.364000,0.013259,-0.344691,4.498876
0.365000,0.014148,-0.335811,4.762645
0.366000,0.014939,-0.326273,5.044503
0.367000,0.015630,-0.316407,5.295446
0.368000,0.016190,-0.305882,5.557571
0.369000,0.016947,-0.295029,5.809829
0.370000,0.017705,-0.283188,6.065048
0.371000,0.018297,-0.271677,6.316648
0.372000,0.018989,-0.260166,6.559698
0.373000,0.019384,-0.247010,6.792881
0.374000,0.019944,-0.234841,7.028366
0.375000,0.020405,-0.222344,7.253327
0.376000,0.020833,-0.209188,7.468092
0.377000,0.021129,-0.195703,7.676609
0.378000,0.021656,-0.181890,7.877889
0.379000,0.021887,-0.168734,8.067002
0.380000,0.021821,-0.153934,8.244602
0.381000,0.022282,-0.140121,8.417599
0.382000,0.022381,-0.125978,8.581715
0.383000,0.022578,-0.111836,8.729059
0.384000,0.022644,-0.098023,8.867851
0.385000,0.022875,-0.084209,8.999736
0.386000,0.022776,-0.069409,9.116492
0.387000,0.022809,-0.055267,9.224369
0.388000,0.022842,-0.040467,9.318760
0.389000,0.022842,-0.026653,9.395721
0.390000,0.022809,-0.012182,9.453935
0.391000,0.022710,0.002289,9.502940
0.392000,0.022348,0.015445,9.538789
0.393000,0.022348,0.029587,9.566087
0.394000,0.022315,0.043401,9.585162
0.395000,0.022183,0.057543,9.599305
0.396000,0.022150,0.071028,9.609500
0.397000,0.022084,0.085170,9.615092
0.398000,0.021788,0.097997,9.618381
0.399000,0.021623,0.111481,9.606869
0.400000,0.021459,0.124966,9.582202
0.401000,0.021327,0.138121,9.548327
0.402000,0.021162,0.151277,9.502282
0.403000,0.020965,0.164104,9.440450
0.404000,0.020668,0.177588,9.373027
0.405000,0.020504,0.190086,9.295409
0.406000,0.020174,0.202255,9.204306
0.407000,0.020010,0.214753,9.104323
0.408000,0.019680,0.227580,8.997763
0.409000,0.019483,0.238762,8.869495
0.410000,0.019121,0.250273,8.755041
0.411000,0.018758,0.262113,8.621511
0.412000,0.018660,0.273296,8.483706
0.413000,0.018297,0.284807,8.335376
0.414000,0.018001,0.295989,8.173562
0.415000,0.017606,0.306514,8.011748
0.416000,0.017211,0.317367,7.846974
0.417000,0.016816,0.327563,7.662137
0.418000,0.016552,0.338416,7.476643
0.419000,0.016256,0.347625,7.288847
0.420000,0.015927,0.357821,7.094802
0.421000,0.015564,0.367030,6.882668
0.422000,0.015005,0.375581,6.677441
0.423000,0.014544,0.384132,6.470569
0.424000,0.014116,0.393670,6.244950
0.425000,0.013819,0.401563,6.016701
0.426000,0.013325,0.409786,5.792398
0.427000,0.013029,0.416363,5.570069
0.428000,0.012469,0.425243,5.321099
0.429000,0.011876,0.431821,5.082654
0.430000,0.011415,0.439386,4.844867
0.431000,0.010954,0.445964,4.592609
0.432000,0.010395,0.451555,4.335746
0.433000,0.009901,0.458132,4.086448
0.434000,0.009308,0.462737,3.839123
0.435000,0.008452,0.467999,3.568447
0.436000,0.007991,0.473590,3.305006
0.437000,0.007563,0.477866,3.048143
0.438000,0.007102,0.480826,2.782072
0.439000,0.006542,0.484773,2.506133
0.440000,0.005521,0.488062,2.239732
0.441000,0.004863,0.491679,1.975633
0.442000,0.004632,0.493982,1.693446
0.443000,0.005060,0.493653,1.416520
0.444000,0.004072,0.494639,1.147488
0.445000,0.002195,0.499244,0.879113
0.446000,0.005653,0.503519,0.589689
0.447000,0.001043,0.499244,0.311776
0.448000,0.000022,0.499244,0.031561
0.449000,-0.000439,0.496942,-0.261153
0.450000,0.005488,0.501875,-0.542026
0.451000,0.001899,0.498915,-0.831780
0.452000,-0.007288,0.488719,-1.121863
0.453000,-0.004588,0.491350,-1.420497
0.454000,-0.004654,0.486746,-1.715185
0.455000,-0.006794,0.482470,-1.994086
0.456000,-0.005971,0.478853,-2.281539
0.457000,-0.007453,0.472933,-2.570308
0.458000,-0.008243,0.467999,-2.848552
0.459000,-0.009363,0.461750,-3.121864
0.460000,-0.010416,0.455501,-3.405700
0.461000,-0.011042,0.448266,-3.680656
0.462000,-0.011668,0.440701,-3.948048
0.463000,-0.012524,0.432808,-4.219716
0.464000,-0.013281,0.424257,-4.494674
0.465000,-0.014203,0.414719,-4.760751
0.466000,-0.014960,0.405181,-5.019593
0.467000,-0.015718,0.395643,-5.289289
0.468000,-0.016179,0.385119,-5.550763
0.469000,-0.016969,0.373607,-5.804673
0.470000,-0.015816,0.363083,-6.054307
0.471000,-0.018385,0.350914,-6.308217
0.472000,-0.019043,0.339732,-6.551932
0.473000,-0.019570,0.326576,-6.783478
0.474000,-0.019933,0.314078,-7.017984
0.475000,-0.020361,0.301909,-7.243939
0.476000,-0.020855,0.288096,-7.458712
0.477000,-0.021184,0.274940,-7.662302
0.478000,-0.021579,0.261785,-7.865564
0.479000,-0.022205,0.247642,-8.055341
0.480000,-0.021908,0.234158,-8.234593
0.481000,-0.022205,0.220344,-8.406281
0.482000,-0.022336,0.205873,-8.569088
0.483000,-0.022699,0.191402,-8.719727
0.484000,-0.022929,0.177588,-8.857209
0.485000,-0.022731,0.163117,-8.990086
0.486000,-0.022929,0.149304,-9.108492
0.487000,-0.022797,0.134833,-9.214400
0.488000,-0.022929,0.120361,-9.311427
0.489000,-0.022962,0.106219,-9.397600
0.490000,-0.022830,0.092077,-9.471604
0.491000,-0.022863,0.078263,-9.534096
0.492000,-0.022633,0.063792,-9.586722
0.493000,-0.022501,0.049650,-9.626848
0.494000,-0.022797,0.035507,-9.658752
0.495000,-0.022567,0.022352,-9.678486
0.496000,-0.022303,0.007880,-9.688025
0.497000,-0.022139,-0.005604,-9.684736
0.498000,-0.021842,-0.019089,-9.676184
0.499000,-0.021744,-0.032573,-9.652503
0.500000,-0.021612,-0.046058,-9.618625
0.501000,-0.021612,-0.059542,-9.577183
0.502000,-0.021217,-0.072698,-9.528505
0.503000,-0.020756,-0.085854,-9.462066
0.504000,-0.020657,-0.098351,-9.388062
0.505000,-0.020558,-0.110849,-9.311098
0.506000,-0.020361,-0.123676,-9.219662
0.507000,-0.020163,-0.135516,-9.114413
0.508000,-0.019933,-0.148343,-9.006861
0.509000,-0.019340,-0.159854,-8.894704
0.510000,-0.019142,-0.171365,-8.766431
0.511000,-0.018780,-0.183534,-8.631580
0.512000,-0.018714,-0.194388,-8.493112
0.513000,-0.018484,-0.206228,-8.347407
0.514000,-0.017990,-0.216095,-8.185258
0.515000,-0.017529,-0.227935,-8.020477
0.516000,-0.017199,-0.238130,-7.857013
0.517000,-0.017035,-0.249313,-7.675787
0.518000,-0.016607,-0.259179,-7.486997
0.519000,-0.016508,-0.269046,-7.300181
0.520000,-0.015948,-0.278584,-7.111721
0.521000,-0.015388,-0.287793,-6.897277
0.522000,-0.014993,-0.297331,-6.688755
0.523000,-0.014796,-0.306211,-6.481876
0.524000,-0.014137,-0.314762,-6.261514
0.525000,-0.013972,-0.322655,-6.031942
0.526000,-0.013413,-0.330220,-5.805659
0.527000,-0.012853,-0.339100,-5.584969
0.528000,-0.012392,-0.346665,-5.339611
0.529000,-0.011832,-0.353900,-5.098529
0.530000,-0.011668,-0.360149,-4.860736
0.531000,-0.010548,-0.366398,-4.617023
0.532000,-0.010482,-0.373634,-4.354893
0.533000,-0.009856,-0.379225,-4.104274
0.534000,-0.009494,-0.384487,-3.855300
0.535000,-0.008737,-0.389749,-3.589881
0.536000,-0.008375,-0.394025,-3.323805
0.537000,-0.007584,-0.398958,-3.063978
0.538000,-0.007025,-0.403234,-2.774880
0.539000,-0.006300,-0.406852,-2.526894
0.540000,-0.004720,-0.409812,-2.257201
0.541000,-0.004292,-0.411456,-1.990140
0.542000,-0.001954,-0.412772,-1.717159
0.543000,-0.000768,-0.413758,-1.435955
0.544000,-0.004456,-0.419678,-1.158041
0.545000,-0.000768,-0.419350,-0.897558
0.546000,0.004072,-0.415074,-0.594320
0.547000,0.003875,-0.426256,-0.316407
0.548000,-0.000241,-0.420994,-0.035862
0.549000,0.000779,-0.421981,0.255536
0.550000,0.006311,-0.416390,0.554826
0.551000,0.005752,-0.413430,0.836028
0.552000,0.004928,-0.416390,1.122492
0.553000,0.003809,-0.410798,1.413560
0.554000,0.004797,-0.408496,1.704957
0.555000,0.005818,-0.404878,1.981882
0.556000,0.006542,-0.398958,2.255190
0.557000,0.007431,-0.395669,2.544613
0.558000,0.008188,-0.390407,2.821538
0.559000,0.009012,-0.384487,3.091557
0.560000,0.009835,-0.377909,3.369798
0.561000,0.010658,-0.370345,3.646065
0.562000,0.011712,-0.362451,3.914768
0.563000,0.012403,-0.354887,4.179524
0.564000,0.013259,-0.346665,4.456778
0.565000,0.013918,-0.337456,4.726467
0.566000,0.014906,-0.327589,4.987934
0.567000,0.015433,-0.317722,5.251375
0.568000,0.016355,-0.307198,5.518433
0.569000,0.016980,-0.296673,5.775954
0.570000,0.017474,-0.285820,6.027554
0.571000,0.018232,-0.273651,6.280142
0.572000,0.018791,-0.261810,6.525822
0.573000,0.019417,-0.249313,6.760650
0.574000,0.019944,-0.237144,6.991530
0.575000,0.020306,-0.224317,7.221425
0.576000,0.020668,-0.211490,7.438821
0.577000,0.021162,-0.197348,7.644377
0.578000,0.021524,-0.183863,7.846316
0.579000,0.021788,-0.170708,8.041019
0.580000,0.022018,-0.156565,8.220922
0.581000,0.022117,-0.142752,8.400168
0.582000,0.022381,-0.129267,8.557049
0.583000,0.022479,-0.114467,8.710312
0.584000,0.022677,-0.100654,8.850090
0.585000,0.022776,-0.085854,8.980660
0.586000,0.022875,-0.071711,9.101692
0.587000,0.022809,-0.057898,9.209568
0.588000,0.022842,-0.043098,9.306263
0.589000,0.022776,-0.029284,9.385854
0.590000,0.022743,-0.014813,9.448015
0.591000,0.022611,-0.000671,9.495046
0.592000,0.022545,0.013801,9.533855
0.593000,0.022479,0.027285,9.562469
0.594000,0.022216,0.041099,9.583847
0.595000,0.022249,0.054912,9.598647
0.596000,0.022051,0.068725,9.608843
0.597000,0.022051,0.082539,9.612789
0.598000,0.021854,0.096681,9.619038
0.599000,0.021656,0.108850,9.611145
0.600000,0.021426,0.122664,9.587794
0.601000,0.021426,0.135819,9.552931
0.602000,0.021195,0.149304,9.510833
0.603000,0.020998,0.161802,9.452290
0.604000,0.020734,0.174957,9.381908
0.605000,0.020504,0.186797,9.306591
0.606000,0.020240,0.200282,9.223053
0.607000,0.020010,0.211793,9.121426
0.608000,0.019944,0.224949,9.011576
0.609000,0.019582,0.236460,8.900411
0.610000,0.019219,0.247971,8.778721
0.611000,0.018791,0.259811,8.642231
0.612000,0.018627,0.271980,8.503439
0.613000,0.018297,0.282834,8.361359
0.614000,0.017968,0.293687,8.199544
0.615000,0.017672,0.304869,8.034441
0.616000,0.017211,0.315394,7.868352
0.617000,0.016914,0.325589,7.697000
0.618000,0.016618,0.336114,7.504270
0.619000,0.016322,0.345323,7.315158
0.620000,0.015795,0.355518,7.126704
0.621000,0.015630,0.365056,6.917859
0.622000,0.015038,0.373607,6.705725
0.623000,0.014642,0.382816,6.498196
0.624000,0.014214,0.391696,6.288364
0.625000,0.013819,0.399919,6.052221
0.626000,0.013292,0.408141,5.823314
0.627000,0.012897,0.415706,5.600656
0.628000,0.012436,0.423599,5.363526
0.629000,0.011876,0.430506,5.118175
0.630000,0.011448,0.438070,4.877427
0.631000,0.011152,0.444319,4.638654
0.632000,0.010526,0.450239,4.375213
0.633000,0.009901,0.456488,4.122297
0.634000,0.009407,0.462079,3.871683
0.635000,0.008880,0.467670,3.615807
0.636000,0.008287,0.472604,3.343815
0.637000,0.007892,0.476879,3.083335
0.638000,0.007102,0.480826,2.825814
0.639000,0.006180,0.484444,2.551520
0.640000,0.005554,0.487733,2.277883
0.641000,0.005357,0.490364,2.011482
0.642000,0.004698,0.492008,1.749357
0.643000,0.002525,0.493653,1.460262
0.644000,0.000450,0.497271,1.185968
0.645000,-0.001328,0.496942,0.920553
0.646000,0.003480,0.501217,0.633760
0.647000,0.001965,0.500559,0.342363
0.648000,0.000318,0.498586,0.069383
0.649000,-0.000406,0.498257,-0.207543
0.650000,0.001998,0.494968,-0.505519
0.651000,0.003348,0.501217,-0.792642
0.652000,0.000812,0.496942,-1.079436
0.653000,-0.007354,0.487733,-1.369190
0.654000,-0.002415,0.488390,-1.672100
0.655000,-0.006366,0.482142,-1.953962
0.656000,-0.006728,0.478524,-2.231876
0.657000,-0.007650,0.474577,-2.522947
0.658000,-0.008243,0.468986,-2.807112
0.659000,-0.008967,0.463066,-3.082067
0.660000,-0.011569,0.455830,-3.354392
0.661000,-0.010811,0.449252,-3.636913
0.662000,-0.011503,0.441359,-3.908252
0.663000,-0.012655,0.434123,-4.175315
0.664000,-0.013479,0.425572,-4.448628
0.665000,-0.013972,0.416363,-4.719639
0.666000,-0.014763,0.406497,-4.982428
0.667000,-0.015553,0.396301,-5.241599
0.668000,-0.016376,0.386434,-5.508006
0.669000,-0.017002,0.375581,-5.765863
0.670000,-0.017759,0.364399,-6.017470
0.671000,-0.018089,0.353216,-6.264803
0.672000,-0.018912,0.341047,-6.513780
0.673000,-0.019340,0.328221,-6.749601
0.674000,-0.019900,0.315723,-6.977529
0.675000,-0.020459,0.303225,-7.206773
0.676000,-0.020690,0.290727,-7.426480
0.677000,-0.020920,0.275927,-7.633030
0.678000,-0.021546,0.263100,-7.831687
0.679000,-0.021875,0.249944,-8.027055
0.680000,-0.022139,0.235802,-8.208281
0.681000,-0.022336,0.221660,-8.378982
0.682000,-0.022501,0.207846,-8.542776
0.683000,-0.022435,0.193704,-8.696703
0.684000,-0.022633,0.179233,-8.836817
0.685000,-0.022863,0.164762,-8.966734
0.686000,-0.022962,0.150948,-9.089087
0.687000,-0.022995,0.136806,-9.198941
0.688000,-0.022929,0.122006,-9.295968
0.689000,-0.022731,0.108521,-9.383786
0.690000,-0.022863,0.093392,-9.461408
0.691000,-0.022764,0.079908,-9.524887
0.692000,-0.023028,0.065436,-9.579814
0.693000,-0.022633,0.051623,-9.620928
0.694000,-0.022501,0.037810,-9.653818
0.695000,-0.022270,0.023338,-9.674540
0.696000,-0.022172,0.009525,-9.686380
0.697000,-0.022139,-0.003631,-9.685065
0.698000,-0.022007,-0.017444,-9.676842
0.699000,-0.022007,-0.031586,-9.656450
0.700000,-0.021447,-0.044413,-9.625204
0.701000,-0.021381,-0.057569,-9.583761
0.702000,-0.021151,-0.071053,-9.533768
0.703000,-0.020690,-0.083880,-9.475222
0.704000,-0.020789,-0.096707,-9.398916
0.705000,-0.020558,-0.109205,-9.321294
0.706000,-0.020262,-0.121703,-9.234463
0.707000,-0.020031,-0.134201,-9.134805
0.708000,-0.019768,-0.146698,-9.022319
0.709000,-0.019537,-0.158867,-8.909176
0.710000,-0.019373,-0.170050,-8.791757
0.711000,-0.019076,-0.181890,-8.652959
0.712000,-0.018747,-0.193072,-8.512846
0.713000,-0.018220,-0.204583,-8.370101
0.714000,-0.018121,-0.215108,-8.214201
0.715000,-0.017660,-0.226948,-8.046789
0.716000,-0.017529,-0.237473,-7.879049
0.717000,-0.017265,-0.247668,-7.709993
0.718000,-0.016673,-0.257206,-7.518572
0.719000,-0.016245,-0.267402,-7.326822
0.720000,-0.015849,-0.276940,-7.135402
0.721000,-0.015191,-0.286806,-6.938061
0.722000,-0.015092,-0.296015,-6.721973
0.723000,-0.014927,-0.304895,-6.510491
0.724000,-0.014499,-0.313118,-6.299337
0.725000,-0.013841,-0.321998,-6.070423
0.726000,-0.013413,-0.329891,-5.839536
0.727000,-0.012853,-0.338113,-5.615885
0.728000,-0.012589,-0.345678,-5.384012
0.729000,-0.012194,-0.352585,-5.136681
0.730000,-0.011602,-0.359162,-4.894283
0.731000,-0.010943,-0.366069,-4.653860
0.732000,-0.010350,-0.372318,-4.401925
0.733000,-0.009922,-0.378896,-4.141768
0.734000,-0.009461,-0.384487,-3.890163
0.735000,-0.009165,-0.389092,-3.638558
0.736000,-0.008342,-0.394025,-3.368535
0.737000,-0.007519,-0.398629,-3.104103
0.738000,-0.007058,-0.403234,-2.843619
0.739000,-0.007387,-0.406194,-2.577544
0.740000,-0.005806,-0.409812,-2.300615
0.741000,-0.003863,-0.411127,-2.031580
0.742000,-0.001921,-0.413101,-1.765506
0.743000,-0.001888,-0.416718,-1.487591
0.744000,-0.001394,-0.418692,-1.209019
0.745000,0.000681,-0.417705,-0.933408
0.746000,0.004830,-0.416718,-0.648258
0.747000,-0.006662,-0.418363,-0.352585
0.748000,0.000055,-0.421652,-0.077302
0.749000,0.000648,-0.420994,0.204886
0.750000,-0.002118,-0.420007,0.496613
0.751000,0.001208,-0.420994,0.788668
0.752000,-0.000011,-0.417705,1.084341
0.753000,0.001998,-0.412443,1.360937
0.754000,0.004665,-0.409812,1.657597
0.755000,0.005587,-0.405536,1.940113
0.756000,0.006674,-0.401918,2.214079
0.757000,0.007365,-0.396985,2.493306
0.758000,0.008221,-0.391065,2.777138
0.759000,0.008814,-0.385145,3.052090
0.760000,0.009868,-0.378896,3.321780
0.761000,0.010559,-0.371660,3.599363
0.762000,0.011646,-0.364425,3.874314
0.763000,0.012206,-0.356860,4.141044
0.764000,0.012733,-0.347980,4.409418
0.765000,0.013885,-0.339429,4.683711
0.766000,0.014609,-0.330220,4.950441
0.767000,0.015400,-0.319695,5.208948
0.768000,0.016091,-0.309500,5.475349
0.769000,0.016947,-0.299304,5.737145
0.770000,0.017474,-0.287464,5.991376
0.771000,0.018100,-0.276282,6.252844
0.772000,0.018758,-0.263784,6.486684
0.773000,0.019318,-0.251944,6.726774
0.774000,0.019779,-0.239775,6.957326
0.775000,0.020174,-0.226619,7.184260
0.776000,0.020504,-0.213792,7.405603
0.777000,0.020998,-0.200966,7.615435
0.778000,0.021426,-0.186494,7.813098
0.779000,0.021689,-0.173010,8.009775
0.780000,0.022084,-0.159525,8.194611
0.781000,0.022183,-0.145383,8.366621
0.782000,0.022414,-0.131569,8.529751
0.783000,0.022545,-0.117098,8.686632
0.784000,0.022743,-0.103285,8.830028
0.785000,0.022710,-0.088814,8.959611
0.786000,0.022907,-0.074342,9.082288
0.787000,0.022907,-0.059871,9.193782
0.788000,0.022940,-0.046058,9.292449
0.789000,0.022842,-0.031586,9.375330
0.790000,0.022611,-0.017773,9.439792
0.791000,0.022677,-0.003302,9.490113
0.792000,0.022414,0.010512,9.528922
0.793000,0.022545,0.024983,9.558522
0.794000,0.022381,0.038467,9.581216
0.795000,0.022249,0.051952,9.596674
0.796000,0.021985,0.065765,9.608185
0.797000,0.021920,0.079908,9.613776
0.798000,0.021854,0.093063,9.617723
0.799000,0.021821,0.107206,9.613447
0.800000,0.021590,0.119704,9.594043
0.801000,0.021426,0.133846,9.560167
0.802000,0.021228,0.146344,9.515766
0.803000,0.020899,0.159499,9.465446
0.804000,0.020899,0.172326,9.396050
0.805000,0.020438,0.185482,9.319418
0.806000,0.020405,0.197980,9.234564
0.807000,0.020141,0.209491,9.141159
0.808000,0.019812,0.221989,9.031309
0.809000,0.019582,0.234158,8.917184
0.810000,0.019285,0.246327,8.800757
0.811000,0.018923,0.257838,8.669200
0.812000,0.018758,0.269678,8.526133
0.813000,0.018528,0.280531,8.381750
0.814000,0.018100,0.291385,8.234736
0.815000,0.017672,0.302567,8.062726
0.816000,0.017277,0.313092,7.894992
0.817000,0.017112,0.323616,7.724627
0.818000,0.016684,0.334141,7.540777
0.819000,0.016355,0.344007,7.345416
0.820000,0.015861,0.353874,7.154660
0.821000,0.015499,0.363412,6.960286
0.822000,0.015136,0.372292,6.742561
0.823000,0.014609,0.381501,6.530756
0.824000,0.014181,0.390381,6.318622
0.825000,0.013918,0.398603,6.099252
0.826000,0.013424,0.406168,5.861465
0.827000,0.013062,0.414390,5.635189
0.828000,0.012535,0.422283,5.406282
0.829000,0.011975,0.429848,5.161588
0.830000,0.011218,0.436426,4.914921
0.831000,0.011053,0.443003,4.672200
0.832000,0.010625,0.448924,4.425862
0.833000,0.010065,0.455501,4.163737
0.834000,0.009538,0.460435,3.909505
0.835000,0.008880,0.466355,3.658234
0.836000,0.008155,0.470959,3.394793
0.837000,0.007629,0.475893,3.124446
0.838000,0.007233,0.480168,2.863636
0.839000,0.006838,0.484115,2.604142
0.840000,0.006114,0.486088,2.324915
0.841000,0.005126,0.490364,2.054238
0.842000,0.004171,0.492995,1.786850
0.843000,0.002426,0.493982,1.515516
0.844000,0.003743,0.498915,1.226092
0.845000,-0.000933,0.495955,0.961993
0.846000,0.005752,0.501546,0.685725
0.847000,-0.001328,0.502204,0.403537
0.848000,0.000187,0.498915,0.111481
0.849000,-0.000208,0.498257,-0.165116
0.850000,-0.002744,0.501546,-0.440728
0.851000,-0.005773,0.491022,-0.745281
0.852000,-0.004522,0.492337,-1.032075
0.853000,-0.003106,0.490693,-1.326105
0.854000,-0.002250,0.489706,-1.617175
0.855000,-0.004654,0.484444,-1.909890
0.856000,-0.006103,0.479510,-2.190107
0.857000,-0.007025,0.474577,-2.467035
0.858000,-0.007980,0.469644,-2.757778
0.859000,-0.008934,0.462737,-3.038653
0.860000,-0.009922,0.458132,-3.311965
0.861000,-0.010844,0.450239,-3.585277
0.862000,-0.011437,0.443003,-3.863522
0.863000,-0.012260,0.435110,-4.134532
0.864000,-0.013018,0.426230,-4.398965
0.865000,-0.013972,0.417350,-4.673593
0.866000,-0.014862,0.407812,-4.940987
0.867000,-0.015586,0.398274,-5.201145
0.868000,-0.015981,0.388408,-5.459658
0.869000,-0.016673,0.377225,-5.724750
0.870000,-0.017265,0.366372,-5.978989
0.871000,-0.018023,0.354203,-6.222703
0.872000,-0.018912,0.342692,-6.469707
0.873000,-0.019406,0.330194,-6.711778
0.874000,-0.019801,0.317367,-6.943652
0.875000,-0.020064,0.304869,-7.165661
0.876000,-0.020690,0.292371,-7.390629
0.877000,-0.021052,0.278558,-7.601126
0.878000,-0.021513,0.264745,-7.800441
0.879000,-0.021842,0.251918,-7.993507
0.880000,-0.021974,0.237775,-8.179666
0.881000,-0.022172,0.223633,-8.351683
0.882000,-0.022402,0.208833,-8.513832
0.883000,-0.022633,0.195349,-8.671378
0.884000,-0.022731,0.181535,-8.816425
0.885000,-0.022830,0.167393,-8.946671
0.886000,-0.022995,0.152922,-9.068037
0.887000,-0.022830,0.139108,-9.181180
0.888000,-0.022830,0.124966,-9.281825
0.889000,-0.022863,0.110166,-9.369972
0.890000,-0.022995,0.095366,-9.448581
0.891000,-0.022896,0.081881,-9.515678
0.892000,-0.022764,0.067739,-9.571263
0.893000,-0.022797,0.053596,-9.615007
0.894000,-0.022435,0.040112,-9.647898
0.895000,-0.022336,0.025641,-9.672566
0.896000,-0.022336,0.011827,-9.684736
0.897000,-0.022205,-0.002315,-9.686709
0.898000,-0.022205,-0.015471,-9.677171
0.899000,-0.021842,-0.028955,-9.661712
0.900000,-0.021645,-0.042111,-9.633426
0.901000,-0.021381,-0.055924,-9.591326
0.902000,-0.021316,-0.068751,-9.542648
0.903000,-0.021118,-0.081578,-9.485089
0.904000,-0.021052,-0.094734,-9.416019
0.905000,-0.020558,-0.107560,-9.334122
0.906000,-0.020163,-0.119729,-9.246633
0.907000,-0.019998,-0.132556,-9.152237
0.908000,-0.019867,-0.144067,-9.044027
0.909000,-0.019636,-0.156894,-8.927594
0.910000,-0.019406,-0.168405,-8.808202
0.911000,-0.018978,-0.180245,-8.679600
0.912000,-0.018846,-0.191428,-8.535869
0.913000,-0.018352,-0.203268,-8.390165
0.914000,-0.017957,-0.214450,-8.242816
0.915000,-0.017693,-0.224975,-8.076062
0.916000,-0.017397,-0.235828,-7.904046
0.917000,-0.017265,-0.246353,-7.734003
0.918000,-0.016837,-0.255890,-7.555409
0.919000,-0.016212,-0.265757,-7.359055
0.920000,-0.015849,-0.275624,-7.164016
0.921000,-0.015454,-0.285491,-6.969636
0.922000,-0.015355,-0.294371,-6.759139
0.923000,-0.014796,-0.303580,-6.543381
0.924000,-0.014565,-0.312131,-6.329267
0.925000,-0.013874,-0.321011,-6.114824
0.926000,-0.013413,-0.328904,-5.877359
0.927000,-0.013116,-0.337127,-5.647788
0.928000,-0.012655,-0.344033,-5.421506
0.929000,-0.012425,-0.351269,-5.183055
0.930000,-0.011635,-0.358834,-4.933093
0.931000,-0.011108,-0.365082,-4.688065
0.932000,-0.010416,-0.371331,-4.447313
0.933000,-0.010087,-0.377909,-4.185182
0.934000,-0.009758,-0.383500,-3.927657
0.935000,-0.009231,-0.388763,-3.674078
0.936000,-0.006103,-0.394354,-3.419185
0.937000,-0.007881,-0.398301,-3.145215
0.938000,-0.007189,-0.402247,-2.880455
0.939000,-0.006564,-0.405865,-2.620300
0.940000,-0.005740,-0.409483,-2.346989
0.941000,-0.003995,-0.411785,-2.072363
0.942000,-0.005345,-0.416390,-1.802013
0.943000,-0.004127,-0.416718,-1.534623
0.944000,-0.000241,-0.416718,-1.251446
0.945000,-0.007947,-0.425270,-0.971888
0.946000,0.000648,-0.417376,-0.696276
0.947000,-0.006136,-0.425270,-0.415403
0.948000,-0.000571,-0.421652,-0.119729
0.949000,0.000384,-0.421323,0.165091
0.950000,0.000845,-0.416390,0.450239
0.951000,0.005850,-0.415074,0.744925
0.952000,0.000779,-0.415403,1.038625
0.953000,0.005389,-0.413101,1.320813
0.954000,0.005752,-0.410798,1.605632
0.955000,0.005291,-0.406194,1.896371
0.956000,0.006542,-0.403234,2.174283
0.957000,0.007266,-0.397643,2.446275
0.958000,0.008123,-0.393038,2.731751
0.959000,0.008781,-0.386460,3.010979
0.960000,0.009506,-0.380540,3.282971
0.961000,0.010395,-0.372976,3.544767
0.962000,0.011382,-0.365411,3.830243
0.963000,0.012304,-0.357847,4.101577
0.964000,0.012930,-0.349625,4.366662
0.965000,0.013786,-0.341402,4.637667
0.966000,0.014412,-0.331536,4.908672
0.967000,0.015400,-0.321998,5.173099
0.968000,0.015960,-0.311473,5.428646
0.969000,0.016816,-0.300949,5.694389
0.970000,0.017310,-0.289437,5.951581
0.971000,0.017902,-0.278255,6.200221
0.972000,0.018693,-0.266086,6.444915
0.973000,0.019088,-0.254246,6.691254
0.974000,0.019680,-0.241419,6.924108
0.975000,0.020207,-0.229250,7.146438
0.976000,0.020668,-0.215766,7.369754
0.977000,0.020899,-0.202610,7.585177
0.978000,0.021228,-0.189125,7.782840
0.979000,0.021195,-0.175641,7.976228
0.980000,0.021920,-0.161499,8.166326
0.981000,0.022282,-0.147685,8.341954
0.982000,0.022315,-0.133543,8.506728
0.983000,0.022479,-0.119072,8.661307
0.984000,0.022644,-0.104929,8.809637
0.985000,0.022710,-0.091116,8.941851
0.986000,0.022875,-0.076645,9.064527
0.987000,0.022907,-0.062173,9.177995
0.988000,0.022842,-0.048360,9.277649
0.989000,0.022776,-0.034218,9.362503
0.990000,0.022677,-0.020075,9.430912
0.991000,0.022743,-0.005604,9.483535
0.992000,0.022611,0.008538,9.523660
0.993000,0.022545,0.023009,9.555891
0.994000,0.022414,0.036165,9.578256
0.995000,0.022216,0.050307,9.596674
0.996000,0.022018,0.064121,9.607527
0.997000,0.021985,0.077605,9.615092
0.998000,0.021920,0.091090,9.618052
0.999000,0.021722,0.104575,9.614763
1.000000,0.021689,0.117401,9.599634
1.001000,0.021360,0.130886,9.566416
1.002000,0.021129,0.144370,9.523660
1.003000,0.021063,0.157526,9.472353
1.004000,0.020899,0.170024,9.412166
1.005000,0.020602,0.182851,9.330929
1.006000,0.020372,0.195349,9.248049
1.007000,0.020141,0.207846,9.154973
1.008000,0.019812,0.220015,9.051701
1.009000,0.019582,0.232184,8.935931
1.010000,0.019417,0.244353,8.816872
1.011000,0.018989,0.256522,8.692881
1.012000,0.018791,0.267376,8.547182
1.013000,0.018363,0.278229,8.402799
1.014000,0.018034,0.289740,8.253154
1.015000,0.017705,0.301251,8.093971
1.016000,0.017408,0.311776,7.918343
1.017000,0.017211,0.321972,7.747978
1.018000,0.016849,0.332167,7.571693
1.019000,0.016421,0.342034,7.376990
1.020000,0.015960,0.351901,7.180642
1.021000,0.015531,0.361439,6.984624
1.022000,0.015070,0.371305,6.783014
1.023000,0.014807,0.379856,6.562329
1.024000,0.014412,0.388408,6.346577
1.025000,0.014017,0.396630,6.130826
1.026000,0.013589,0.405181,5.901261
1.027000,0.012996,0.412746,5.666433
1.028000,0.012568,0.420968,5.436540
1.029000,0.012239,0.428203,5.207304
1.030000,0.011613,0.434781,4.952743
1.031000,0.011317,0.441688,4.706076
1.032000,0.010625,0.447937,4.463355
1.033000,0.010065,0.453528,4.209782
1.034000,0.009538,0.460106,3.945354
1.035000,0.008946,0.464710,3.691781
1.036000,0.008584,0.470301,3.438536
1.037000,0.007892,0.474248,3.167530
1.038000,0.007266,0.478524,2.898827
1.039000,0.006377,0.483128,2.637689
1.040000,0.005916,0.486417,2.373590
1.041000,0.005389,0.489048,2.091732
1.042000,0.005258,0.491679,1.820068
1.043000,0.004896,0.493982,1.553338
1.044000,0.003150,0.494310,1.276742
1.045000,0.006015,0.498915,0.989291
1.046000,0.003710,0.499244,0.716970
1.047000,0.003282,0.496613,0.450568
1.048000,0.000648,0.498586,0.154566
1.049000,-0.000406,0.498257,-0.129925
1.050000,0.003578,0.501217,-0.405536
1.051000,0.004336,0.501217,-0.694632
1.052000,-0.005773,0.490364,-0.999844
1.053000,-0.007519,0.488062,-1.283349
1.054000,-0.004390,0.486746,-1.569815
1.055000,-0.004489,0.484444,-1.865489
1.056000,-0.006103,0.479839,-2.150311
1.057000,-0.007123,0.474577,-2.430199
1.058000,-0.007683,0.469973,-2.711075
1.059000,-0.009165,0.463724,-2.998528
1.060000,-0.009824,0.458132,-3.276115
1.061000,-0.010416,0.451226,-3.542520
1.062000,-0.011207,0.443990,-3.822739
1.063000,-0.012063,0.435768,-4.097038
1.064000,-0.012886,0.427217,-4.363444
1.065000,-0.014894,0.418337,-4.628863
1.066000,-0.014796,0.409128,-4.902835
1.067000,-0.015487,0.399590,-5.167268
1.068000,-0.016113,0.389394,-5.422493
1.069000,-0.016607,0.377883,-5.683638
1.070000,-0.017298,0.367359,-5.942152
1.071000,-0.017924,0.355518,-6.189485
1.072000,-0.018714,0.344007,-6.430239
1.073000,-0.019340,0.331838,-6.676914
1.074000,-0.019834,0.319669,-6.912078
1.075000,-0.020130,0.306514,-7.135402
1.076000,-0.020525,0.293687,-7.354779
1.077000,-0.021052,0.280860,-7.571525
1.078000,-0.021414,0.267705,-7.772813
1.079000,-0.021842,0.252904,-7.963248
1.080000,-0.022172,0.239091,-8.152038
1.081000,-0.022139,0.225606,-8.327673
1.082000,-0.022402,0.211464,-8.491796
1.083000,-0.022468,0.196993,-8.647697
1.084000,-0.022600,0.183508,-8.794388
1.085000,-0.022731,0.168708,-8.929239
1.086000,-0.022962,0.154895,-9.050276
1.087000,-0.022962,0.140753,-9.164406
1.088000,-0.022962,0.126281,-9.267025
1.089000,-0.022797,0.112139,-9.357803
1.090000,-0.022731,0.097668,-9.438056
1.091000,-0.022764,0.083197,-9.506468
1.092000,-0.022797,0.069383,-9.563369
1.093000,-0.022896,0.055570,-9.608758
1.094000,-0.022534,0.041756,-9.643293
1.095000,-0.022468,0.027285,-9.668290
1.096000,-0.022238,0.013472,-9.683749
1.097000,-0.022139,0.000316,-9.687696
1.098000,-0.022007,-0.013497,-9.680789
1.099000,-0.022040,-0.027311,-9.662699
1.100000,-0.021908,-0.041124,-9.636386
1.101000,-0.021809,-0.053951,-9.598562
1.102000,-0.021151,-0.067765,-9.549226
1.103000,-0.021019,-0.080262,-9.491996
1.104000,-0.020887,-0.093418,-9.426873
1.105000,-0.020525,-0.105587,-9.345962
1.106000,-0.020624,-0.118414,-9.259131
1.107000,-0.020295,-0.130912,-9.165064
1.108000,-0.017792,-0.142752,-9.062774
1.109000,-0.019537,-0.154921,-8.944697
1.110000,-0.019208,-0.166761,-8.823660
1.111000,-0.019043,-0.178930,-8.699992
1.112000,-0.018879,-0.190441,-8.558563
1.113000,-0.018615,-0.200966,-8.409899
1.114000,-0.018385,-0.212806,-8.260248
1.115000,-0.017858,-0.223659,-8.106650
1.116000,-0.017463,-0.233855,-7.929700
1.117000,-0.017068,-0.244708,-7.756039
1.118000,-0.016574,-0.254904,-7.579748
1.119000,-0.016574,-0.265099,-7.391616
1.120000,-0.016179,-0.274637,-7.192302
1.121000,-0.015685,-0.284833,-6.995619
1.122000,-0.015158,-0.293055,-6.795647
1.123000,-0.014796,-0.303251,-6.576928
1.124000,-0.014401,-0.311802,-6.357552
1.125000,-0.014071,-0.320024,-6.142781
1.126000,-0.013907,-0.327918,-5.918472
1.127000,-0.013083,-0.335811,-5.681007
1.128000,-0.012688,-0.343376,-5.449462
1.129000,-0.011997,-0.350940,-5.219892
1.130000,-0.011536,-0.357518,-4.971245
1.131000,-0.011141,-0.364754,-4.722270
1.132000,-0.010844,-0.371003,-4.477242
1.133000,-0.010285,-0.377251,-4.228596
1.134000,-0.009593,-0.382514,-3.965480
1.135000,-0.008967,-0.387776,-3.707954
1.136000,-0.008342,-0.393038,-3.454705
1.137000,-0.008045,-0.398301,-3.187643
1.138000,-0.007584,-0.401918,-2.917620
1.139000,-0.006827,-0.405865,-2.654834
1.140000,-0.005938,-0.409483,-2.394021
1.141000,-0.006695,-0.413430,-2.109857
1.142000,-0.005345,-0.414745,-1.835889
1.143000,-0.003995,-0.418363,-1.572446
1.144000,0.000648,-0.415732,-1.301109
1.145000,-0.005872,-0.422638,-1.005764
1.146000,0.003941,-0.416390,-0.731468
1.147000,-0.007519,-0.425599,-0.463750
1.148000,-0.000472,-0.421981,-0.165774
1.149000,0.000253,-0.420994,0.123979
1.150000,0.005620,-0.421323,0.404194
1.151000,0.002689,-0.418034,0.686383
1.152000,0.004830,-0.418034,0.992580
1.153000,0.005850,-0.414416,1.282990
1.154000,0.004566,-0.411456,1.563205
1.155000,0.005653,-0.407509,1.849668
1.156000,0.005982,-0.403892,2.135803
1.157000,0.006838,-0.398958,2.411084
1.158000,0.007662,-0.393696,2.682089
1.159000,0.008518,-0.388105,2.967894
1.160000,0.009571,-0.381198,3.244819
1.161000,0.010460,-0.374620,3.512207
1.162000,0.011251,-0.368700,3.785185
1.163000,0.012140,-0.359491,4.062110
1.164000,0.012831,-0.351269,4.330484
1.165000,0.013687,-0.342389,4.595898
1.166000,0.014478,-0.332851,4.868547
1.167000,0.015301,-0.323313,5.136263
1.168000,0.016058,-0.313118,5.393455
1.169000,0.016882,-0.302593,5.651633
1.170000,0.017277,-0.291740,5.914416
1.171000,0.017935,-0.280228,6.164701
1.172000,0.018528,-0.268388,6.408409
1.173000,0.019154,-0.255562,6.651458
1.174000,0.019680,-0.243393,6.889903
1.175000,0.020109,-0.230895,7.116509
1.176000,0.020372,-0.218397,7.351994
1.177000,0.020899,-0.204912,7.553933
1.178000,0.021459,-0.191099,7.756858
1.179000,0.021656,-0.177943,7.948930
1.180000,0.021920,-0.164130,8.137055
1.181000,0.022183,-0.149658,8.317616
1.182000,0.022282,-0.136174,8.482390
1.183000,0.022479,-0.122361,8.635982
1.184000,0.022611,-0.107560,8.786614
1.185000,0.022776,-0.093747,8.924091
1.186000,0.022809,-0.079934,9.046438
1.187000,0.022710,-0.065133,9.159248
1.188000,0.022776,-0.050662,9.264822
1.189000,0.022907,-0.036191,9.353623
1.190000,0.022907,-0.022049,9.421703
1.191000,0.022710,-0.008564,9.475970
1.192000,0.022776,0.005907,9.518726
1.193000,0.022446,0.019721,9.551616
1.194000,0.022381,0.033534,9.575954
1.195000,0.022348,0.048005,9.594371
1.196000,0.022150,0.061161,9.605883
1.197000,0.022018,0.074645,9.613447
1.198000,0.021887,0.088459,9.619038
1.199000,0.021722,0.101943,9.615749
1.200000,0.021524,0.115428,9.602923
1.201000,0.021393,0.128912,9.574309
1.202000,0.021327,0.142068,9.530566
1.203000,0.021228,0.155224,9.479259
1.204000,0.020932,0.168379,9.419401
1.205000,0.020734,0.180877,9.346716
1.206000,0.020372,0.193375,9.260547
1.207000,0.020076,0.205873,9.168786
1.208000,0.019944,0.218371,9.070776
1.209000,0.019746,0.230540,8.954349
1.210000,0.019384,0.242380,8.832988
1.211000,0.019055,0.253891,8.710641
1.212000,0.018495,0.264745,8.575138
1.213000,0.018528,0.276914,8.425163
1.214000,0.018100,0.287767,8.274860
1.215000,0.017836,0.299278,8.120940
1.216000,0.017639,0.309803,7.949916
1.217000,0.017244,0.320327,7.772316
1.218000,0.016882,0.329865,7.594715
1.219000,0.016453,0.339732,7.416456
1.220000,0.015960,0.350256,7.212216
1.221000,0.015696,0.359794,7.013566
1.222000,0.015070,0.369661,6.813930
1.223000,0.014972,0.378212,6.601138
1.224000,0.014544,0.386434,6.379795
1.225000,0.014050,0.395314,6.161741
1.226000,0.013457,0.403537,5.944345
1.227000,0.013161,0.411430,5.705242
1.228000,0.012601,0.419323,5.471402
1.229000,0.012239,0.426888,5.239535
1.230000,0.011811,0.433795,4.999445
1.231000,0.011284,0.440372,4.743898
1.232000,0.010757,0.446950,4.496902
1.233000,0.010098,0.452870,4.253853
1.234000,0.009506,0.458790,3.991399
1.235000,0.008847,0.464053,3.729932
1.236000,0.008518,0.469315,3.473727
1.237000,0.008221,0.471946,3.218837
1.238000,0.007596,0.478195,2.942241
1.239000,0.006575,0.481813,2.676169
1.240000,0.005686,0.485759,2.415688
1.241000,0.005291,0.488719,2.140078
1.242000,0.005027,0.491022,1.862824
1.243000,0.004402,0.493324,1.593463
1.244000,0.003578,0.492995,1.329693
1.245000,0.004764,0.495626,1.038296
1.246000,0.002097,0.496613,0.754792
1.247000,-0.003271,0.495626,0.484115
1.248000,0.002064,0.499573,0.209162
1.249000,-0.000077,0.498257,-0.084209
1.250000,-0.000373,0.502204,-0.364425
1.251000,-0.008111,0.491350,-0.654507
1.252000,0.001767,0.497599,-0.943274
1.253000,-0.006366,0.490035,-1.236646
1.254000,-0.005839,0.485759,-1.527387
1.255000,-0.007222,0.483457,-1.808262
1.256000,-0.005905,0.480168,-2.106897
1.257000,-0.006761,0.476221,-2.388430
1.258000,-0.008045,0.470959,-2.665687
1.259000,-0.008967,0.464381,-2.949523
1.260000,-0.009626,0.458461,-3.234017
1.261000,-0.010416,0.451884,-3.504039
1.262000,-0.011075,0.445306,-3.770774
1.263000,-0.012161,0.436426,-4.051650
1.264000,-0.013018,0.428203,-4.324634
1.265000,-0.013808,0.419981,-4.589396
1.266000,-0.014565,0.410772,-4.854816
1.267000,-0.015191,0.400577,-5.125498
1.268000,-0.015915,0.390710,-5.384670
1.269000,-0.016343,0.379856,-5.638579
1.270000,-0.017298,0.369003,-5.900711
1.271000,-0.017990,0.357492,-6.152977
1.272000,-0.018648,0.345652,-6.394060
1.273000,-0.019175,0.333812,-6.634815
1.274000,-0.019702,0.321643,-6.875570
1.275000,-0.020031,0.308487,-7.103827
1.276000,-0.020591,0.295003,-7.319258
1.277000,-0.020986,0.282176,-7.536004
1.278000,-0.021447,0.268691,-7.742554
1.279000,-0.021744,0.255536,-7.934634
1.280000,-0.021678,0.241064,-8.120135
1.281000,-0.022106,0.227909,-8.301690
1.282000,-0.022270,0.213766,-8.468773
1.283000,-0.022567,0.199624,-8.621713
1.284000,-0.022863,0.185153,-8.771036
1.285000,-0.022731,0.171339,-8.909505
1.286000,-0.022666,0.157197,-9.034817
1.287000,-0.022731,0.142397,-9.145330
1.288000,-0.022995,0.127597,-9.251237
1.289000,-0.022995,0.114441,-9.343989
1.290000,-0.022929,0.099970,-9.424900
1.291000,-0.022863,0.085828,-9.495943
1.292000,-0.022633,0.071357,-9.554818
1.293000,-0.022501,0.057543,-9.601522
1.294000,-0.022501,0.043730,-9.639675
1.295000,-0.022501,0.029916,-9.665330
1.296000,-0.022501,0.015774,-9.681776
1.297000,-0.022139,0.001632,-9.687038
1.298000,-0.022205,-0.011853,-9.683420
1.299000,-0.021809,-0.025338,-9.665330
1.300000,-0.021711,-0.038493,-9.640333
1.301000,-0.021579,-0.051649,-9.605798
1.302000,-0.021381,-0.064805,-9.558107
1.303000,-0.021217,-0.078289,-9.499561
1.304000,-0.020986,-0.090787,-9.436082
1.305000,-0.020624,-0.103943,-9.362736
1.306000,-0.020229,-0.116440,-9.274261
1.307000,-0.020229,-0.128938,-9.178220
1.308000,-0.020097,-0.141436,-9.078562
1.309000,-0.019801,-0.152947,-8.965418
1.310000,-0.019406,-0.165116,-8.843066
1.311000,-0.019076,-0.176299,-8.716438
1.312000,-0.018648,-0.188797,-8.585205
1.313000,-0.018582,-0.200308,-8.436211
1.314000,-0.018253,-0.211161,-8.282284
1.315000,-0.017825,-0.222015,-8.128357
1.316000,-0.017364,-0.232539,-7.964235
1.317000,-0.017035,-0.243064,-7.783667
1.318000,-0.016771,-0.253917,-7.604415
1.319000,-0.016541,-0.263784,-7.424506
1.320000,-0.016212,-0.273322,-7.225850
1.321000,-0.015882,-0.282860,-7.023575
1.322000,-0.015158,-0.292069,-6.822946
1.323000,-0.014796,-0.301935,-6.614752
1.324000,-0.014499,-0.309829,-6.394060
1.325000,-0.014071,-0.318380,-6.172382
1.326000,-0.013709,-0.326602,-5.954979
1.327000,-0.013413,-0.334496,-5.720804
1.328000,-0.012491,-0.342060,-5.484326
1.329000,-0.012129,-0.349625,-5.252124
1.330000,-0.011569,-0.356860,-5.019264
1.331000,-0.011174,-0.363767,-4.763711
1.332000,-0.010844,-0.369687,-4.513092
1.333000,-0.010416,-0.376594,-4.267735
1.334000,-0.010087,-0.381856,-4.012841
1.335000,-0.009000,-0.387447,-3.748080
1.336000,-0.008375,-0.392709,-3.491213
1.337000,-0.007782,-0.396985,-3.236319
1.338000,-0.007453,-0.400932,-2.962679
1.339000,-0.007222,-0.405207,-2.692328
1.340000,-0.006564,-0.408825,-2.430528
1.341000,-0.007387,-0.414087,-2.164782
1.342000,-0.002546,-0.412443,-1.881934
1.343000,-0.004489,-0.416718,-1.604677
1.344000,-0.006761,-0.422967,-1.343536
1.345000,-0.001624,-0.419021,-1.063978
1.346000,0.001372,-0.417705,-0.776197
1.347000,-0.005115,-0.419350,-0.495652
1.348000,0.002064,-0.423625,-0.220041
1.349000,0.000253,-0.421323,0.078921
1.350000,-0.003139,-0.420007,0.371963
1.351000,0.001833,-0.419021,0.655138
1.352000,0.004039,-0.414087,0.942589
1.353000,0.000911,-0.416061,1.241550
1.354000,0.003941,-0.411785,1.525054
1.355000,0.005225,-0.408167,1.799677
1.356000,0.006081,-0.404878,2.088772
1.357000,0.007201,-0.399616,2.368986
1.358000,0.007892,-0.395012,2.643609
1.359000,0.008584,-0.388763,2.917574
1.360000,0.009308,-0.383171,3.201406
1.361000,0.010164,-0.376265,3.475042
1.362000,0.010954,-0.368700,3.739470
1.363000,0.011942,-0.360807,4.018039
1.364000,0.012733,-0.352585,4.290031
1.365000,0.013556,-0.343705,4.557418
1.366000,0.014346,-0.334824,4.820201
1.367000,0.015103,-0.324958,5.093179
1.368000,0.015795,-0.314762,5.356619
1.369000,0.016552,-0.304238,5.611838
1.370000,0.017277,-0.293055,5.870345
1.371000,0.017935,-0.282531,6.126550
1.372000,0.018429,-0.270362,6.372889
1.373000,0.018989,-0.258850,6.610676
1.374000,0.019549,-0.245695,6.852410
1.375000,0.020043,-0.233197,7.082962
1.376000,0.020570,-0.220370,7.302003
1.377000,0.020932,-0.206886,7.515781
1.378000,0.021162,-0.194059,7.725942
1.379000,0.021623,-0.180574,7.921632
1.380000,0.021854,-0.166761,8.107126
1.381000,0.021985,-0.152619,8.289989
1.382000,0.022249,-0.137818,8.459039
1.383000,0.022479,-0.124005,8.615920
1.384000,0.022512,-0.109863,8.760632
1.385000,0.022743,-0.096049,8.902055
1.386000,0.022710,-0.081907,9.028678
1.387000,0.022776,-0.067107,9.142146
1.388000,0.022809,-0.053622,9.246404
1.389000,0.022875,-0.038493,9.338823
1.390000,0.022809,-0.025009,9.411837
1.391000,0.022545,-0.010866,9.468406
1.392000,0.022578,0.003605,9.512806
1.393000,0.022446,0.018405,9.545367
1.394000,0.022414,0.031561,9.573322
1.395000,0.022381,0.045703,9.591083
1.396000,0.022216,0.059188,9.605225
1.397000,0.021788,0.072343,9.612460
1.398000,0.021788,0.086486,9.617065
1.399000,0.021722,0.099970,9.617394
1.400000,0.021459,0.113455,9.604567
1.401000,0.021459,0.126610,9.578914
1.402000,0.021393,0.140095,9.539775
1.403000,0.020998,0.152922,9.488468
1.404000,0.020932,0.165748,9.428939
1.405000,0.020701,0.178575,9.360530
1.406000,0.020504,0.191402,9.276005
1.407000,0.020207,0.203900,9.182928
1.408000,0.020076,0.215740,9.084590
1.409000,0.019582,0.227909,8.975069
1.410000,0.019351,0.240078,8.853379
1.411000,0.018989,0.251589,8.726427
1.412000,0.018857,0.263429,8.596844
1.413000,0.018495,0.274940,8.452132
1.414000,0.018166,0.285794,8.297554
1.415000,0.017869,0.296976,8.142646
1.416000,0.017606,0.307829,7.982477
1.417000,0.017178,0.318683,7.800929
1.418000,0.016816,0.328549,7.622013
1.419000,0.016388,0.339074,7.440465
1.420000,0.016223,0.348941,7.248394
1.421000,0.015762,0.358150,7.042837
1.422000,0.015400,0.367359,6.839583
1.423000,0.014906,0.376239,6.638632
1.424000,0.014478,0.385119,6.415644
1.425000,0.014050,0.393999,6.192657
1.426000,0.013622,0.402221,5.972959
1.427000,0.015202,0.410114,5.749971
1.428000,0.012700,0.418008,5.506593
1.429000,0.012239,0.425572,5.270121
1.430000,0.011745,0.432808,5.035952
1.431000,0.011119,0.439057,4.786983
1.432000,0.010691,0.445964,4.534396
1.433000,0.010263,0.451555,4.285755
1.434000,0.009835,0.457804,4.039746
1.435000,0.009275,0.463066,3.769070
1.436000,0.008584,0.467999,3.510562
1.437000,0.007958,0.472933,3.253371
1.438000,0.007332,0.477537,2.989601
1.439000,0.006707,0.481813,2.715636
1.440000,0.006410,0.485102,2.450551
1.441000,0.005949,0.487733,2.189412
1.442000,0.004961,0.490035,1.906566
1.443000,0.003908,0.492666,1.633916
1.444000,0.001833,0.492995,1.365213
1.445000,-0.001097,0.495626,1.097167
1.446000,0.005225,0.500888,0.805112
1.447000,-0.003106,0.495297,0.521937
1.448000,-0.001065,0.500231,0.245340
1.449000,-0.000143,0.498257,-0.036191
1.450000,0.000878,0.492995,-0.323971
1.451000,-0.003172,0.498257,-0.610107
1.452000,-0.004884,0.492008,-0.897887
1.453000,0.000977,0.495297,-1.195206
1.454000,-0.006564,0.485759,-1.486605
1.455000,-0.005971,0.483457,-1.768466
1.456000,-0.005411,0.481155,-2.056576
1.457000,-0.007288,0.476550,-2.347647
1.458000,-0.007914,0.471617,-2.627864
1.459000,-0.008539,0.465697,-2.901504
1.460000,-0.009461,0.459119,-3.188300
1.461000,-0.010186,0.452541,-3.464572
1.462000,-0.010976,0.444977,-3.734266
1.463000,-0.011997,0.438070,-4.005934
1.464000,-0.012919,0.430177,-4.283522
1.465000,-0.013610,0.420968,-4.550586
1.466000,-0.014236,0.411759,-4.811401
1.467000,-0.015059,0.402221,-5.081755
1.468000,-0.015784,0.392025,-5.346517
1.469000,-0.016541,0.381172,-5.603716
1.470000,-0.015487,0.370976,-5.854665
1.471000,-0.017957,0.359136,-6.115153
1.472000,-0.018418,0.347954,-6.360183
1.473000,-0.018945,0.335785,-6.598307
1.474000,-0.019472,0.323616,-6.836431
1.475000,-0.019998,0.309803,-7.069622
1.476000,-0.020624,0.297305,-7.289328
1.477000,-0.021085,0.284478,-7.499496
1.478000,-0.021316,0.271322,-7.710980
1.479000,-0.021612,0.257180,-7.907335
1.480000,-0.021875,0.243696,-8.093823
1.481000,-0.021974,0.229553,-8.271759
1.482000,-0.022435,0.215411,-8.444434
1.483000,-0.022699,0.201926,-8.601321
1.484000,-0.022830,0.187784,-8.747355
1.485000,-0.022863,0.173313,-8.888126
1.486000,-0.022731,0.158842,-9.016399
1.487000,-0.022731,0.144699,-9.129213
1.488000,-0.022731,0.129899,-9.236108
1.489000,-0.022830,0.116415,-9.330832
1.490000,-0.022863,0.101615,-9.414375
1.491000,-0.022962,0.087472,-9.484761
1.492000,-0.022863,0.073659,-9.545279
1.493000,-0.022633,0.060174,-9.596589
1.494000,-0.022567,0.045703,-9.634413
1.495000,-0.022402,0.031232,-9.663028
1.496000,-0.022435,0.017418,-9.679144
1.497000,-0.022336,0.003934,-9.686051
1.498000,-0.022270,-0.009551,-9.684407
1.499000,-0.022007,-0.022706,-9.669277
1.500000,-0.021612,-0.036849,-9.645267
1.501000,-0.021480,-0.050004,-9.611389
1.502000,-0.021316,-0.063489,-9.569289
1.503000,-0.021217,-0.076316,-9.510086
1.504000,-0.021151,-0.089471,-9.445621
1.505000,-0.020723,-0.101969,-9.371617
1.506000,-0.020558,-0.115125,-9.290377
1.507000,-0.020196,-0.127294,-9.193021
1.508000,-0.019933,-0.139463,-9.092047
1.509000,-0.019768,-0.151632,-8.985153
1.510000,-0.019669,-0.164130,-8.861813
1.511000,-0.019175,-0.174983,-8.735843
1.512000,-0.018912,-0.187152,-8.602637
1.513000,-0.018484,-0.198006,-8.464497
1.514000,-0.018056,-0.209517,-8.305307
1.515000,-0.017792,-0.220699,-8.149407
1.516000,-0.017595,-0.231552,-7.989231
1.517000,-0.017430,-0.241419,-7.813926
1.518000,-0.017101,-0.251286,-7.629741
1.519000,-0.016541,-0.261810,-7.449174
1.520000,-0.016113,-0.272006,-7.264002
1.521000,-0.015619,-0.281544,-7.056465
1.522000,-0.015355,-0.291411,-6.850902
1.523000,-0.015224,-0.299633,-6.645997
1.524000,-0.014730,-0.308842,-6.431555
1.525000,-0.014269,-0.317064,-6.204943
1.526000,-0.013511,-0.325287,-5.982278
1.527000,-0.013083,-0.334824,-5.761258
1.528000,-0.012655,-0.341073,-5.522807
1.529000,-0.012359,-0.348967,-5.283698
1.530000,-0.011865,-0.355873,-5.049852
1.531000,-0.011964,-0.362780,-4.808770
1.532000,-0.010910,-0.369029,-4.550915
1.533000,-0.010317,-0.375278,-4.302269
1.534000,-0.009692,-0.381527,-4.054282
1.535000,-0.009099,-0.386789,-3.792152
1.536000,-0.008902,-0.392709,-3.528049
1.537000,-0.008243,-0.396327,-3.269537
1.538000,-0.007716,-0.400932,-2.981097
1.539000,-0.006761,-0.404878,-2.734755
1.540000,-0.005905,-0.408496,-2.468022
1.541000,-0.004456,-0.411785,-2.202934
1.542000,-0.002546,-0.412772,-1.930610
1.543000,-0.002217,-0.414745,-1.649078
1.544000,-0.002645,-0.416390,-1.375439
1.545000,0.001800,-0.416718,-1.109036
1.546000,-0.008276,-0.426914,-0.823887
1.547000,0.001800,-0.416061,-0.532488
1.548000,-0.002612,-0.422638,-0.261153
1.549000,-0.000044,-0.421652,0.025970
1.550000,-0.003304,-0.419021,0.328221
1.551000,0.001767,-0.418034,0.607449
1.552000,0.004665,-0.414416,0.893584
1.553000,0.006114,-0.415074,1.189257
1.554000,0.003908,-0.413430,1.484271
1.555000,0.005357,-0.409483,1.762513
1.556000,0.006213,-0.403234,2.035491
1.557000,0.006740,-0.400274,2.327875
1.558000,0.007596,-0.395669,2.604471
1.559000,0.008287,-0.389749,2.876792
1.560000,0.009110,-0.383500,3.155033
1.561000,0.010131,-0.376923,3.432615
1.562000,0.010987,-0.370016,3.702634
1.563000,0.011843,-0.362780,3.968048
1.564000,0.012601,-0.354229,4.246946
1.565000,0.013457,-0.345678,4.517622
1.566000,0.014214,-0.336469,4.781721
1.567000,0.014972,-0.325944,5.048121
1.568000,0.015795,-0.316407,5.316495
1.569000,0.016453,-0.306211,5.574673
1.570000,0.017112,-0.295357,5.827918
1.571000,0.017771,-0.283846,6.086097
1.572000,0.018429,-0.272006,6.337368
1.573000,0.019055,-0.260166,6.576800
1.574000,0.019746,-0.247339,6.810970
1.575000,0.020076,-0.235170,7.048099
1.576000,0.020372,-0.222672,7.271416
1.577000,0.020767,-0.209188,7.483550
1.578000,0.021162,-0.196032,7.694369
1.579000,0.021557,-0.182219,7.893347
1.580000,0.021854,-0.168076,8.080815
1.581000,0.022051,-0.154592,8.256771
1.582000,0.022282,-0.140450,8.432399
1.583000,0.022348,-0.126636,8.593227
1.584000,0.022545,-0.112494,8.741228
1.585000,0.022743,-0.098680,8.881006
1.586000,0.022776,-0.083880,9.010589
1.587000,0.022973,-0.069738,9.126030
1.588000,0.022907,-0.055267,9.231275
1.589000,0.022809,-0.041453,9.325338
1.590000,0.022743,-0.026982,9.403285
1.591000,0.022743,-0.013169,9.461828
1.592000,0.022743,0.001303,9.506886
1.593000,0.022644,0.015445,9.541749
1.594000,0.022545,0.029587,9.568718
1.595000,0.022249,0.042743,9.589438
1.596000,0.022216,0.057214,9.603252
1.597000,0.022051,0.070699,9.611145
1.598000,0.021985,0.084183,9.617394
1.599000,0.021920,0.097997,9.620354
1.600000,0.021722,0.111152,9.607198
1.601000,0.021524,0.124637,9.583189
1.602000,0.021360,0.137135,9.547998
1.603000,0.021096,0.150948,9.499651
1.604000,0.020932,0.163775,9.439792
1.605000,0.020701,0.176931,9.370067
1.606000,0.020602,0.189428,9.293107
1.607000,0.020273,0.201926,9.197728
1.608000,0.019977,0.214095,9.099061
1.609000,0.019483,0.226264,8.993816
1.610000,0.019450,0.238433,8.876731
1.611000,0.019187,0.249616,8.748463
1.612000,0.018857,0.261785,8.614933
1.613000,0.018561,0.273296,8.479101
1.614000,0.018166,0.283820,8.325838
1.615000,0.017869,0.294674,8.165011
1.616000,0.017606,0.306185,8.003197
1.617000,0.019187,0.316380,7.838094
1.618000,0.016947,0.327234,7.650955
1.619000,0.016519,0.337101,7.467105
1.620000,0.016223,0.346967,7.280296
1.621000,0.015861,0.356834,7.080002
1.622000,0.015367,0.366043,6.871814
1.623000,0.015005,0.374923,6.667903
1.624000,0.014642,0.384461,6.460702
1.625000,0.014148,0.393341,6.230150
1.626000,0.013720,0.400905,6.006834
1.627000,0.013292,0.408799,5.783847
1.628000,0.012700,0.416363,5.553624
1.629000,0.012337,0.423928,5.308273
1.630000,0.011745,0.431492,5.072130
1.631000,0.011448,0.438070,4.836645
1.632000,0.010856,0.444319,4.577809
1.633000,0.010395,0.450897,4.324893
1.634000,0.009967,0.456817,4.074937
1.635000,0.009143,0.461750,3.822350
1.636000,0.008748,0.467013,3.553318
1.637000,0.008024,0.471946,3.294153
1.638000,0.007398,0.476879,3.035646
1.639000,0.006970,0.480497,2.764969
1.640000,0.006443,0.484115,2.492320
1.641000,0.005686,0.487404,2.228221
1.642000,0.004665,0.490364,1.934851
1.643000,0.004336,0.492995,1.678317
1.644000,0.001438,0.495626,1.403035
1.645000,0.006246,0.496942,1.133016
1.646000,0.005389,0.500888,0.857735
1.647000,-0.003040,0.494639,0.563378
1.648000,-0.003139,0.500888,0.290069
1.649000,-0.000077,0.498257,0.020049
1.650000,-0.005214,0.500888,-0.280228
1.651000,0.004204,0.501546,-0.557155
1.652000,-0.000702,0.496613,-0.852829
1.653000,-0.003534,0.492666,-1.134032
1.654000,-0.001526,0.492008,-1.437271
1.655000,-0.006432,0.485102,-1.724065
1.656000,-0.005872,0.481813,-2.006256
1.657000,-0.006992,0.476879,-2.296011
1.658000,-0.007815,0.472933,-2.582148
1.659000,-0.008441,0.467341,-2.859077
1.660000,-0.009264,0.459119,-3.132059
1.661000,-0.010021,0.453857,-3.417869
1.662000,-0.011009,0.446621,-3.691181
1.663000,-0.012063,0.439057,-3.958902
1.664000,-0.012721,0.431492,-4.232543
1.665000,-0.013676,0.422612,-4.506514
1.666000,-0.014269,0.413403,-4.771605
1.667000,-0.015092,0.404523,-5.031105
1.668000,-0.015685,0.393999,-5.301129
1.669000,-0.016409,0.382816,-5.562275
1.670000,-0.017232,0.372621,-5.813882
1.671000,-0.017858,0.361439,-6.068121
1.672000,-0.018484,0.349598,-6.319400
1.673000,-0.018780,0.337429,-6.560483
1.674000,-0.019340,0.325918,-6.793016
1.675000,-0.019801,0.312763,-7.028509
1.676000,-0.020492,0.299607,-7.252819
1.677000,-0.020855,0.286451,-7.466606
1.678000,-0.021118,0.272967,-7.671183
1.679000,-0.021744,0.259482,-7.875431
1.680000,-0.021744,0.245669,-8.065208
1.681000,-0.022106,0.231855,-8.241171
1.682000,-0.022369,0.218371,-8.414175
1.683000,-0.022567,0.204229,-8.575666
1.684000,-0.022600,0.189757,-8.725976
1.685000,-0.022863,0.175615,-8.862800
1.686000,-0.022731,0.161802,-8.994362
1.687000,-0.022633,0.147330,-9.112110
1.688000,-0.022764,0.132859,-9.218018
1.689000,-0.022830,0.118717,-9.315045
1.690000,-0.022962,0.104575,-9.400889
1.691000,-0.022962,0.090103,-9.474893
1.692000,-0.022896,0.075961,-9.534425
1.693000,-0.022633,0.061819,-9.589024
1.694000,-0.022633,0.048334,-9.627835
1.695000,-0.022501,0.033863,-9.658094
1.696000,-0.022468,0.019721,-9.677829
1.697000,-0.022369,0.006236,-9.684736
1.698000,-0.022205,-0.007249,-9.684736
1.699000,-0.021908,-0.021062,-9.673553
1.700000,-0.021645,-0.034875,-9.649872
1.701000,-0.021480,-0.048031,-9.615994
1.702000,-0.021283,-0.060529,-9.575210
1.703000,-0.021348,-0.074342,-9.522914
1.704000,-0.021184,-0.087169,-9.458448
1.705000,-0.020789,-0.099667,-9.385102
1.706000,-0.020525,-0.112823,-9.305836
1.707000,-0.020262,-0.124992,-9.213084
1.708000,-0.020097,-0.137161,-9.108821
1.709000,-0.019867,-0.149987,-9.000611
1.710000,-0.019669,-0.162156,-8.888455
1.711000,-0.019241,-0.173010,-8.758866
1.712000,-0.018846,-0.184850,-8.623358
1.713000,-0.018517,-0.197019,-8.487520
1.714000,-0.018253,-0.208201,-8.338856
1.715000,-0.018089,-0.218397,-8.176706
1.716000,-0.017825,-0.229250,-8.013570
1.717000,-0.017364,-0.239775,-7.848461
1.718000,-0.017035,-0.249970,-7.665591
1.719000,-0.016508,-0.260166,-7.477788
1.720000,-0.016245,-0.270033,-7.290643
1.721000,-0.017364,-0.280557,-7.098894
1.722000,-0.015553,-0.289766,-6.886424
1.723000,-0.015290,-0.298317,-6.679874
1.724000,-0.014664,-0.307526,-6.471352
1.725000,-0.014236,-0.316078,-6.247700
1.726000,-0.013610,-0.324300,-6.020430
1.727000,-0.013215,-0.332193,-5.796121
1.728000,-0.012886,-0.340087,-5.574773
1.729000,-0.012557,-0.347980,-5.327112
1.730000,-0.011931,-0.354887,-5.086688
1.731000,-0.011602,-0.361136,-4.850869
1.732000,-0.010943,-0.368042,-4.600249
1.733000,-0.010285,-0.373963,-4.343381
1.734000,-0.009922,-0.380540,-4.092105
1.735000,-0.009494,-0.385803,-3.843459
1.736000,-0.008967,-0.390736,-3.575081
1.737000,-0.008309,-0.395998,-3.310978
1.738000,-0.007453,-0.399945,-3.054111
1.739000,-0.005740,-0.403892,-2.793298
1.740000,-0.006037,-0.408496,-2.514067
1.741000,-0.005082,-0.410470,-2.244374
1.742000,-0.007321,-0.415732,-1.979286
1.743000,-0.007354,-0.419021,-1.700714
1.744000,-0.003699,-0.420007,-1.426746
1.745000,0.001636,-0.415732,-1.150805
1.746000,-0.003468,-0.422310,-0.884074
1.747000,-0.006893,-0.428559,-0.594649
1.748000,0.001240,-0.422967,-0.310158
1.749000,-0.000208,-0.422310,-0.022378
1.750000,0.003875,-0.421652,0.270665
1.751000,0.004863,-0.420007,0.565680
1.752000,0.000055,-0.418034,0.854117
1.753000,0.001142,-0.418363,1.136305
1.754000,0.005389,-0.412443,1.429018
1.755000,0.004698,-0.409483,1.715810
1.756000,0.005587,-0.406194,1.993065
1.757000,0.006147,-0.400603,2.270648
1.758000,0.007299,-0.395998,2.555795
1.759000,0.008188,-0.390736,2.832063
1.760000,0.009242,-0.385145,3.101424
1.761000,0.009967,-0.378238,3.382295
1.762000,0.010790,-0.371660,3.656918
1.763000,0.011580,-0.363438,3.925621
1.764000,0.012403,-0.355216,4.193008
1.765000,0.013226,-0.346993,4.471249
1.766000,0.014050,-0.338113,4.737978
1.767000,0.014807,-0.328247,4.998130
1.768000,0.015597,-0.318709,5.266833
1.769000,0.016223,-0.308184,5.530931
1.770000,0.016849,-0.297331,5.786807
1.771000,0.017672,-0.285820,6.035777
1.772000,0.018297,-0.273979,6.291653
1.773000,0.019055,-0.262468,6.535689
1.774000,0.019417,-0.250628,6.771174
1.775000,0.019779,-0.237801,7.003370
1.776000,0.020306,-0.224646,7.230962
1.777000,0.020734,-0.211161,7.448359
1.778000,0.021228,-0.198006,7.654573
1.779000,0.021393,-0.184850,7.856512
1.780000,0.021854,-0.171036,8.048584
1.781000,0.021953,-0.157552,8.227829
1.782000,0.022084,-0.143081,8.398523
1.783000,0.022348,-0.128938,8.564613
1.784000,0.022512,-0.115125,8.717547
1.785000,0.022611,-0.100983,8.854695
1.786000,0.022776,-0.086182,8.986909
1.787000,0.022842,-0.072040,9.105968
1.788000,0.022776,-0.058556,9.214502
1.789000,0.022776,-0.043755,9.310209
1.790000,0.022710,-0.029942,9.389472
1.791000,0.022710,-0.015471,9.449988
1.792000,0.022644,-0.001328,9.498993
1.793000,0.022479,0.013143,9.536815
1.794000,0.022512,0.026956,9.564113
1.795000,0.022216,0.040441,9.585820
1.796000,0.022150,0.054254,9.599634
1.797000,0.021920,0.068396,9.611145
1.798000,0.021920,0.082210,9.617394
1.799000,0.021854,0.095694,9.619367
1.800000,0.021755,0.108850,9.611145
1.801000,0.021492,0.121677,9.586478
1.802000,0.021294,0.135161,9.554247
1.803000,0.021129,0.148646,9.510504
1.804000,0.020833,0.161473,9.451304
1.805000,0.020866,0.174628,9.381579
1.806000,0.020438,0.187455,9.305934
1.807000,0.020372,0.200282,9.218449
1.808000,0.020010,0.212451,9.116492
1.809000,0.019779,0.224291,9.011576
1.810000,0.019417,0.235473,8.899095
1.811000,0.019351,0.247642,8.775761
1.812000,0.018989,0.259811,8.638942
1.813000,0.018627,0.270665,8.502782
1.814000,0.018199,0.281847,8.359056
1.815000,0.018001,0.293029,8.194282
1.816000,0.017705,0.303883,8.031152
1.817000,0.017277,0.314407,7.866707
1.818000,0.016914,0.325261,7.690422
1.819000,0.016618,0.335127,7.499666
1.820000,0.016322,0.345652,7.308252
1.821000,0.015861,0.354861,7.120784
1.822000,0.015729,0.364399,6.912268
1.823000,0.014873,0.373279,6.702107
1.824000,0.014609,0.382816,6.493920
1.825000,0.014181,0.391039,6.280142
1.826000,0.013819,0.399919,6.047288
1.827000,0.013391,0.407154,5.819367
1.828000,0.012831,0.415048,5.596709
1.829000,0.012403,0.422612,5.354975
1.830000,0.011843,0.429848,5.110939
1.831000,0.011317,0.436755,4.872494
1.832000,0.010954,0.443661,4.633391
1.833000,0.010329,0.449910,4.370609
1.834000,0.010131,0.455501,4.115390
1.835000,0.009440,0.460435,3.866421
1.836000,0.008946,0.465697,3.607585
1.837000,0.008123,0.471617,3.338882
1.838000,0.007431,0.475893,3.076757
1.839000,0.007201,0.480168,2.819894
1.840000,0.006740,0.482799,2.542640
1.841000,0.005916,0.486417,2.272292
1.842000,0.005027,0.490035,2.006549
1.843000,0.005785,0.492666,1.737846
1.844000,0.005521,0.494968,1.451382
1.845000,0.002986,0.492995,1.182679
1.846000,0.006147,0.500888,0.907726
1.847000,0.003875,0.500559,0.626196
1.848000,-0.001295,0.501546,0.338745
1.849000,0.000022,0.498257,0.064121
1.850000,-0.000933,0.497599,-0.226948
1.851000,-0.004785,0.498257,-0.510124
1.852000,-0.001657,0.494310,-0.794286
1.853000,-0.006498,0.489706,-1.083382
1.854000,-0.007486,0.486746,-1.377412
1.855000,-0.002678,0.488390,-1.675389
1.856000,-0.006860,0.481813,-1.959224
1.857000,-0.006465,0.477866,-2.236152
1.858000,-0.007123,0.473590,-2.530183
1.859000,-0.008309,0.467670,-2.811716
1.860000,-0.008967,0.461750,-3.086343
1.861000,-0.010285,0.454515,-3.361628
1.862000,-0.011042,0.447937,-3.642175
1.863000,-0.011602,0.440701,-3.913514
1.864000,-0.012491,0.432808,-4.179591
1.865000,-0.013215,0.424257,-4.454877
1.866000,-0.013940,0.415048,-4.725888
1.867000,-0.014730,0.405510,-4.988348
1.868000,-0.015553,0.393999,-5.245217
1.869000,-0.016541,0.385776,-5.514584
1.870000,-0.017199,0.373936,-5.770796
1.871000,-0.017496,0.363412,-6.020759
1.872000,-0.018220,0.351572,-6.271381
1.873000,-0.018747,0.339403,-6.518384
1.874000,-0.019373,0.327563,-6.754864
1.875000,-0.020031,0.315065,-6.981476
1.876000,-0.020361,0.301580,-7.213022
1.877000,-0.020920,0.288754,-7.429769
1.878000,-0.021151,0.275269,-7.637635
1.879000,-0.021480,0.262113,-7.835305
1.880000,-0.021711,0.247971,-8.030673
1.881000,-0.022073,0.234158,-8.212228
1.882000,-0.022205,0.220673,-8.379640
1.883000,-0.022666,0.206860,-8.546065
1.884000,-0.022666,0.192717,-8.699006
1.885000,-0.022633,0.178246,-8.841092
1.886000,-0.023061,0.164104,-8.969036
1.887000,-0.022699,0.149962,-9.091718
1.888000,-0.023094,0.135161,-9.199928
1.889000,-0.022962,0.121677,-9.297284
1.890000,-0.023028,0.106877,-9.385102
1.891000,-0.022863,0.093063,-9.462395
1.892000,-0.022764,0.078592,-9.526532
1.893000,-0.022699,0.064121,-9.579486
1.894000,-0.022633,0.050636,-9.621257
1.895000,-0.022666,0.036165,-9.652503
1.896000,-0.022501,0.022681,-9.675197
1.897000,-0.022303,0.009196,-9.684407
1.898000,-0.021941,-0.004617,-9.685722
1.899000,-0.021875,-0.018431,-9.675855
1.900000,-0.021711,-0.032244,-9.657765
1.901000,-0.021612,-0.045400,-9.623230
1.902000,-0.021480,-0.059213,-9.581459
1.903000,-0.021480,-0.072040,-9.532781
1.904000,-0.021184,-0.084867,-9.473249
1.905000,-0.020690,-0.098023,-9.399574
1.906000,-0.020624,-0.110192,-9.318992
1.907000,-0.020295,-0.123018,-9.233147
1.908000,-0.020196,-0.135187,-9.129542
1.909000,-0.019998,-0.147356,-9.020675
1.910000,-0.019472,-0.158867,-8.906544
1.911000,-0.019175,-0.171036,-8.782218
1.912000,-0.018879,-0.182219,-8.648354
1.913000,-0.018648,-0.194717,-8.509557
1.914000,-0.018484,-0.205899,-8.367799
1.915000,-0.018089,-0.216752,-8.210254
1.916000,-0.017726,-0.227935,-8.042843
1.917000,-0.017397,-0.238459,-7.874115
1.918000,-0.016903,-0.248655,-7.706704
1.919000,-0.016673,-0.258522,-7.513639
1.920000,-0.016277,-0.268717,-7.322876
1.921000,-0.016014,-0.278255,-7.131455
1.922000,-0.015619,-0.287793,-6.931812
1.923000,-0.015092,-0.296344,-6.717040
1.924000,-0.014631,-0.306211,-6.507859
1.925000,-0.014236,-0.314762,-6.295061
1.926000,-0.013808,-0.322655,-6.065490
1.927000,-0.013413,-0.330549,-5.835589
1.928000,-0.013248,-0.338771,-5.611280
1.929000,-0.012622,-0.346336,-5.382038
1.930000,-0.011865,-0.353571,-5.130760
1.931000,-0.011305,-0.360149,-4.888692
1.932000,-0.011042,-0.367056,-4.649584
1.933000,-0.010383,-0.373634,-4.395347
1.934000,-0.010317,-0.379225,-4.136834
1.935000,-0.009791,-0.385474,-3.884571
1.936000,-0.008902,-0.390078,-3.634940
1.937000,-0.008276,-0.395669,-3.361957
1.938000,-0.007486,-0.399616,-3.098512
1.939000,-0.007123,-0.403563,-2.838686
1.940000,-0.007486,-0.407838,-2.570637
1.941000,-0.005576,-0.410470,-2.293708
1.942000,-0.005378,-0.413430,-2.024016
1.943000,-0.004193,-0.415403,-1.758270
1.944000,-0.000143,-0.415732,-1.476409
1.945000,0.001306,-0.416061,-1.198824
1.946000,0.001669,-0.417376,-0.921568
1.947000,-0.007551,-0.427901,-0.655165
1.948000,-0.000175,-0.427243,-0.357847
1.949000,-0.000241,-0.421981,-0.071382
1.950000,0.000681,-0.421652,0.209491
1.951000,-0.003238,-0.421652,0.499902
1.952000,-0.001690,-0.422638,0.799192
1.953000,0.000878,-0.415403,1.086314
1.954000,0.005225,-0.412114,1.376066
1.955000,0.004994,-0.410470,1.662530
1.956000,0.005850,-0.406852,1.944389
1.957000,0.006740,-0.402247,2.219012
1.958000,0.007431,-0.397314,2.498569
1.959000,0.008188,-0.392052,2.783058
1.960000,0.008946,-0.386132,3.057023
1.961000,0.009670,-0.379883,3.326055
1.962000,0.010823,-0.372647,3.603309
1.963000,0.011448,-0.365082,3.878919
1.964000,0.012370,-0.357189,4.145319
1.965000,0.013062,-0.348967,4.413035
1.966000,0.013885,-0.339758,4.688645
1.967000,0.014642,-0.330220,4.954388
1.968000,0.015433,-0.320682,5.214539
1.969000,0.016223,-0.309829,5.478637
1.970000,0.016882,-0.299633,5.741420
1.971000,0.017606,-0.288451,5.993021
1.972000,0.018133,-0.278584,6.239359
1.973000,0.018660,-0.265099,6.491289
1.974000,0.019154,-0.252602,6.731378
1.975000,0.019878,-0.240104,6.960615
1.976000,0.020339,-0.227277,7.188864
1.977000,0.020734,-0.214450,7.409550
1.978000,0.021063,-0.200966,7.619053
1.979000,0.021360,-0.187810,7.815729
1.980000,0.021623,-0.173996,8.013392
1.981000,0.021985,-0.159525,8.199216
1.982000,0.022117,-0.145712,8.369581
1.983000,0.022381,-0.131898,8.531724
1.984000,0.022446,-0.118085,8.688276
1.985000,0.022743,-0.103614,8.831344
1.986000,0.022743,-0.089142,8.962571
1.987000,0.022842,-0.075000,9.085905
1.988000,0.022809,-0.060529,9.197071
1.989000,0.022907,-0.046387,9.293436
1.990000,0.022809,-0.032573,9.377303
1.991000,0.022743,-0.018102,9.441108
1.992000,0.022578,-0.004288,9.490113
1.993000,0.022479,0.009854,9.529909
1.994000,0.022315,0.024325,9.560825
1.995000,0.022348,0.038138,9.582202
1.996000,0.022249,0.051952,9.598647
1.997000,0.022051,0.065765,9.609829
1.998000,0.021985,0.079250,9.615421
1.999000,0.021887,0.092406,9.619367
2.000000,0.021755,0.106548,9.613776
2.001000,0.021590,0.119375,9.593714
2.002000,0.021327,0.132859,9.558851
2.003000,0.021129,0.146015,9.515766
2.004000,0.021129,0.159499,9.465775
2.005000,0.020866,0.171668,9.395392
2.006000,0.020668,0.184824,9.318431
2.007000,0.020273,0.196993,9.234235
2.008000,0.020109,0.208833,9.140172
2.009000,0.019713,0.221660,9.029665
2.010000,0.019483,0.233829,8.917184
2.011000,0.019252,0.245998,8.799441
2.012000,0.018989,0.257509,8.665254
2.013000,0.018693,0.269020,8.523831
2.014000,0.018495,0.280202,8.381750
2.015000,0.018067,0.290727,8.228487
2.016000,0.017639,0.301580,8.060424
2.017000,0.017343,0.312434,7.892032
2.018000,0.017046,0.323616,7.722982
2.019000,0.016750,0.333483,7.539132
2.020000,0.016388,0.343678,7.343114
2.021000,0.015960,0.352230,7.152029
2.022000,0.015531,0.362425,6.957984
2.023000,0.015103,0.371963,6.741245
2.024000,0.014708,0.380514,6.527796
2.025000,0.014148,0.389723,6.315662
2.026000,0.014050,0.397617,6.093332
2.027000,0.013490,0.405510,5.859163
2.028000,0.013095,0.413403,5.631900
2.029000,0.012403,0.420968,5.405295
2.030000,0.011942,0.427875,5.158628
2.031000,0.011415,0.435768,4.911961
2.032000,0.011053,0.442017,4.670556
2.033000,0.011086,0.448595,4.426191
2.034000,0.010131,0.454186,4.162750
2.035000,0.009604,0.460435,3.906217
2.036000,0.008880,0.465039,3.654287
2.037000,0.008155,0.469644,3.389202
2.038000,0.007563,0.474248,3.122144
2.039000,0.006937,0.478524,2.860676
2.040000,0.006740,0.482799,2.601511
2.041000,0.006180,0.485759,2.320968
2.042000,0.005389,0.489048,2.050291
2.043000,0.004566,0.492008,1.784219
2.044000,0.004039,0.495297,1.505978
2.045000,0.000450,0.496613,1.228066
2.046000,0.004830,0.496284,0.948509
2.047000,-0.002612,0.494310,0.682107
2.048000,0.005324,0.495955,0.386105
2.049000,0.000253,0.497928,0.111810
2.050000,-0.000735,0.497271,-0.169721
2.051000,0.004435,0.501217,-0.444674
2.052000,-0.008177,0.489048,-0.752517
2.053000,-0.004456,0.492008,-1.033720
2.054000,-0.003040,0.489377,-1.327750
2.055000,-0.002085,0.488390,-1.621451
2.056000,-0.004226,0.484115,-1.912192
2.057000,-0.006564,0.478853,-2.192409
2.058000,-0.007551,0.474248,-2.471969
2.059000,-0.008342,0.468657,-2.761395
2.060000,-0.008902,0.463066,-3.041613
2.061000,-0.009626,0.456159,-3.315254
2.062000,-0.010482,0.449252,-3.588894
2.063000,-0.011371,0.442017,-3.867140
2.064000,-0.012359,0.434123,-4.136506
2.065000,-0.013248,0.425572,-4.400280
2.066000,-0.013874,0.416363,-4.677211
2.067000,-0.014993,0.407483,-4.943289
2.068000,-0.015323,0.397617,-5.204434
2.069000,-0.016014,0.386763,-5.462289
2.070000,-0.016804,0.376239,-5.725737
2.071000,-0.017660,0.365056,-5.980305
2.072000,-0.018220,0.353545,-6.224348
2.073000,-0.018846,0.341376,-6.472996
2.074000,-0.019307,0.329865,-6.714080
2.075000,-0.019636,0.316709,-6.945626
2.076000,-0.019965,0.303554,-7.167963
2.077000,-0.020558,0.290727,-7.392274
2.078000,-0.021151,0.277900,-7.602113
2.079000,-0.021579,0.264416,-7.800112
2.080000,-0.021809,0.250931,-7.994823
2.081000,-0.021941,0.237447,-8.181311
2.082000,-0.021974,0.222646,-8.352341
2.083000,-0.022468,0.209162,-8.513504
2.084000,-0.022600,0.195020,-8.673022
2.085000,-0.022764,0.180877,-8.816753
2.086000,-0.022863,0.166406,-8.947658
2.087000,-0.022830,0.152264,-9.068695
2.088000,-0.022764,0.138121,-9.181838
2.089000,-0.022764,0.123979,-9.281825
2.090000,-0.022797,0.109179,-9.369314
2.091000,-0.022764,0.095037,-9.449239
2.092000,-0.022962,0.080894,-9.515349
2.093000,-0.022863,0.067410,-9.572250
2.094000,-0.022666,0.053267,-9.615336
2.095000,-0.022534,0.038467,-9.649214
2.096000,-0.022402,0.024983,-9.671579
2.097000,-0.022336,0.010841,-9.685065
2.098000,-0.022270,-0.002973,-9.687038
2.099000,-0.022172,-0.016786,-9.677829
2.100000,-0.021941,-0.029942,-9.660068
2.101000,-0.021711,-0.042769,-9.633097
2.102000,-0.021414,-0.056582,-9.590011
2.103000,-0.021151,-0.070067,-9.539688
2.104000,-0.020953,-0.082565,-9.485089
2.105000,-0.020920,-0.095391,-9.414375
2.106000,-0.020657,-0.108876,-9.332477
2.107000,-0.020459,-0.120716,-9.245646
2.108000,-0.020163,-0.133543,-9.152894
2.109000,-0.019867,-0.145383,-9.042382
2.110000,-0.019537,-0.157552,-8.925292
2.111000,-0.019175,-0.169721,-8.807873
2.112000,-0.019011,-0.180903,-8.679929
2.113000,-0.018813,-0.192085,-8.534225
2.114000,-0.018517,-0.203926,-8.389836
2.115000,-0.018089,-0.214450,-8.240513
2.116000,-0.017858,-0.225304,-8.074746
2.117000,-0.017298,-0.236486,-7.903388
2.118000,-0.017035,-0.246681,-7.732358
2.119000,-0.016706,-0.257206,-7.553765
2.120000,-0.016409,-0.267073,-7.357081
2.121000,-0.016146,-0.276611,-7.163358
2.122000,-0.015685,-0.285820,-6.968978
2.123000,-0.015125,-0.295357,-6.757495
2.124000,-0.014697,-0.304238,-6.541736
2.125000,-0.014335,-0.313118,-6.327622
2.126000,-0.014005,-0.321669,-6.114167
2.127000,-0.013610,-0.329891,-5.877030
2.128000,-0.013083,-0.337784,-5.647459
2.129000,-0.012557,-0.344691,-5.419204
2.130000,-0.011964,-0.351598,-5.181411
2.131000,-0.011503,-0.359162,-4.931120
2.132000,-0.011042,-0.366069,-4.686749
2.133000,-0.010647,-0.372647,-4.446655
2.134000,-0.010186,-0.378896,-4.184524
2.135000,-0.009560,-0.383829,-3.926012
2.136000,-0.009132,-0.388763,-3.673092
2.137000,-0.005642,-0.395012,-3.420829
2.138000,-0.007716,-0.399287,-3.144228
2.139000,-0.007090,-0.402905,-2.879797
2.140000,-0.006794,-0.406852,-2.620300
2.141000,-0.005477,-0.409812,-2.347318
2.142000,-0.005345,-0.412114,-2.069074
2.143000,-0.002678,-0.414416,-1.800697
2.144000,-0.005675,-0.420665,-1.537583
2.145000,-0.003765,-0.419350,-1.244869
2.146000,0.001504,-0.418034,-0.971888
2.147000,-0.002678,-0.424612,-0.693974
2.148000,0.001372,-0.417047,-0.407509
2.149000,-0.000307,-0.422310,-0.119072
2.150000,0.000450,-0.421652,0.163446
2.151000,0.005719,-0.419678,0.446621
2.152000,0.006147,-0.415732,0.745254
2.153000,0.000055,-0.420007,1.042571
2.154000,0.005488,-0.413758,1.321142
2.155000,0.003447,-0.410470,1.603330
2.156000,0.005357,-0.406523,1.896042
2.157000,0.006377,-0.402905,2.175270
2.158000,0.007299,-0.399287,2.446933
2.159000,0.007925,-0.393038,2.730107
2.160000,0.008946,-0.387118,3.009006
2.161000,0.009604,-0.380869,3.282971
2.162000,0.010658,-0.374291,3.552002
2.163000,0.011251,-0.366727,3.831230
2.164000,0.012272,-0.358834,4.102235
2.165000,0.012963,-0.350282,4.366004
2.166000,0.013786,-0.341402,4.638325
2.167000,0.014609,-0.332193,4.909659
2.168000,0.015169,-0.322984,5.173099
2.169000,0.015894,-0.311802,5.428317
2.170000,0.016882,-0.301277,5.694060
2.171000,0.017573,-0.290424,5.951581
2.172000,0.017968,-0.278913,6.199564
2.173000,0.018693,-0.266744,6.445573
2.174000,0.019088,-0.254575,6.690596
2.175000,0.019680,-0.242406,6.924108
2.176000,0.020207,-0.229579,7.148082
2.177000,0.020537,-0.216752,7.371398
2.178000,0.020965,-0.202939,7.585177
2.179000,0.021327,-0.190112,7.786787
2.180000,0.021162,-0.176956,7.976557
2.181000,0.021821,-0.162814,8.166655
2.182000,0.022150,-0.148343,8.341625
2.183000,0.022381,-0.134201,8.507057
2.184000,0.022611,-0.120387,8.661965
2.185000,0.022677,-0.106574,8.808979
2.186000,0.022776,-0.092102,8.943495
2.187000,0.022710,-0.077631,9.064199
2.188000,0.022809,-0.063818,9.178653
2.189000,0.022842,-0.049347,9.279293
2.190000,0.022940,-0.035204,9.365792
2.191000,0.022743,-0.020404,9.431899
2.192000,0.022677,-0.006262,9.484193
2.193000,0.022479,0.007223,9.524646
2.194000,0.022479,0.021694,9.556549
2.195000,0.022315,0.035507,9.579571
2.196000,0.022282,0.049321,9.596674
2.197000,0.022150,0.063463,9.608185
2.198000,0.022150,0.076619,9.615421
2.199000,0.021953,0.090432,9.618052
2.200000,0.021623,0.103917,9.615092
2.201000,0.021524,0.116415,9.598976
2.202000,0.021459,0.130557,9.567731
2.203000,0.021162,0.143384,9.525633
2.204000,0.021063,0.156210,9.473339
2.205000,0.020800,0.170024,9.400654
2.206000,0.020635,0.181864,9.334218
2.207000,0.020372,0.194691,9.249035
2.208000,0.020109,0.206860,9.157275
2.209000,0.019911,0.219029,9.051043
2.210000,0.019648,0.231527,8.936918
2.211000,0.019417,0.243367,8.818188
2.212000,0.019055,0.254878,8.695841
2.213000,0.018528,0.266718,8.550142
2.214000,0.018297,0.277242,8.404772
2.215000,0.018001,0.289740,8.254469
2.216000,0.017836,0.299936,8.097588
2.217000,0.017375,0.310789,7.922290
2.218000,0.017178,0.321643,7.749951
2.219000,0.016783,0.331181,7.573995
2.220000,0.016388,0.341047,7.380607
2.221000,0.015927,0.350914,7.185247
2.222000,0.015564,0.360452,6.989228
2.223000,0.015235,0.370647,6.788276
2.224000,0.014906,0.378870,6.565618
2.225000,0.014478,0.387750,6.350853
2.226000,0.014050,0.396630,6.135101
2.227000,0.013391,0.404194,5.905536
2.228000,0.013062,0.412746,5.669722
2.229000,0.012601,0.419981,5.440157
2.230000,0.012140,0.427546,5.210592
2.231000,0.011613,0.434123,4.955045
2.232000,0.011119,0.441030,4.709694
2.233000,0.010625,0.446950,4.465329
2.234000,0.010098,0.453199,4.212742
2.235000,0.009506,0.458461,3.948314
2.236000,0.008913,0.464710,3.695398
2.237000,0.008485,0.468657,3.442482
2.238000,0.007859,0.474248,3.170819
2.239000,0.007563,0.478195,2.900801
2.240000,0.006970,0.481484,2.641636
2.241000,0.006246,0.485430,2.377537
2.242000,0.005027,0.488719,2.096994
2.243000,0.004764,0.491022,1.824673
2.244000,0.004336,0.493324,1.557614
2.245000,0.005982,0.494639,1.275755
2.246000,0.005488,0.499244,0.996856
2.247000,0.003150,0.499573,0.729467
2.248000,0.005850,0.497271,0.444648
2.249000,0.000318,0.497599,0.158513
2.250000,-0.000241,0.497599,-0.124992
2.251000,0.000516,0.491679,-0.412772
2.252000,-0.005675,0.490035,-0.693645
2.253000,0.001800,0.496942,-0.989319
2.254000,0.000121,0.493324,-1.282362
2.255000,-0.002217,0.489048,-1.563566
2.256000,-0.005543,0.483128,-1.859898
2.257000,-0.006070,0.479510,-2.147022
2.258000,-0.006959,0.474906,-2.426910
2.259000,-0.007782,0.469315,-2.706799
2.260000,-0.008934,0.463395,-2.992937
2.261000,-0.009889,0.456817,-3.270853
2.262000,-0.010746,0.450239,-3.538573
2.263000,-0.011305,0.443003,-3.817148
2.264000,-0.011997,0.435110,-4.093091
2.265000,-0.012886,0.426888,-4.359168
2.266000,-0.013808,0.419981,-4.623272
2.267000,-0.014664,0.408799,-4.898230
2.268000,-0.015421,0.398932,-5.162992
2.269000,-0.016014,0.387750,-5.417888
2.270000,-0.016607,0.377883,-5.679033
2.271000,-0.017562,0.366701,-5.937877
2.272000,-0.017924,0.355190,-6.186853
2.273000,-0.018813,0.343678,-6.427608
2.274000,-0.019175,0.330852,-6.672638
2.275000,-0.019768,0.318683,-6.907802
2.276000,-0.020163,0.306185,-7.132771
2.277000,-0.020492,0.293358,-7.349845
2.278000,-0.020953,0.280202,-7.567907
2.279000,-0.021348,0.267047,-7.769524
2.280000,-0.021645,0.253233,-7.959630
2.281000,-0.021974,0.239091,-8.148421
2.282000,-0.022205,0.224620,-8.325371
2.283000,-0.022303,0.211135,-8.490151
2.284000,-0.022567,0.196993,-8.642763
2.285000,-0.022731,0.183180,-8.791757
2.286000,-0.022863,0.168379,-8.927265
2.287000,-0.022896,0.154566,-9.048960
2.288000,-0.022995,0.140095,-9.161117
2.289000,-0.022797,0.125952,-9.265709
2.290000,-0.022797,0.111810,-9.355829
2.291000,-0.022797,0.097668,-9.435753
2.292000,-0.022962,0.083525,-9.504166
2.293000,-0.022863,0.069054,-9.561725
2.294000,-0.022699,0.054912,-9.607772
2.295000,-0.022435,0.041099,-9.642636
2.296000,-0.022501,0.027285,-9.668290
2.297000,-0.022270,0.012814,-9.682104
2.298000,-0.022205,-0.000342,-9.686709
2.299000,-0.022172,-0.014155,-9.678815
2.300000,-0.021809,-0.027969,-9.662370
2.301000,-0.021480,-0.041124,-9.636057
2.302000,-0.021348,-0.054609,-9.599878
2.303000,-0.021348,-0.067436,-9.547582
2.304000,-0.021151,-0.081249,-9.491996
2.305000,-0.021052,-0.093089,-9.427531
2.306000,-0.020624,-0.105916,-9.346291
2.307000,-0.020492,-0.118743,-9.259460
2.308000,-0.019998,-0.131569,-9.165393
2.309000,-0.019933,-0.143081,-9.063432
2.310000,-0.019504,-0.155579,-8.945355
2.311000,-0.019406,-0.167419,-8.824647
2.312000,-0.019109,-0.178601,-8.699992
2.313000,-0.018879,-0.190112,-8.560537
2.314000,-0.018451,-0.201952,-8.412530
2.315000,-0.017957,-0.213135,-8.261892
2.316000,-0.017726,-0.224317,-8.107308
2.317000,-0.017562,-0.234841,-7.932331
2.318000,-0.017331,-0.245037,-7.758342
2.319000,-0.016837,-0.255233,-7.580735
2.320000,-0.016541,-0.264771,-7.393589
2.321000,-0.015882,-0.275295,-7.194275
2.322000,-0.015619,-0.285162,-6.997263
2.323000,-0.015191,-0.293713,-6.796634
2.324000,-0.015026,-0.302593,-6.579231
2.325000,-0.014499,-0.311802,-6.360183
2.326000,-0.014071,-0.320024,-6.144754
2.327000,-0.014927,-0.328247,-5.922747
2.328000,-0.013083,-0.336798,-5.683309
2.329000,-0.012688,-0.344033,-5.452094
2.330000,-0.012194,-0.350940,-5.221865
2.331000,-0.011964,-0.358505,-4.975192
2.332000,-0.011272,-0.365082,-4.724901
2.333000,-0.010778,-0.371660,-4.478887
2.334000,-0.010120,-0.377580,-4.237148
2.335000,-0.009527,-0.383500,-3.969098
2.336000,-0.009099,-0.389092,-3.710915
2.337000,-0.008638,-0.393367,-3.457665
2.338000,-0.007848,-0.397643,-3.192576
2.339000,-0.007453,-0.402576,-2.922225
2.340000,-0.006564,-0.406523,-2.658123
2.341000,-0.005872,-0.409812,-2.397310
2.342000,-0.005642,-0.412114,-2.113804
2.343000,-0.005444,-0.417047,-1.844440
2.344000,-0.000999,-0.414745,-1.573103
2.345000,-0.007025,-0.423296,-1.304069
2.346000,0.002426,-0.416390,-1.011684
2.347000,-0.004654,-0.423625,-0.743308
2.348000,0.005258,-0.422638,-0.462106
2.349000,0.000911,-0.422310,-0.172023
2.350000,0.000187,-0.421981,0.121348
2.351000,0.004896,-0.422310,0.397617
2.352000,0.002920,-0.419021,0.687369
2.353000,0.005620,-0.417047,0.987647
2.354000,0.006048,-0.414416,1.278057
2.355000,0.004599,-0.411785,1.559916
2.356000,0.005620,-0.408167,1.845064
2.357000,0.006344,-0.403892,2.131198
2.358000,0.006937,-0.399287,2.407795
2.359000,0.007694,-0.393696,2.679129
2.360000,0.008584,-0.388763,2.964277
2.361000,0.009473,-0.381856,3.240215
2.362000,0.010395,-0.375278,3.508918
2.363000,0.011218,-0.367714,3.779594
2.364000,0.012140,-0.360478,4.059808
2.365000,0.012765,-0.351927,4.326866
2.366000,0.013622,-0.343376,4.591293
2.367000,0.014511,-0.334167,4.863614
2.368000,0.015005,-0.323971,5.133303
2.369000,0.015960,-0.313446,5.389508
2.370000,0.014774,-0.303251,5.646700
2.371000,0.017441,-0.292069,5.910470
2.372000,0.017968,-0.281215,6.162399
2.373000,0.018462,-0.269704,6.404791
2.374000,0.019055,-0.257206,6.648827
2.375000,0.019648,-0.244379,6.886943
2.376000,0.020076,-0.231552,7.113877
2.377000,0.020504,-0.218726,7.330616
2.378000,0.020965,-0.205570,7.549986
2.379000,0.021426,-0.191757,7.754884
2.380000,0.021656,-0.178601,7.946628
2.381000,0.021722,-0.164788,8.135082
2.382000,0.022018,-0.150974,8.314985
2.383000,0.022348,-0.136832,8.482062
2.384000,0.022644,-0.122689,8.635982
2.385000,0.022644,-0.108218,8.785299
2.386000,0.022776,-0.094405,8.921789
2.387000,0.022776,-0.080262,9.044136
2.388000,0.022809,-0.066120,9.158261
2.389000,0.022875,-0.051320,9.262849
2.390000,0.022743,-0.037507,9.351650
2.391000,0.022907,-0.023364,9.421046
2.392000,0.022776,-0.008893,9.476299
2.393000,0.022644,0.004592,9.519055
2.394000,0.022446,0.019392,9.552602
2.395000,0.022282,0.033534,9.575625
2.396000,0.022249,0.047019,9.594371
2.397000,0.022117,0.061161,9.606540
2.398000,0.022084,0.075303,9.614763
2.399000,0.021920,0.088459,9.618381
2.400000,0.021788,0.101943,9.615421
2.401000,0.021755,0.114441,9.602265
2.402000,0.021393,0.128255,9.575296
2.403000,0.021063,0.141410,9.533198
2.404000,0.021031,0.154237,9.481562
2.405000,0.020932,0.167393,9.421703
2.406000,0.020701,0.179891,9.348032
2.407000,0.020438,0.192717,9.262520
2.408000,0.020174,0.205873,9.169773
2.409000,0.020043,0.217055,9.072092
2.410000,0.019582,0.229224,8.955336
2.411000,0.019318,0.241722,8.836277
2.412000,0.019121,0.253233,8.710970
2.413000,0.019779,0.264745,8.578755
2.414000,0.018561,0.276256,8.427466
2.415000,0.018166,0.287109,8.276505
2.416000,0.017902,0.298291,8.122913
2.417000,0.017441,0.308487,7.950903
2.418000,0.017013,0.319340,7.775276
2.419000,0.016849,0.329536,7.597675
2.420000,0.016388,0.339403,7.418430
2.421000,0.016058,0.348941,7.213202
2.422000,0.015630,0.359136,7.014553
2.423000,0.015334,0.368674,6.814259
2.424000,0.014840,0.377554,6.604098
2.425000,0.014346,0.386434,6.381769
2.426000,0.013819,0.394657,6.163715
2.427000,0.013622,0.403208,5.945003
2.428000,0.013161,0.410772,5.706229
2.429000,0.012765,0.418666,5.473375
2.430000,0.012370,0.425572,5.239864
2.431000,0.011745,0.433466,5.002077
2.432000,0.011152,0.439715,4.744556
2.433000,0.010691,0.445964,4.499204
2.434000,0.010065,0.451884,4.253853
2.435000,0.009637,0.458132,3.992057
2.436000,0.009077,0.463066,3.729603
2.437000,0.008485,0.467670,3.476687
2.438000,0.007991,0.472604,3.223442
2.439000,0.007168,0.477537,2.945201
2.440000,0.006476,0.482142,2.678142
2.441000,0.006147,0.485102,2.417004
2.442000,0.005916,0.487404,2.144025
2.443000,0.004797,0.490364,1.865126
2.444000,0.003677,0.492666,1.596094
2.445000,0.001603,0.495955,1.327720
2.446000,0.005455,0.496284,1.037967
2.447000,0.006081,0.500888,0.761041
2.448000,-0.000143,0.493982,0.483128
2.449000,0.000220,0.496613,0.206531
2.450000,-0.000208,0.497271,-0.081249
2.451000,0.001438,0.491350,-0.371989
2.452000,0.001076,0.495297,-0.636747
2.453000,-0.004785,0.491350,-0.947221
2.454000,0.000615,0.494310,-1.238620
2.455000,-0.005510,0.487733,-1.521467
2.456000,-0.001789,0.483128,-1.809577
2.457000,-0.005740,0.479839,-2.102621
2.458000,-0.007123,0.475235,-2.387443
2.459000,-0.007980,0.470301,-2.664043
2.460000,-0.008572,0.465039,-2.947550
2.461000,-0.009791,0.458461,-3.229741
2.462000,-0.010054,0.451226,-3.501737
2.463000,-0.011141,0.443990,-3.769458
2.464000,-0.011997,0.436426,-4.050335
2.465000,-0.012952,0.427546,-4.320359
2.466000,-0.013775,0.419323,-4.585449
2.467000,-0.014532,0.410443,-4.851527
2.468000,-0.015257,0.400248,-5.122538
2.469000,-0.015784,0.390710,-5.382367
2.470000,-0.016541,0.379856,-5.636277
2.471000,-0.017199,0.368345,-5.898080
2.472000,-0.018023,0.356834,-6.150674
2.473000,-0.018484,0.344994,-6.394718
2.474000,-0.019373,0.333154,-6.631855
2.475000,-0.019669,0.321314,-6.873268
2.476000,-0.020130,0.308158,-7.101854
2.477000,-0.020426,0.294674,-7.317613
2.478000,-0.020887,0.281847,-7.534030
2.479000,-0.021283,0.268033,-7.739265
2.480000,-0.021612,0.254878,-7.933976
2.481000,-0.022073,0.240735,-8.121779
2.482000,-0.022270,0.226922,-8.300703
2.483000,-0.022238,0.213438,-8.467128
2.484000,-0.022369,0.198966,-8.622700
2.485000,-0.022633,0.184824,-8.770707
2.486000,-0.022929,0.170682,-8.909834
2.487000,-0.022995,0.156868,-9.032186
2.488000,-0.022896,0.142726,-9.144672
2.489000,-0.022863,0.128255,-9.251237
2.490000,-0.022764,0.113783,-9.343002
2.491000,-0.022797,0.099970,-9.425228
2.492000,-0.022731,0.085499,-9.492983
2.493000,-0.022863,0.071357,-9.554489
2.494000,-0.022863,0.056885,-9.601193
2.495000,-0.022567,0.043401,-9.638360
2.496000,-0.022402,0.028930,-9.665330
2.497000,-0.022205,0.015774,-9.681118
2.498000,-0.022205,0.001960,-9.687038
2.499000,-0.022172,-0.011853,-9.683420
2.500000,-0.021908,-0.025995,-9.665001
2.501000,-0.021941,-0.039151,-9.640333
2.502000,-0.021546,-0.052307,-9.605140
2.503000,-0.021316,-0.065462,-9.558436
2.504000,-0.020953,-0.078289,-9.501206
2.505000,-0.020953,-0.091774,-9.436082
2.506000,-0.020855,-0.104271,-9.363723
2.507000,-0.020591,-0.117098,-9.273603
2.508000,-0.020295,-0.129596,-9.179207
2.509000,-0.020097,-0.140778,-9.077246
2.510000,-0.019702,-0.153605,-8.965747
2.511000,-0.019406,-0.165445,-8.841750
2.512000,-0.018813,-0.177614,-8.718740
2.513000,-0.018846,-0.189125,-8.585534
2.514000,-0.018582,-0.200308,-8.435882
2.515000,-0.018418,-0.211490,-8.282284
2.516000,-0.017990,-0.222344,-8.127700
2.517000,-0.017693,-0.232868,-7.963577
2.518000,-0.017134,-0.243393,-7.783667
2.519000,-0.016804,-0.253588,-7.604415
2.520000,-0.016442,-0.264113,-7.423848
2.521000,-0.016277,-0.273979,-7.225850
2.522000,-0.015784,-0.283517,-7.023904
2.523000,-0.015388,-0.292069,-6.823275
2.524000,-0.015026,-0.301606,-6.608174
2.525000,-0.014466,-0.310486,-6.393402
2.526000,-0.014005,-0.319367,-6.172711
2.527000,-0.013643,-0.327260,-5.954322
2.528000,-0.013347,-0.335153,-5.721132
2.529000,-0.012754,-0.343047,-5.485312
2.530000,-0.012260,-0.350611,-5.250479
2.531000,-0.011898,-0.357518,-5.019922
2.532000,-0.011141,-0.364425,-4.762724
2.533000,-0.010811,-0.370674,-4.512434
2.534000,-0.010581,-0.376594,-4.267735
2.535000,-0.009856,-0.382185,-4.014814
2.536000,-0.009066,-0.387447,-3.749066
2.537000,-0.008473,-0.392709,-3.490555
2.538000,-0.007815,-0.397643,-3.236319
2.539000,-0.007584,-0.401918,-2.963994
2.540000,-0.007058,-0.405536,-2.693643
2.541000,-0.006136,-0.408825,-2.431515
2.542000,-0.003073,-0.412443,-2.167084
2.543000,-0.005378,-0.414745,-1.879961
2.544000,-0.006695,-0.419350,-1.605664
2.545000,0.000483,-0.416390,-1.343207
2.546000,0.001998,-0.416718,-1.059373
2.547000,0.003908,-0.416718,-0.771922
2.548000,-0.006004,-0.420994,-0.495981
2.549000,0.001701,-0.424941,-0.220041
2.550000,0.000286,-0.421981,0.077605
2.551000,0.004632,-0.424612,0.362754
2.552000,0.004961,-0.417376,0.654480
2.553000,0.003052,-0.414745,0.941602
2.554000,0.005785,-0.414087,1.235301
2.555000,0.004665,-0.412114,1.522094
2.556000,0.005554,-0.409154,1.799019
2.557000,0.006246,-0.404878,2.088114
2.558000,0.007168,-0.400274,2.368986
2.559000,0.007629,-0.395012,2.642622
2.560000,0.008616,-0.389749,2.915272
2.561000,0.009275,-0.382843,3.202064
2.562000,0.010197,-0.376265,3.472411
2.563000,0.011218,-0.369029,3.739798
2.564000,0.011942,-0.361465,4.015737
2.565000,0.012700,-0.353571,4.290360
2.566000,0.013556,-0.344691,4.556431
2.567000,0.014181,-0.334824,4.821845
2.568000,0.015070,-0.325287,5.092850
2.569000,0.015894,-0.315420,5.354646
2.570000,0.016519,-0.305224,5.612824
2.571000,0.017244,-0.294371,5.869029
2.572000,0.017738,-0.283188,6.127208
2.573000,0.018363,-0.270691,6.371244
2.574000,0.019022,-0.258522,6.610676
2.575000,0.019615,-0.246353,6.852081
2.576000,0.020076,-0.233197,7.081975
2.577000,0.020570,-0.221028,7.301016
2.578000,0.020866,-0.207543,7.515781
2.579000,0.021162,-0.194388,7.726271
2.580000,0.021656,-0.180245,7.922290
2.581000,0.021887,-0.167090,8.106468
2.582000,0.022216,-0.152947,8.287029
2.583000,0.022216,-0.139134,8.459697
2.584000,0.022414,-0.124992,8.614276
2.585000,0.022183,-0.110849,8.761948
2.586000,0.022710,-0.096378,8.901726
2.587000,0.022710,-0.082236,9.029336
2.588000,0.022907,-0.068093,9.142146
2.589000,0.022940,-0.053293,9.248049
2.590000,0.022842,-0.040138,9.340467
2.591000,0.022776,-0.025338,9.411179
2.592000,0.022743,-0.010866,9.468406
2.593000,0.022710,0.003276,9.512806
2.594000,0.022545,0.017418,9.546024
2.595000,0.022414,0.031232,9.572007
2.596000,0.022282,0.045045,9.591740
2.597000,0.022084,0.058201,9.604567
2.598000,0.021953,0.072343,9.613776
2.599000,0.021920,0.085499,9.617723
2.600000,0.021854,0.099312,9.617723
2.601000,0.021689,0.112797,9.603909
2.602000,0.021524,0.126610,9.578256
2.603000,0.021294,0.139108,9.541091
2.604000,0.021031,0.152264,9.489126
2.605000,0.020932,0.165419,9.429926
2.606000,0.020635,0.178575,9.359543
2.607000,0.020438,0.191073,9.276333
2.608000,0.020109,0.202913,9.182599
2.609000,0.019944,0.214753,9.084261
2.610000,0.019648,0.227909,8.960927
2.611000,0.019483,0.240078,8.854695
2.612000,0.019154,0.251260,8.727414
2.613000,0.018791,0.263100,8.596844
2.614000,0.018528,0.273296,8.452132
2.615000,0.018133,0.285136,8.297554
2.616000,0.017836,0.296647,8.143304
2.617000,0.017573,0.307171,7.982148
2.618000,0.017112,0.318025,7.802574
2.619000,0.016914,0.327892,7.621684
2.620000,0.016453,0.338087,7.440465
2.621000,0.016058,0.347625,7.249380
2.622000,0.015564,0.358150,7.045468
2.623000,0.015400,0.366372,6.841885
2.624000,0.015038,0.375252,6.640605
2.625000,0.014544,0.384790,6.415973
2.626000,0.014247,0.393341,6.194301
2.627000,0.013720,0.401234,5.974274
2.628000,0.013128,0.409786,5.749314
2.629000,0.012733,0.417679,5.507909
2.630000,0.012272,0.425243,5.271437
2.631000,0.011811,0.431821,5.038912
2.632000,0.011350,0.438399,4.789285
2.633000,0.010658,0.444977,4.535053
2.634000,0.010263,0.450897,4.286413
2.635000,0.009670,0.457146,4.042048
2.636000,0.009209,0.462408,3.771701
2.637000,0.008616,0.467670,3.511878
2.638000,0.008188,0.471617,3.255344
2.639000,0.007563,0.476879,2.992232
2.640000,0.006707,0.480168,2.716951
2.641000,0.006114,0.484444,2.453182
2.642000,0.005883,0.487404,2.191714
2.643000,0.005324,0.490035,1.909526
2.644000,0.004764,0.492995,1.632930
2.645000,0.005060,0.493324,1.364555
2.646000,0.002261,0.492666,1.098154
2.647000,-0.001558,0.495297,0.811690
2.648000,-0.001756,0.497599,0.527528
2.649000,-0.000077,0.499573,0.247971
2.650000,-0.000175,0.497271,-0.033889
2.651000,-0.006168,0.500888,-0.319038
2.652000,0.000812,0.494639,-0.602542
2.653000,-0.003007,0.492995,-0.905781
2.654000,-0.000143,0.492666,-1.196850
2.655000,-0.005214,0.487404,-1.480685
2.656000,-0.005411,0.483457,-1.767150
2.657000,-0.006333,0.480497,-2.051972
2.658000,-0.006959,0.475564,-2.343371
2.659000,-0.007947,0.470630,-2.625562
2.660000,-0.008506,0.464710,-2.898215
2.661000,-0.009264,0.459448,-3.185011
2.662000,-0.010416,0.451884,-3.461612
2.663000,-0.011075,0.444648,-3.731635
2.664000,-0.012194,0.437083,-4.001987
2.665000,-0.012787,0.429519,-4.280233
2.666000,-0.013610,0.420639,-4.548284
2.667000,-0.014170,0.411430,-4.810086
2.668000,-0.015092,0.401892,-5.079781
2.669000,-0.015849,0.391368,-5.344544
2.670000,-0.016673,0.381172,-5.599769
2.671000,-0.017364,0.370319,-5.851376
2.672000,-0.017858,0.359465,-6.111207
2.673000,-0.018385,0.346967,-6.357881
2.674000,-0.018846,0.334798,-6.596334
2.675000,-0.019603,0.322300,-6.832813
2.676000,-0.020130,0.310460,-7.066333
2.677000,-0.020657,0.296976,-7.286367
2.678000,-0.020953,0.283820,-7.498838
2.679000,-0.021217,0.270665,-7.708677
2.680000,-0.021546,0.256522,-7.905361
2.681000,-0.021908,0.243367,-8.090862
2.682000,-0.022238,0.229224,-8.269786
2.683000,-0.022435,0.215082,-8.442789
2.684000,-0.022435,0.201269,-8.599676
2.685000,-0.022633,0.187455,-8.746039
2.686000,-0.022567,0.172984,-8.887139
2.687000,-0.022830,0.158842,-9.014425
2.688000,-0.022929,0.144370,-9.128555
2.689000,-0.022962,0.130228,-9.235121
2.690000,-0.023028,0.115428,-9.329188
2.691000,-0.022929,0.101615,-9.413717
2.692000,-0.022830,0.087472,-9.484103
2.693000,-0.022633,0.073330,-9.546266
2.694000,-0.022633,0.059516,-9.596589
2.695000,-0.022534,0.045045,-9.633097
2.696000,-0.022633,0.031232,-9.661712
2.697000,-0.022435,0.017089,-9.679473
2.698000,-0.022238,0.003934,-9.686380
2.699000,-0.022073,-0.009551,-9.684078
2.700000,-0.021809,-0.023693,-9.670264
2.701000,-0.021612,-0.036849,-9.644938
2.702000,-0.021546,-0.050662,-9.610732
2.703000,-0.021480,-0.064147,-9.568632
2.704000,-0.021184,-0.076645,-9.510744
2.705000,-0.021184,-0.090129,-9.446278
2.706000,-0.020789,-0.102956,-9.373261
2.707000,-0.020690,-0.115454,-9.291364
2.708000,-0.020130,-0.127294,-9.194337
2.709000,-0.019834,-0.140121,-9.092047
2.710000,-0.019636,-0.151632,-8.984824
2.711000,-0.019537,-0.163801,-8.864774
2.712000,-0.019274,-0.175641,-8.735843
2.713000,-0.018978,-0.186823,-8.603294
2.714000,-0.018615,-0.196690,-8.462195
2.715000,-0.018187,-0.209188,-8.307939
2.716000,-0.017924,-0.221028,-8.149736
2.717000,-0.017562,-0.231552,-7.989889
2.718000,-0.017397,-0.241748,-7.814255
2.719000,-0.017002,-0.251615,-7.632372
2.720000,-0.016706,-0.261482,-7.449832
2.721000,-0.016179,-0.272006,-7.264989
2.722000,-0.015685,-0.282202,-7.058110
2.723000,-0.015355,-0.291740,-6.851231
2.724000,-0.014993,-0.300620,-6.648629
2.725000,-0.014796,-0.309829,-6.434515
2.726000,-0.014269,-0.318051,-6.207903
2.727000,-0.013742,-0.325944,-5.983594
2.728000,-0.013149,-0.334167,-5.763889
2.729000,-0.012589,-0.342060,-5.525438
2.730000,-0.012161,-0.349296,-5.287316
2.731000,-0.011898,-0.356531,-5.050181
2.732000,-0.009330,-0.363767,-4.812717
2.733000,-0.011174,-0.369358,-4.553875
2.734000,-0.010449,-0.375607,-4.303256
2.735000,-0.009988,-0.381527,-4.056584
2.736000,-0.009132,-0.387118,-3.793467
2.737000,-0.008441,-0.392052,-3.530351
2.738000,-0.008210,-0.397314,-3.271511
2.739000,-0.007716,-0.401261,-3.017604
2.740000,-0.006926,-0.404878,-2.737057
2.741000,-0.006531,-0.408825,-2.469009
2.742000,-0.005609,-0.413430,-2.205894
2.743000,-0.006959,-0.417047,-1.932583
2.744000,-0.006992,-0.419350,-1.648420
2.745000,-0.003896,-0.420994,-1.383661
2.746000,-0.003732,-0.420336,-1.107392
2.747000,-0.003271,-0.421323,-0.830464
2.748000,0.004731,-0.416390,-0.532159
2.749000,-0.005115,-0.419350,-0.266415
2.750000,-0.000077,-0.422310,0.021036
2.751000,0.001965,-0.421981,0.313420
2.752000,-0.000834,-0.421652,0.601200
2.753000,-0.001591,-0.419021,0.897860
2.754000,0.000878,-0.414745,1.189257
2.755000,0.005060,-0.412114,1.478680
2.756000,0.005291,-0.409154,1.758895
2.757000,0.006147,-0.405536,2.034505
2.758000,0.006740,-0.401261,2.323928
2.759000,0.007694,-0.396327,2.601182
2.760000,0.008353,-0.390407,2.872845
2.761000,0.009143,-0.384158,3.151415
2.762000,0.009999,-0.377251,3.429984
2.763000,0.010954,-0.370674,3.699345
2.764000,0.011745,-0.362780,3.965088
2.765000,0.012634,-0.355216,4.244315
2.766000,0.013358,-0.346336,4.515649
2.767000,0.014116,-0.337127,4.779747
2.768000,0.014939,-0.326931,5.043845
2.769000,0.015696,-0.317393,5.312877
2.770000,0.016421,-0.307198,5.572700
2.771000,0.017178,-0.295686,5.823972
2.772000,0.017705,-0.285162,6.083466
2.773000,0.018265,-0.272664,6.334408
2.774000,0.019022,-0.260824,6.574169
2.775000,0.019219,-0.248326,6.808668
2.776000,0.020076,-0.235499,7.045797
2.777000,0.020273,-0.222672,7.268456
2.778000,0.020701,-0.209517,7.481248
2.779000,0.021129,-0.196690,7.691080
2.780000,0.021459,-0.183205,7.892361
2.781000,0.021788,-0.169063,8.079828
2.782000,0.022117,-0.155907,8.255456
2.783000,0.022414,-0.141107,8.431083
2.784000,0.022611,-0.127294,8.591911
2.785000,0.022578,-0.113152,8.739912
2.786000,0.022578,-0.099009,8.878704
2.787000,0.022743,-0.084867,9.009603
2.788000,0.022809,-0.070396,9.125043
2.789000,0.022842,-0.055924,9.229960
2.790000,0.022809,-0.041453,9.325667
2.791000,0.022809,-0.027640,9.401641
2.792000,0.022677,-0.013826,9.460513
2.793000,0.022545,0.000645,9.506229
2.794000,0.022512,0.014787,9.542735
2.795000,0.022414,0.028601,9.569705
2.796000,0.022315,0.042414,9.588451
2.797000,0.022183,0.056885,9.603252
2.798000,0.022084,0.070041,9.611803
2.799000,0.021821,0.083854,9.617394
2.800000,0.021722,0.097339,9.620354
2.801000,0.021590,0.110823,9.606869
2.802000,0.021590,0.123979,9.583518
2.803000,0.021327,0.137135,9.547998
2.804000,0.021162,0.150290,9.499322
2.805000,0.020701,0.163117,9.439464
2.806000,0.020668,0.176273,9.370396
2.807000,0.020504,0.188771,9.294751
2.808000,0.020306,0.200940,9.199373
2.809000,0.020043,0.213109,9.099061
2.810000,0.019713,0.225606,8.993816
2.811000,0.019648,0.237447,8.877388
2.812000,0.019055,0.249616,8.748792
2.813000,0.018890,0.260469,8.616249
2.814000,0.018495,0.272309,8.479430
2.815000,0.018232,0.283491,8.324852
2.816000,0.018001,0.294674,8.165998
2.817000,0.017672,0.305527,8.005170
2.818000,0.018067,0.315394,7.838423
2.819000,0.016849,0.326247,7.650297
2.820000,0.016519,0.336443,7.466448
2.821000,0.016058,0.346638,7.280954
2.822000,0.015795,0.355847,7.079015
2.823000,0.015466,0.365385,6.872801
2.824000,0.014939,0.374265,6.666587
2.825000,0.014544,0.383145,6.461031
2.826000,0.014214,0.392354,6.231795
2.827000,0.013687,0.399919,6.006505
2.828000,0.013325,0.408799,5.782860
2.829000,0.012765,0.416034,5.552309
2.830000,0.012370,0.423270,5.308602
2.831000,0.011975,0.430835,5.070157
2.832000,0.011481,0.437412,4.835330
2.833000,0.010790,0.444319,4.576493
2.834000,0.010263,0.449910,4.323248
2.835000,0.009835,0.456159,4.074608
2.836000,0.009506,0.462079,3.821363
2.837000,0.008847,0.466026,3.552989
2.838000,0.008155,0.471617,3.292180
2.839000,0.007431,0.475564,3.036632
2.840000,0.006740,0.480168,2.763983
2.841000,0.006311,0.483457,2.491333
2.842000,0.005982,0.486417,2.226577
2.843000,0.005258,0.489706,1.957216
2.844000,0.003644,0.492337,1.678317
2.845000,0.003578,0.492337,1.405338
2.846000,0.003414,0.493324,1.135647
2.847000,0.002854,0.499573,0.859379
2.848000,0.003809,0.501217,0.573573
2.849000,-0.001196,0.499573,0.293358
2.850000,0.000022,0.497271,0.020049
2.851000,-0.004094,0.499244,-0.282202
2.852000,0.005225,0.499244,-0.555511
2.853000,-0.001789,0.494639,-0.854802
2.854000,0.001438,0.494968,-1.139623
2.855000,-0.003831,0.487075,-1.441217
2.856000,-0.005773,0.484773,-1.722421
2.857000,-0.004983,0.481155,-2.005598
2.858000,-0.007058,0.476550,-2.296668
2.859000,-0.007749,0.471617,-2.582477
2.860000,-0.008408,0.466026,-2.859077
2.861000,-0.008309,0.459448,-3.133704
2.862000,-0.010054,0.453199,-3.418527
2.863000,-0.010976,0.445964,-3.691839
2.864000,-0.011898,0.438728,-3.960217
2.865000,-0.012655,0.430506,-4.232543
2.866000,-0.013347,0.421954,-4.507172
2.867000,-0.014038,0.413074,-4.771934
2.868000,-0.014829,0.402879,-5.032420
2.869000,-0.015816,0.392683,-5.301787
2.870000,-0.016475,0.382816,-5.561617
2.871000,-0.017167,0.371634,-5.815197
2.872000,-0.017726,0.360452,-6.068121
2.873000,-0.018319,0.348612,-6.321702
2.874000,-0.018912,0.337101,-6.561470
2.875000,-0.019636,0.324274,-6.793345
2.876000,-0.020196,0.311776,-7.029824
2.877000,-0.020492,0.298620,-7.255451
2.878000,-0.020723,0.285794,-7.468250
2.879000,-0.021217,0.271651,-7.673485
2.880000,-0.021579,0.258824,-7.875431
2.881000,-0.021809,0.245340,-8.064879
2.882000,-0.022205,0.231198,-8.241829
2.883000,-0.022369,0.217055,-8.414175
2.884000,-0.022435,0.203571,-8.576653
2.885000,-0.022501,0.190086,-8.725647
2.886000,-0.022666,0.174957,-8.866418
2.887000,-0.022699,0.160815,-8.995678
2.888000,-0.023028,0.146673,-9.114084
2.889000,-0.023094,0.132201,-9.218676
2.890000,-0.022995,0.118388,-9.315703
2.891000,-0.022764,0.103917,-9.401218
2.892000,-0.022764,0.089774,-9.474564
2.893000,-0.022962,0.075632,-9.535412
2.894000,-0.022764,0.061490,-9.587050
2.895000,-0.022731,0.047347,-9.628493
2.896000,-0.022435,0.033534,-9.656450
2.897000,-0.022270,0.019392,-9.678486
2.898000,-0.022073,0.005578,-9.684736
2.899000,-0.022007,-0.008235,-9.685393
2.900000,-0.022073,-0.021391,-9.674211
2.901000,-0.021809,-0.035862,-9.649872
2.902000,-0.021612,-0.048689,-9.615007
2.903000,-0.021316,-0.061516,-9.573565
2.904000,-0.020723,-0.074671,-9.522256
2.905000,-0.021085,-0.087498,-9.456146
2.906000,-0.020920,-0.100654,-9.382800
2.907000,-0.020657,-0.113480,-9.303204
2.908000,-0.020328,-0.125649,-9.210124
2.909000,-0.019867,-0.138147,-9.107834
2.910000,-0.019702,-0.149987,-9.001598
2.911000,-0.019504,-0.162485,-8.886481
2.912000,-0.019175,-0.173668,-8.756235
2.913000,-0.019043,-0.185179,-8.621055
2.914000,-0.018648,-0.197348,-8.483902
2.915000,-0.018121,-0.207872,-8.334909
2.916000,-0.017924,-0.219055,-8.172430
2.917000,-0.017660,-0.230237,-8.010610
2.918000,-0.017364,-0.240761,-7.845501
2.919000,-0.017134,-0.250957,-7.660987
2.920000,-0.016673,-0.260824,-7.474170
2.921000,-0.016245,-0.271019,-7.288341
2.922000,-0.015849,-0.280886,-7.094618
2.923000,-0.015388,-0.289766,-6.883135
2.924000,-0.015059,-0.298975,-6.675927
2.925000,-0.014829,-0.308184,-6.468391
2.926000,-0.014203,-0.316407,-6.243095
2.927000,-0.013841,-0.324629,-6.016155
2.928000,-0.013182,-0.332851,-5.792175
2.929000,-0.012787,-0.340416,-5.570826
2.930000,-0.012557,-0.348309,-5.322837
2.931000,-0.011997,-0.355216,-5.082084
2.932000,-0.011668,-0.361794,-4.846593
2.933000,-0.010943,-0.368371,-4.594658
2.934000,-0.010219,-0.374949,-4.339434
2.935000,-0.009791,-0.380869,-4.087829
2.936000,-0.009461,-0.386460,-3.840170
2.937000,-0.009099,-0.391723,-3.569818
2.938000,-0.008111,-0.395998,-3.307360
2.939000,-0.007551,-0.400932,-3.048849
2.940000,-0.006366,-0.404221,-2.785405
2.941000,-0.006333,-0.408825,-2.508147
2.942000,-0.006399,-0.412114,-2.239770
2.943000,-0.006761,-0.416061,-1.975668
2.944000,-0.006893,-0.418034,-1.691834
2.945000,-0.007090,-0.421323,-1.415235
2.946000,0.000417,-0.418034,-1.148503
2.947000,-0.007058,-0.425270,-0.879469
2.948000,-0.007650,-0.424283,-0.587742
2.949000,-0.006103,-0.419021,-0.297002
2.950000,-0.000077,-0.422310,-0.018760
2.951000,-0.001229,-0.421652,0.271651
2.952000,0.005719,-0.416718,0.570942
2.953000,0.004171,-0.419678,0.850170
2.954000,0.005554,-0.414087,1.134332
2.955000,0.002393,-0.413101,1.437240
2.956000,0.004830,-0.409483,1.720744
2.957000,0.005982,-0.405536,1.998327
2.958000,0.006805,-0.401918,2.277554
2.959000,0.007629,-0.396985,2.563031
2.960000,0.008287,-0.391394,2.837654
2.961000,0.008979,-0.385803,3.107015
2.962000,0.010032,-0.378567,3.388544
2.963000,0.010790,-0.371003,3.662838
2.964000,0.011712,-0.364096,3.931212
2.965000,0.012469,-0.356202,4.198928
2.966000,0.013259,-0.346993,4.475853
2.967000,0.013951,-0.338771,4.743898
2.968000,0.014840,-0.328904,5.005365
2.969000,0.015663,-0.318380,5.273410
2.970000,0.016388,-0.308513,5.537180
2.971000,0.017112,-0.297002,5.791740
2.972000,0.017639,-0.286477,6.041039
2.973000,0.018297,-0.274637,6.297573
2.974000,0.018890,-0.262797,6.542596
2.975000,0.019450,-0.249970,6.777094
2.976000,0.019779,-0.237801,7.009619
2.977000,0.020339,-0.225632,7.239514
2.978000,0.020767,-0.211819,7.454279
2.979000,0.020998,-0.198663,7.658520
2.980000,0.021492,-0.184850,7.862761
2.981000,0.021821,-0.171365,8.055819
2.982000,0.022051,-0.157223,8.232762
2.983000,0.022150,-0.143081,8.405430
2.984000,0.022414,-0.129596,8.568889
2.985000,0.022578,-0.115454,8.721165
2.986000,0.022611,-0.100983,8.861273
2.987000,0.022677,-0.086511,8.992171
2.988000,0.022842,-0.072369,9.110901
2.989000,0.022940,-0.057898,9.218120
2.990000,0.022776,-0.044084,9.314156
2.991000,0.022776,-0.029613,9.392761
2.992000,0.022677,-0.015142,9.453606
2.993000,0.022809,-0.001000,9.500966
2.994000,0.022611,0.012814,9.539447
2.995000,0.022414,0.026627,9.565758
2.996000,0.022249,0.040112,9.587136
2.997000,0.022150,0.054583,9.601278
2.998000,0.022051,0.068396,9.611145
2.999000,0.021985,0.081552,9.617723
3.000000,0.021821,0.095694,9.619038
3.001000,0.021722,0.108192,9.611474
3.002000,0.021524,0.122006,9.587465
3.003000,0.021294,0.135161,9.553260
3.004000,0.021129,0.148646,9.509517
3.005000,0.020932,0.161473,9.449001
3.006000,0.020800,0.174299,9.378619
3.007000,0.020471,0.186468,9.303960
3.008000,0.020273,0.198966,9.218120
3.009000,0.019944,0.211793,9.113861
3.010000,0.019713,0.224291,9.007300
3.011000,0.019615,0.236131,8.896464
3.012000,0.019318,0.247971,8.770828
3.013000,0.018956,0.259153,8.634338
3.014000,0.018594,0.270007,8.497190
3.015000,0.018297,0.279216,8.351492
3.016000,0.018067,0.293029,8.189678
3.017000,0.017672,0.303554,8.026548
3.018000,0.017310,0.314078,7.860458
3.019000,0.016980,0.325261,7.680226
3.020000,0.016552,0.334798,7.492430
3.021000,0.016124,0.345323,7.304634
3.022000,0.015894,0.353874,7.116180
3.023000,0.015499,0.364070,6.903388
3.024000,0.015070,0.372950,6.694872
3.025000,0.014609,0.381501,6.488000
3.026000,0.014148,0.390381,6.267973
3.027000,0.013556,0.399261,6.036434
3.028000,0.013358,0.406825,5.811145
3.029000,0.012996,0.415048,5.590131
3.030000,0.012436,0.421626,5.344122
3.031000,0.012008,0.429519,5.101730
3.032000,0.011382,0.436426,4.862956
3.033000,0.010757,0.443003,4.620565
3.034000,0.010329,0.449252,4.359426
3.035000,0.009868,0.455172,4.105853
3.036000,0.009407,0.460435,3.857212
3.037000,0.008946,0.465697,3.593114
3.038000,0.008123,0.470630,3.327371
3.039000,0.007431,0.475235,3.068535
3.040000,0.006904,0.479839,2.811672
3.041000,0.006509,0.482799,2.530800
3.042000,0.005949,0.486417,2.260452
3.043000,0.004896,0.489048,1.996682
3.044000,0.003644,0.492337,1.719757
3.045000,0.002887,0.495626,1.439213
3.046000,0.003644,0.498257,1.165577
3.047000,0.004402,0.495297,0.894900
3.048000,0.003084,0.496942,0.614685
3.049000,0.001043,0.495955,0.333812
3.050000,0.000253,0.496942,0.052939
3.051000,0.001636,0.497271,-0.232210
3.052000,-0.008408,0.491022,-0.534133
3.053000,-0.006827,0.489706,-0.818624
3.054000,-0.007288,0.487404,-1.097196
3.055000,-0.006662,0.485430,-1.396488
3.056000,-0.007288,0.483128,-1.686243
3.057000,-0.005411,0.482142,-1.971064
3.058000,-0.006695,0.475893,-2.246677
3.059000,-0.007288,0.471946,-2.543339
3.060000,-0.008177,0.467013,-2.824872
3.061000,-0.009000,0.460764,-3.098841
3.062000,-0.010087,0.453857,-3.377744
3.063000,-0.010877,0.447608,-3.655331
3.064000,-0.011832,0.439386,-3.925683
3.065000,-0.012589,0.431492,-4.190116
3.066000,-0.013314,0.423270,-4.470006
3.067000,-0.013940,0.414061,-4.736742
3.068000,-0.014862,0.404194,-4.998873
3.069000,-0.015685,0.394328,-5.262648
3.070000,-0.016409,0.384132,-5.528398
3.071000,-0.017134,0.373607,-5.782965
3.072000,-0.017726,0.362096,-6.033257
3.073000,-0.018154,0.350256,-6.285852
3.074000,-0.018780,0.338416,-6.531869
3.075000,-0.019373,0.326247,-6.765059
3.076000,-0.020394,0.313749,-6.993645
3.077000,-0.020492,0.301251,-7.224863
3.078000,-0.020723,0.287438,-7.440951
3.079000,-0.021085,0.274282,-7.647831
3.080000,-0.021414,0.260798,-7.847145
3.081000,-0.021744,0.246984,-8.040211
3.082000,-0.022336,0.233171,-8.219135
3.083000,-0.022336,0.219358,-8.388520
3.084000,-0.022501,0.204886,-8.554617
3.085000,-0.022435,0.190415,-8.706241
3.086000,-0.022567,0.176931,-8.846026
3.087000,-0.022797,0.162788,-8.977259
3.088000,-0.022863,0.148646,-9.097309
3.089000,-0.022929,0.133846,-9.204862
3.090000,-0.022929,0.120032,-9.301231
3.091000,-0.022731,0.105561,-9.389049
3.092000,-0.022699,0.090761,-9.466342
3.093000,-0.022863,0.077277,-9.528505
3.094000,-0.022764,0.062805,-9.582117
3.095000,-0.022797,0.048992,-9.623559
3.096000,-0.022468,0.035507,-9.654805
3.097000,-0.022303,0.021365,-9.676513
3.098000,-0.022139,0.007552,-9.684407
3.099000,-0.022172,-0.006262,-9.685065
3.100000,-0.022073,-0.020075,-9.675526
3.101000,-0.021875,-0.033231,-9.655463
3.102000,-0.021678,-0.046387,-9.619941
3.103000,-0.021381,-0.059213,-9.579157
3.104000,-0.021151,-0.072698,-9.530150
3.105000,-0.020887,-0.086182,-9.466671
3.106000,-0.020887,-0.099009,-9.392667
3.107000,-0.020624,-0.111836,-9.314058
3.108000,-0.020591,-0.124334,-9.228214
3.109000,-0.020163,-0.136174,-9.121648
3.110000,-0.019768,-0.148672,-9.013768
3.111000,-0.019504,-0.160841,-8.900295
3.112000,-0.019109,-0.172352,-8.778929
3.113000,-0.019011,-0.184192,-8.639803
3.114000,-0.018813,-0.195374,-8.501992
3.115000,-0.018385,-0.206557,-8.357932
3.116000,-0.017759,-0.217410,-8.196769
3.117000,-0.017693,-0.228264,-8.032647
3.118000,-0.017232,-0.239117,-7.865564
3.119000,-0.016212,-0.249313,-7.693548
3.120000,-0.016771,-0.259508,-7.500154
3.121000,-0.016179,-0.269704,-7.311693
3.122000,-0.015816,-0.279242,-7.121588
3.123000,-0.015355,-0.288780,-6.914380
3.124000,-0.014927,-0.297331,-6.702239
3.125000,-0.014697,-0.306869,-6.494703
3.126000,-0.014368,-0.315420,-6.283221
3.127000,-0.014005,-0.323642,-6.048058
3.128000,-0.013413,-0.332193,-5.820460
3.129000,-0.012820,-0.339429,-5.597467
3.130000,-0.012392,-0.347322,-5.360989
3.131000,-0.011898,-0.354558,-5.114644
3.132000,-0.011635,-0.361465,-4.874221
3.133000,-0.011207,-0.368042,-4.635770
3.134000,-0.010614,-0.373963,-4.375613
3.135000,-0.009955,-0.379554,-4.120390
3.136000,-0.009165,-0.385474,-3.869113
3.137000,-0.009198,-0.390736,-3.613562
3.138000,-0.008473,-0.395340,-3.342552
3.139000,-0.007551,-0.399945,-3.080752
3.140000,-0.007255,-0.404221,-2.822570
3.141000,-0.006860,-0.408167,-2.547943
3.142000,-0.006234,-0.412114,-2.273646
3.143000,-0.007058,-0.415403,-2.007242
3.144000,-0.003798,-0.418363,-1.742154
3.145000,-0.007453,-0.421323,-1.453715
3.146000,-0.007980,-0.424612,-1.180077
3.147000,0.001866,-0.417705,-0.910385
3.148000,0.001932,-0.417047,-0.620960
3.149000,0.002722,-0.428230,-0.337784
3.150000,0.000088,-0.422638,-0.055267
3.151000,0.000648,-0.422310,0.224620
3.152000,0.004599,-0.421323,0.527200
3.153000,-0.001295,-0.421981,0.817939
3.154000,0.004928,-0.418034,1.101114
3.155000,0.005093,-0.412772,1.388235
3.156000,0.004928,-0.410798,1.682921
3.157000,0.005686,-0.407181,1.962807
3.158000,0.006377,-0.402576,2.235457
3.159000,0.007233,-0.396985,2.519946
3.160000,0.008254,-0.391723,2.799174
3.161000,0.009045,-0.385803,3.072810
3.162000,0.010131,-0.379554,3.343815
3.163000,0.010889,-0.372318,3.624358
3.164000,0.011481,-0.365082,3.895692
3.165000,0.012370,-0.356531,4.161764
3.166000,0.013194,-0.348309,4.435400
3.167000,0.014017,-0.339100,4.707063
3.168000,0.014840,-0.330549,4.971819
3.169000,0.015334,-0.320353,5.230326
3.170000,0.016223,-0.310158,5.499029
3.171000,0.016816,-0.298646,5.758194
3.172000,0.017507,-0.287135,6.010123
3.173000,0.018166,-0.275953,6.260408
3.174000,0.018758,-0.264113,6.508391
3.175000,0.019318,-0.252602,6.746507
3.176000,0.019779,-0.239117,6.975415
3.177000,0.020273,-0.226619,7.206953
3.178000,0.020668,-0.213792,7.426652
3.179000,0.021162,-0.200308,7.631551
3.180000,0.021459,-0.186823,7.831187
3.181000,0.021755,-0.173010,8.027535
3.182000,0.021985,-0.159525,8.210398
3.183000,0.022216,-0.145383,8.379119
3.184000,0.022348,-0.131569,8.545209
3.185000,0.022578,-0.117098,8.700445
3.186000,0.022743,-0.102956,8.841210
3.187000,0.022842,-0.088814,8.971122
3.188000,0.022776,-0.074342,9.093141
3.189000,0.022809,-0.060529,9.203648
3.190000,0.022776,-0.046387,9.300014
3.191000,0.022809,-0.031586,9.382236
3.192000,0.022842,-0.017444,9.445055
3.193000,0.022710,-0.003302,9.495046
3.194000,0.022611,0.010512,9.532540
3.195000,0.022414,0.024983,9.562798
3.196000,0.022249,0.037810,9.583189
3.197000,0.022249,0.052281,9.599634
3.198000,0.022117,0.066094,9.610487
3.199000,0.022051,0.079908,9.616407
3.200000,0.021920,0.093721,9.619038
3.201000,0.021557,0.106877,9.614763
3.202000,0.021492,0.120032,9.592398
3.203000,0.021327,0.133517,9.556549
3.204000,0.021228,0.146673,9.515766
3.205000,0.021031,0.159828,9.459855
3.206000,0.020767,0.172326,9.388814
3.207000,0.020570,0.184824,9.313498
3.208000,0.020207,0.197651,9.229960
3.209000,0.020010,0.210149,9.131292
3.210000,0.019713,0.222318,9.022429
3.211000,0.019615,0.234158,8.908633
3.212000,0.019318,0.246327,8.792863
3.213000,0.018956,0.257509,8.654400
3.214000,0.018627,0.269349,8.515608
3.215000,0.018232,0.279545,8.373199
3.216000,0.018034,0.291385,8.215660
3.217000,0.017771,0.302238,8.049241
3.218000,0.017343,0.313092,7.881836
3.219000,0.017046,0.323287,7.713115
3.220000,0.016651,0.333483,7.520715
3.221000,0.016223,0.343350,7.329958
3.222000,0.015992,0.352887,7.140846
3.223000,0.015564,0.362425,6.939566
3.224000,0.015005,0.371963,6.724801
3.225000,0.014741,0.380514,6.512996
3.226000,0.014247,0.389394,6.303493
3.227000,0.013918,0.397945,6.074257
3.228000,0.013424,0.406497,5.842061
3.229000,0.013029,0.413732,5.616771
3.230000,0.012601,0.421954,5.384575
3.231000,0.012074,0.428861,5.138237
3.232000,0.011317,0.436097,4.895187
3.233000,0.010921,0.442017,4.655098
3.234000,0.010493,0.448924,4.401524
3.235000,0.009934,0.454186,4.142030
3.236000,0.009407,0.459448,3.889772
3.237000,0.008847,0.464710,3.640145
3.238000,0.008221,0.470301,3.367495
3.239000,0.007464,0.475235,3.103068
3.240000,0.007102,0.478853,2.843245
3.241000,0.006641,0.482799,2.574871
3.242000,0.005949,0.485759,2.298932
3.243000,0.005027,0.489377,2.032203
3.244000,0.004500,0.491679,1.766788
3.245000,0.004270,0.494639,1.482298
3.246000,0.000384,0.493982,1.209648
3.247000,0.005192,0.500231,0.933380
3.248000,0.007398,0.500559,0.662045
3.249000,-0.003040,0.497928,0.375581
3.250000,0.000154,0.497599,0.089117
3.251000,-0.000175,0.496942,-0.187152
3.252000,-0.008078,0.493982,-0.480523
3.253000,0.000845,0.495626,-0.764686
3.254000,-0.005082,0.489048,-1.062662
3.255000,-0.000307,0.492008,-1.341892
3.256000,-0.002382,0.488062,-1.643815
3.257000,-0.004390,0.482799,-1.931268
3.258000,-0.006201,0.477866,-2.211485
3.259000,-0.007189,0.473590,-2.494005
3.260000,-0.008045,0.467341,-2.781787
3.261000,-0.009165,0.461421,-3.059703
3.262000,-0.010120,0.455172,-3.331370
3.263000,-0.010581,0.448266,-3.612246
3.264000,-0.011569,0.441688,-3.886874
3.265000,-0.012293,0.432808,-4.154595
3.266000,-0.012886,0.424914,-4.422974
3.267000,-0.014137,0.415377,-4.697274
3.268000,-0.014894,0.405839,-4.961707
3.269000,-0.015520,0.395643,-5.221865
3.270000,-0.016343,0.386105,-5.485312
3.271000,-0.016837,0.374923,-5.746458
3.272000,-0.017628,0.363741,-5.997736
3.273000,-0.018253,0.352558,-6.242108
3.274000,-0.018945,0.340061,-6.493388
3.275000,-0.019472,0.328878,-6.731840
3.276000,-0.019735,0.316052,-6.961413
3.277000,-0.020229,0.302238,-7.186053
3.278000,-0.020855,0.289740,-7.409048
3.279000,-0.021217,0.276585,-7.618229
3.280000,-0.021546,0.262771,-7.813268
3.281000,-0.021744,0.248958,-8.008966
3.282000,-0.022007,0.235473,-8.193809
3.283000,-0.022106,0.221989,-8.365497
3.284000,-0.022402,0.207517,-8.528633
3.285000,-0.022633,0.193046,-8.684205
3.286000,-0.022764,0.179233,-8.825305
3.287000,-0.022830,0.165091,-8.957196
3.288000,-0.022764,0.150619,-9.077904
3.289000,-0.022797,0.136477,-9.190719
3.290000,-0.022896,0.122006,-9.288075
3.291000,-0.022962,0.107535,-9.376221
3.292000,-0.022995,0.093392,-9.453843
3.293000,-0.022896,0.079908,-9.518309
3.294000,-0.022896,0.065765,-9.574881
3.295000,-0.022567,0.051294,-9.616323
3.296000,-0.022534,0.037481,-9.649872
3.297000,-0.022501,0.023667,-9.672237
3.298000,-0.022336,0.009525,-9.685393
3.299000,-0.022336,-0.003960,-9.684078
3.300000,-0.021875,-0.017444,-9.676513
3.301000,-0.021711,-0.031258,-9.657436
3.302000,-0.021711,-0.044742,-9.628164
3.303000,-0.021513,-0.058227,-9.585406
3.304000,-0.021414,-0.070725,-9.536399
3.305000,-0.021151,-0.083880,-9.479827
3.306000,-0.020756,-0.097036,-9.404836
3.307000,-0.020525,-0.109863,-9.326228
3.308000,-0.020328,-0.122361,-9.238410
3.309000,-0.020229,-0.134529,-9.143356
3.310000,-0.019965,-0.146698,-9.030213
3.311000,-0.019603,-0.158539,-8.916412
3.312000,-0.019504,-0.170379,-8.798664
3.313000,-0.018912,-0.182219,-8.663813
3.314000,-0.018615,-0.193072,-8.523042
3.315000,-0.018484,-0.204912,-8.378324
3.316000,-0.018253,-0.216095,-8.230317
3.317000,-0.017726,-0.226619,-8.057643
3.318000,-0.017430,-0.237801,-7.888916
3.319000,-0.017002,-0.247339,-7.719860
3.320000,-0.016574,-0.257864,-7.535675
3.321000,-0.016442,-0.268059,-7.340965
3.322000,-0.016212,-0.277597,-7.148558
3.323000,-0.015751,-0.287464,-6.953848
3.324000,-0.015224,-0.296344,-6.738418
3.325000,-0.014499,-0.305224,-6.526607
3.326000,-0.014401,-0.314433,-6.312493
3.327000,-0.013874,-0.322327,-6.093117
3.328000,-0.013643,-0.330549,-5.855981
3.329000,-0.013018,-0.338113,-5.631014
3.330000,-0.012425,-0.345678,-5.405061
3.331000,-0.011898,-0.353571,-5.159046
3.332000,-0.011503,-0.360478,-4.912702
3.333000,-0.011239,-0.366727,-4.669647
3.334000,-0.010811,-0.370016,-4.426921
3.335000,-0.010021,-0.378896,-4.162817
3.336000,-0.009264,-0.384487,-3.907594
3.337000,-0.008836,-0.390078,-3.655989
3.338000,-0.008210,-0.395012,-3.392873
3.339000,-0.007947,-0.399616,-3.122521
3.340000,-0.007486,-0.403234,-2.862037
3.341000,-0.006827,-0.407181,-2.602211
3.342000,-0.006004,-0.411127,-2.323309
3.343000,-0.003468,-0.412772,-2.051643
3.344000,-0.003995,-0.415074,-1.780964
3.345000,-0.006366,-0.422310,-1.509627
3.346000,-0.007716,-0.423954,-1.225464
3.347000,-0.007156,-0.425270,-0.949523
3.348000,-0.000077,-0.422967,-0.673254
3.349000,0.003315,-0.427901,-0.396656
3.350000,-0.000439,-0.422310,-0.099996
3.351000,0.000351,-0.422310,0.182193
3.352000,0.002689,-0.421652,0.465039
3.353000,0.003052,-0.416390,0.770579
3.354000,0.006246,-0.415074,1.054412
3.355000,0.002130,-0.415074,1.342191
3.356000,0.004237,-0.411456,1.631285
3.357000,0.005225,-0.407509,1.918735
3.358000,0.005949,-0.403234,2.194674
3.359000,0.007036,-0.397972,2.466337
3.360000,0.008057,-0.393367,2.751485
3.361000,0.008913,-0.386789,3.030712
3.362000,0.009802,-0.380869,3.300402
3.363000,0.010460,-0.373963,3.573051
3.364000,0.011317,-0.367056,3.850963
3.365000,0.012206,-0.358505,4.120653
3.366000,0.013095,-0.350282,4.384751
3.367000,0.013753,-0.341073,4.660031
3.368000,0.014675,-0.332193,4.929721
3.369000,0.015367,-0.321998,5.189544
3.370000,0.015861,-0.311802,5.449695
3.371000,0.016717,-0.300620,5.715767
3.372000,0.017474,-0.289766,5.971643
3.373000,0.018100,-0.278584,6.217653
3.374000,0.018594,-0.266415,6.464649
3.375000,0.019088,-0.254246,6.708027
3.376000,0.019582,-0.241748,6.939566
3.377000,0.020372,-0.228921,7.167815
3.378000,0.020701,-0.215437,7.388501
3.379000,0.020998,-0.202610,7.599648
3.380000,0.021393,-0.188797,7.799942
3.381000,0.021656,-0.175641,7.994646
3.382000,0.021887,-0.161827,8.180140
3.383000,0.022150,-0.147356,8.354781
3.384000,0.022512,-0.134201,8.517582
3.385000,0.022578,-0.119400,8.674792
3.386000,0.022611,-0.106245,8.819175
3.387000,0.022644,-0.091774,8.950402
3.388000,0.022776,-0.076645,9.072092
3.389000,0.022875,-0.062831,9.187533
3.390000,0.022940,-0.048360,9.286858
3.391000,0.022842,-0.034547,9.370067
3.392000,0.022809,-0.020075,9.435846
3.393000,0.022743,-0.006262,9.487153
3.394000,0.022545,0.008209,9.527935
3.395000,0.022512,0.021694,9.558851
3.396000,0.022414,0.036165,9.582531
3.397000,0.022282,0.049979,9.597989
3.398000,0.022051,0.064121,9.609500
3.399000,0.021953,0.077605,9.616078
3.400000,0.021854,0.091090,9.618709
3.401000,0.021590,0.104575,9.615421
3.402000,0.021656,0.118388,9.598647
3.403000,0.021393,0.131215,9.564771
3.404000,0.021228,0.144370,9.522673
3.405000,0.020833,0.157197,9.472024
3.406000,0.020866,0.169695,9.405917
3.407000,0.020537,0.182851,9.328956
3.408000,0.020438,0.195349,9.243773
3.409000,0.020273,0.207517,9.152670
3.410000,0.019779,0.219686,9.043150
3.411000,0.019549,0.232184,8.928038
3.412000,0.019187,0.244024,8.812597
3.413000,0.019022,0.255536,8.685316
3.414000,0.018758,0.266718,8.539617
3.415000,0.018462,0.278229,8.394905
3.416000,0.018100,0.289082,8.248549
3.417000,0.017902,0.299936,8.083117
3.418000,0.017277,0.311118,7.910779
3.419000,0.017178,0.321643,7.739756
3.420000,0.016750,0.331838,7.564786
3.421000,0.016486,0.342034,7.366136
3.422000,0.015960,0.351901,7.172091
3.423000,0.015564,0.360781,6.975744
3.424000,0.015235,0.370647,6.767227
3.425000,0.014675,0.379199,6.551805
3.426000,0.014379,0.388079,6.336382
3.427000,0.014017,0.396959,6.123261
3.428000,0.013391,0.404194,5.885803
3.429000,0.012963,0.412746,5.655251
3.430000,0.012634,0.419981,5.427002
3.431000,0.012107,0.427217,5.190859
3.432000,0.011646,0.434781,4.937614
3.433000,0.011152,0.440701,4.693907
3.434000,0.010658,0.447279,4.452173
3.435000,0.009934,0.453528,4.192022
3.436000,0.009571,0.458461,3.933514
3.437000,0.008913,0.464053,3.678625
3.438000,0.008320,0.465697,3.423735
3.439000,0.007925,0.473590,3.149113
3.440000,0.007332,0.477866,2.887974
3.441000,0.006509,0.481813,2.625849
3.442000,0.005719,0.485759,2.355830
3.443000,0.005357,0.488390,2.077918
3.444000,0.004961,0.490364,1.809873
3.445000,0.003282,0.494310,1.544129
3.446000,0.005752,0.496942,1.253719
3.447000,0.000286,0.492995,0.983700
3.448000,0.006213,0.500888,0.710392
3.449000,0.004402,0.499244,0.431163
3.450000,0.000516,0.497599,0.138450
3.451000,-0.000340,0.497271,-0.139134
3.452000,0.005093,0.498257,-0.419678
3.453000,-0.005312,0.491350,-0.713379
3.454000,-0.000702,0.494310,-1.013657
3.455000,-0.006399,0.486417,-1.297820
3.456000,-0.006267,0.485102,-1.581326
3.457000,-0.005214,0.482142,-1.880947
3.458000,-0.006597,0.478524,-2.163138
3.459000,-0.007255,0.473919,-2.442039
3.460000,-0.008144,0.468986,-2.727848
3.461000,-0.008803,0.463066,-3.012671
3.462000,-0.009461,0.456817,-3.286311
3.463000,-0.010383,0.449252,-3.554032
3.464000,-0.011602,0.442346,-3.835566
3.465000,-0.012392,0.434781,-4.108878
3.466000,-0.013182,0.425901,-4.374298
3.467000,-0.013775,0.417350,-4.644322
3.468000,-0.014499,0.407812,-4.914346
3.469000,-0.015323,0.397945,-5.177793
3.470000,-0.016146,0.387421,-5.433346
3.471000,-0.016837,0.377225,-5.698438
3.472000,-0.017529,0.366043,-5.954651
3.473000,-0.018154,0.354532,-6.200338
3.474000,-0.018484,0.342363,-6.444382
3.475000,-0.019109,0.329865,-6.689741
3.476000,-0.019801,0.317696,-6.922603
3.477000,-0.020361,0.305527,-7.144940
3.478000,-0.020756,0.292043,-7.367277
3.479000,-0.021052,0.279216,-7.581721
3.480000,-0.021217,0.265402,-7.781365
3.481000,-0.021513,0.251918,-7.973444
3.482000,-0.021941,0.237775,-8.161906
3.483000,-0.022205,0.223962,-8.337869
3.484000,-0.022501,0.210149,-8.499690
3.485000,-0.022600,0.196006,-8.655590
3.486000,-0.022600,0.181864,-8.801953
3.487000,-0.022666,0.167722,-8.934830
3.488000,-0.022764,0.153250,-9.056854
3.489000,-0.022929,0.138779,-9.170326
3.490000,-0.023061,0.124966,-9.271958
3.491000,-0.022863,0.110166,-9.361750
3.492000,-0.022731,0.096023,-9.440358
3.493000,-0.022534,0.082210,-9.509428
3.494000,-0.022699,0.068396,-9.565671
3.495000,-0.022666,0.053596,-9.610403
3.496000,-0.022600,0.040112,-9.644938
3.497000,-0.022501,0.025970,-9.668948
3.498000,-0.022205,0.012485,-9.682762
3.499000,-0.021941,-0.001657,-9.687367
3.500000,-0.022040,-0.015800,-9.678486
3.501000,-0.021908,-0.028626,-9.660725
3.502000,-0.021777,-0.042111,-9.634084
3.503000,-0.021447,-0.055596,-9.593629
3.504000,-0.021184,-0.068751,-9.545608
3.505000,-0.020953,-0.081578,-9.487721
3.506000,-0.020756,-0.095063,-9.422597
3.507000,-0.020690,-0.107560,-9.340042
3.508000,-0.020558,-0.119729,-9.252553
3.509000,-0.020262,-0.131898,-9.160130
3.510000,-0.019735,-0.144725,-9.054552
3.511000,-0.019472,-0.156894,-8.936475
3.512000,-0.019340,-0.168076,-8.817082
3.513000,-0.019142,-0.179917,-8.694072
3.514000,-0.018912,-0.191428,-8.548367
3.515000,-0.018451,-0.202939,-8.401676
3.516000,-0.018089,-0.213792,-8.252025
3.517000,-0.017430,-0.224975,-8.095796
3.518000,-0.017496,-0.236157,-7.918846
3.519000,-0.017134,-0.245695,-7.746501
3.520000,-0.016870,-0.256219,-7.570210
3.521000,-0.016442,-0.266086,-7.376486
3.522000,-0.015849,-0.275953,-7.181119
3.523000,-0.015619,-0.285491,-6.984436
3.524000,-0.015323,-0.295357,-6.757495
3.525000,-0.014960,-0.303580,-6.562786
3.526000,-0.014532,-0.312789,-6.347685
3.527000,-0.014005,-0.320682,-6.130612
3.528000,-0.013610,-0.328904,-5.902027
3.529000,-0.012886,-0.336798,-5.668180
3.530000,-0.012688,-0.344691,-5.438609
3.531000,-0.012194,-0.351598,-5.208380
3.532000,-0.011832,-0.358834,-4.955787
3.533000,-0.011174,-0.365740,-4.708456
3.534000,-0.010416,-0.372318,-4.465073
3.535000,-0.009692,-0.377580,-4.216098
3.536000,-0.009626,-0.383500,-3.950022
3.537000,-0.009198,-0.388763,-3.695128
3.538000,-0.008638,-0.394025,-3.443194
3.539000,-0.007683,-0.398301,-3.172842
3.540000,-0.007156,-0.402905,-2.903807
3.541000,-0.006498,-0.407181,-2.642007
3.542000,-0.006366,-0.410798,-2.377905
3.543000,-0.005642,-0.414087,-2.096372
3.544000,-0.002974,-0.414745,-1.827338
3.545000,-0.002843,-0.416390,-1.555343
3.546000,-0.004950,-0.422638,-1.282362
3.547000,0.000384,-0.418692,-0.991293
3.548000,-0.005444,-0.426914,-0.720614
3.549000,-0.004555,-0.419021,-0.440070
3.550000,-0.000571,-0.422967,-0.150316
3.551000,0.000483,-0.422638,0.139766
3.552000,0.003908,-0.418692,0.423599
3.553000,-0.002085,-0.422638,0.713681
3.554000,-0.000274,-0.418692,1.013300
3.555000,0.004336,-0.416061,1.298119
3.556000,0.004039,-0.411785,1.577347
3.557000,0.004994,-0.407509,1.866442
3.558000,0.006180,-0.402905,2.149945
3.559000,0.007135,-0.399287,2.423253
3.560000,0.008386,-0.394354,2.696889
3.561000,0.008946,-0.388434,2.981708
3.562000,0.009571,-0.381856,3.257975
3.563000,0.010362,-0.374949,3.525033
3.564000,0.011251,-0.367385,3.800643
3.565000,0.012173,-0.359491,4.076910
3.566000,0.013062,-0.351598,4.343640
3.567000,0.013720,-0.342718,4.632405
3.568000,0.014511,-0.333838,4.882032
3.569000,0.015268,-0.323971,5.149419
3.570000,0.015927,-0.313775,5.407597
3.571000,0.016585,-0.302922,5.667091
3.572000,0.017441,-0.291740,5.928230
3.573000,0.017935,-0.279900,6.177857
3.574000,0.018495,-0.268388,6.419262
3.575000,0.019121,-0.256548,6.666916
3.576000,0.019615,-0.243721,6.904046
3.577000,0.020141,-0.230895,7.128678
3.578000,0.020767,-0.218068,7.347389
3.579000,0.021096,-0.205241,7.564457
3.580000,0.021327,-0.191757,7.768698
3.581000,0.021623,-0.178601,7.958797
3.582000,0.021854,-0.163801,8.148566
3.583000,0.022117,-0.149987,8.327154
3.584000,0.022479,-0.135845,8.491270
3.585000,0.022446,-0.121703,8.645849
3.586000,0.022545,-0.107889,8.795495
3.587000,0.022710,-0.093747,8.930011
3.588000,0.022677,-0.079276,9.052358
3.589000,0.022776,-0.065133,9.166484
3.590000,0.022875,-0.050991,9.270413
3.591000,0.022842,-0.036191,9.357241
3.592000,0.022776,-0.022049,9.424992
3.593000,0.022710,-0.008235,9.478602
3.594000,0.022578,0.005907,9.520700
3.595000,0.022479,0.020707,9.553260
3.596000,0.022381,0.033534,9.578914
3.597000,0.022249,0.047676,9.593385
3.598000,0.022117,0.061161,9.606869
3.599000,0.021985,0.074974,9.613776
3.600000,0.021788,0.088788,9.618709
3.601000,0.021788,0.102272,9.616407
3.602000,0.021590,0.115428,9.601936
3.603000,0.021557,0.128255,9.572994
3.604000,0.021261,0.142068,9.529909
3.605000,0.020998,0.153908,9.479259
3.606000,0.020965,0.168051,9.418414
3.607000,0.020668,0.180877,9.341783
3.608000,0.020471,0.193704,9.257915
3.609000,0.020109,0.205873,9.165497
3.610000,0.019680,0.217713,9.068145
3.611000,0.019516,0.229882,8.948758
3.612000,0.019318,0.241722,8.829041
3.613000,0.019055,0.253891,8.704721
3.614000,0.018726,0.264745,8.567573
3.615000,0.018462,0.276256,8.418586
3.616000,0.018067,0.287438,8.267954
3.617000,0.017738,0.298620,8.114691
3.618000,0.017573,0.308816,7.940379
3.619000,0.017277,0.320327,7.765080
3.620000,0.016849,0.330523,7.588466
3.621000,0.016519,0.340061,7.402972
3.622000,0.015927,0.349598,7.201362
3.623000,0.015564,0.359136,7.005673
3.624000,0.015169,0.369003,6.805050
3.625000,0.014807,0.378541,6.589956
3.626000,0.014379,0.387092,6.368942
3.627000,0.014116,0.394985,6.152861
3.628000,0.013523,0.401892,5.933163
3.629000,0.012996,0.411101,5.692745
3.630000,0.012700,0.418337,5.458575
3.631000,0.012140,0.425901,5.228353
3.632000,0.011712,0.433137,4.982672
3.633000,0.011152,0.439715,4.730414
3.634000,0.010724,0.445964,4.485391
3.635000,0.010065,0.452541,4.242342
3.636000,0.009506,0.458132,3.976928
3.637000,0.008946,0.463395,3.716447
3.638000,0.008518,0.468657,3.463531
3.639000,0.008123,0.472604,3.199762
3.640000,0.007431,0.476550,2.927112
3.641000,0.006377,0.480497,2.663342
3.642000,0.005850,0.484773,2.403848
3.643000,0.005357,0.488062,2.123634
3.644000,0.005060,0.491022,1.848024
3.645000,0.003974,0.492995,1.580965
3.646000,0.007299,0.493653,1.310617
3.647000,0.000055,0.492666,1.030074
3.648000,-0.001624,0.494968,0.751832
3.649000,-0.003271,0.494639,0.474577
3.650000,-0.000604,0.496613,0.186797
3.651000,-0.000143,0.497599,-0.099009
3.652000,-0.004028,0.501217,-0.370674
3.653000,-0.001130,0.497271,-0.659769
3.654000,0.001471,0.496942,-0.959061
3.655000,-0.004884,0.490364,-1.248815
3.656000,-0.007288,0.484773,-1.535610
3.657000,-0.003732,0.485102,-1.826680
3.658000,-0.006399,0.479182,-2.119066
3.659000,-0.006926,0.474248,-2.401914
3.660000,-0.007914,0.469315,-2.675883
3.661000,-0.008967,0.464053,-2.964981
3.662000,-0.009692,0.457475,-3.244541
3.663000,-0.010383,0.451226,-3.514564
3.664000,-0.011075,0.442675,-3.785245
3.665000,-0.011931,0.435768,-4.065464
3.666000,-0.013050,0.427217,-4.335488
3.667000,-0.013808,0.418994,-4.599263
3.668000,-0.014631,0.409457,-4.868958
3.669000,-0.015323,0.399590,-5.137667
3.670000,-0.015882,0.389065,-5.396181
3.671000,-0.016607,0.379199,-5.649433
3.672000,-0.017397,0.367359,-5.914196
3.673000,-0.018089,0.356834,-6.162844
3.674000,-0.018582,0.344007,-6.404585
3.675000,-0.019175,0.332825,-6.647642
3.676000,-0.019636,0.319998,-6.885437
3.677000,-0.020031,0.307171,-7.111392
3.678000,-0.020459,0.294016,-7.326822
3.679000,-0.021151,0.280531,-7.547187
3.680000,-0.021381,0.267047,-7.750448
3.681000,-0.021711,0.253562,-7.944501
3.682000,-0.021809,0.240078,-8.129344
3.683000,-0.022139,0.225606,-8.308596
3.684000,-0.022435,0.211793,-8.475351
3.685000,-0.022600,0.197651,-8.629607
3.686000,-0.022764,0.184166,-8.777943
3.687000,-0.022699,0.170024,-8.914767
3.688000,-0.022764,0.155553,-9.038435
3.689000,-0.022633,0.141410,-9.150263
3.690000,-0.022830,0.126939,-9.256171
3.691000,-0.022995,0.112139,-9.348922
3.692000,-0.022929,0.098326,-9.427860
3.693000,-0.022797,0.084841,-9.497588
3.694000,-0.022567,0.070370,-9.558107
3.695000,-0.022633,0.055899,-9.604482
3.696000,-0.022435,0.042085,-9.640662
3.697000,-0.022468,0.028272,-9.664672
3.698000,-0.022567,0.014458,-9.680789
3.699000,-0.022369,0.000316,-9.687038
3.700000,-0.022073,-0.012511,-9.680789
3.701000,-0.021744,-0.026653,-9.664015
3.702000,-0.021678,-0.039809,-9.636715
3.703000,-0.021513,-0.053293,-9.604154
3.704000,-0.021612,-0.066120,-9.553502
3.705000,-0.021085,-0.079934,-9.497588
3.706000,-0.020855,-0.092760,-9.433122
3.707000,-0.020657,-0.105258,-9.357145
3.708000,-0.020492,-0.118085,-9.267354
3.709000,-0.020328,-0.130583,-9.173616
3.710000,-0.020031,-0.142094,-9.072642
3.711000,-0.019768,-0.154921,-8.955880
3.712000,-0.019504,-0.166761,-8.835501
3.713000,-0.019011,-0.178601,-8.709531
3.714000,-0.018648,-0.187810,-8.576324
3.715000,-0.018517,-0.199979,-8.425028
3.716000,-0.018352,-0.212806,-8.273075
3.717000,-0.017924,-0.223001,-8.119477
3.718000,-0.017595,-0.233197,-7.950421
3.719000,-0.017101,-0.244379,-7.773800
3.720000,-0.016804,-0.254575,-7.594548
3.721000,-0.016409,-0.265099,-7.414639
3.722000,-0.016277,-0.274637,-7.210720
3.723000,-0.015816,-0.283846,-7.012722
3.724000,-0.015323,-0.293384,-6.812750
3.725000,-0.014829,-0.302593,-6.602912
3.726000,-0.014302,-0.310815,-6.379589
3.727000,-0.013940,-0.319367,-6.161528
3.728000,-0.013643,-0.327589,-5.942810
3.729000,-0.013281,-0.335482,-5.705674
3.730000,-0.012754,-0.343376,-5.472156
3.731000,-0.012293,-0.350940,-5.239297
3.732000,-0.013215,-0.358834,-5.003148
3.733000,-0.011108,-0.364096,-4.747924
3.734000,-0.010811,-0.370674,-4.498620
3.735000,-0.010449,-0.376923,-4.254908
3.736000,-0.009988,-0.382843,-3.994751
3.737000,-0.009264,-0.387776,-3.733608
3.738000,-0.008605,-0.393038,-3.477399
3.739000,-0.007782,-0.398301,-3.224150
3.740000,-0.007123,-0.402247,-2.946234
3.741000,-0.006926,-0.405865,-2.678514
3.742000,-0.006498,-0.410141,-2.418359
3.743000,-0.004654,-0.412443,-2.147022
3.744000,-0.007090,-0.417376,-1.864503
3.745000,-0.005148,-0.420007,-1.595468
3.746000,-0.002974,-0.418363,-1.326105
3.747000,-0.006597,-0.424941,-1.045231
3.748000,0.001405,-0.418034,-0.760410
3.749000,0.001701,-0.425599,-0.486115
3.750000,-0.001295,-0.423296,-0.198992
3.751000,0.000253,-0.421981,0.094050
3.752000,-0.000143,-0.417705,0.383803
3.753000,0.002294,-0.419021,0.669609
3.754000,0.004994,-0.414745,0.959033
3.755000,0.005620,-0.415403,1.253719
3.756000,0.004830,-0.412114,1.537223
3.757000,0.005422,-0.408825,1.813819
3.758000,0.006377,-0.404878,2.104558
3.759000,0.007003,-0.400274,2.384444
3.760000,0.007826,-0.394683,2.656765
3.761000,0.008682,-0.389420,2.934019
3.762000,0.009374,-0.382843,3.216535
3.763000,0.010197,-0.375936,3.486225
3.764000,0.011119,-0.369358,3.752954
3.765000,0.012041,-0.361136,4.031523
3.766000,0.012897,-0.352913,4.303186
3.767000,0.013523,-0.343705,4.569587
3.768000,0.014181,-0.334824,4.835658
3.769000,0.015136,-0.324958,5.108637
3.770000,0.015828,-0.315091,5.368788
3.771000,0.016585,-0.304566,5.624336
3.772000,0.017310,-0.293384,5.885145
3.773000,0.017804,-0.282531,6.141350
3.774000,0.018429,-0.270691,6.385057
3.775000,0.020043,-0.257864,6.623831
3.776000,0.019680,-0.246024,6.866552
3.777000,0.020174,-0.233197,7.095789
3.778000,0.020504,-0.219712,7.313185
3.779000,0.020866,-0.207543,7.529595
3.780000,0.021294,-0.193401,7.737453
3.781000,0.021722,-0.180245,7.931828
3.782000,0.021788,-0.166103,8.116993
3.783000,0.022249,-0.151961,8.300185
3.784000,0.022381,-0.139134,8.466933
3.785000,0.022414,-0.124005,8.623156
3.786000,0.022611,-0.109863,8.770828
3.787000,0.022677,-0.096049,8.911593
3.788000,0.022842,-0.081578,9.036243
3.789000,0.022842,-0.067107,9.149710
3.790000,0.022973,-0.053293,9.254955
3.791000,0.022842,-0.039151,9.345729
3.792000,0.022809,-0.024680,9.417428
3.793000,0.022710,-0.010866,9.473010
3.794000,0.022644,0.003605,9.517082
3.795000,0.022578,0.018076,9.548984
3.796000,0.022381,0.031890,9.575296
3.797000,0.022315,0.045045,9.593056
3.798000,0.021985,0.059516,9.608185
3.799000,0.022051,0.073330,9.614763
3.800000,0.021920,0.086814,9.619367
3.801000,0.021854,0.100299,9.619696
3.802000,0.021590,0.113126,9.603252
3.803000,0.021492,0.127268,9.578585
3.804000,0.021261,0.140095,9.538460
3.805000,0.021031,0.152922,9.486824
3.806000,0.020965,0.166077,9.425321
3.807000,0.020734,0.178575,9.358227
3.808000,0.020471,0.191073,9.270413
3.809000,0.020109,0.203900,9.178653
3.810000,0.020010,0.215740,9.080972
3.811000,0.019680,0.227909,8.970465
3.812000,0.019417,0.239420,8.847788
3.813000,0.019022,0.251918,8.721823
3.814000,0.018726,0.263758,8.589938
3.815000,0.018495,0.274611,8.442266
3.816000,0.018166,0.285465,8.289989
3.817000,0.017771,0.296318,8.134753
3.818000,0.017606,0.307829,7.974254
3.819000,0.017145,0.318354,7.791062
3.820000,0.016914,0.328221,7.612804
3.821000,0.016618,0.339074,7.432572
3.822000,0.016091,0.348283,7.235896
3.823000,0.015630,0.357163,7.035273
3.824000,0.015301,0.367030,6.831690
3.825000,0.014939,0.376896,6.630409
3.826000,0.014577,0.385119,6.403475
3.827000,0.013984,0.393670,6.182461
3.828000,0.013753,0.401892,5.962434
3.829000,0.013095,0.409457,5.732540
3.830000,0.012700,0.418008,5.493109
3.831000,0.012206,0.425572,5.258610
3.832000,0.011745,0.432150,5.026414
3.833000,0.011317,0.438728,4.771196
3.834000,0.010757,0.444977,4.519596
3.835000,0.010263,0.451226,4.274902
3.836000,0.009637,0.456817,4.024288
3.837000,0.009209,0.462737,3.755914
3.838000,0.008551,0.467670,3.497078
3.839000,0.008155,0.472604,3.242188
3.840000,0.007365,0.476550,2.972170
3.841000,0.006641,0.480826,2.701494
3.842000,0.005818,0.484773,2.439039
3.843000,0.005455,0.487404,2.162443
3.844000,0.005225,0.489706,1.890780
3.845000,0.004402,0.491679,1.618459
3.846000,0.005883,0.494310,1.348111
3.847000,0.000318,0.496284,1.073816
3.848000,-0.001756,0.495297,0.792615
3.849000,-0.001196,0.498257,0.513715
3.850000,0.002195,0.495626,0.241393
3.851000,-0.000077,0.497271,-0.052307
3.852000,-0.006794,0.498257,-0.330220
3.853000,-0.006168,0.494310,-0.628196
3.854000,0.002854,0.497928,-0.907754
3.855000,-0.003139,0.489706,-1.215268
3.856000,-0.002250,0.489706,-1.496800
3.857000,-0.006366,0.483128,-1.778004
3.858000,-0.005707,0.480168,-2.074008
3.859000,-0.006992,0.475893,-2.361460
3.860000,-0.007914,0.469644,-2.639376
3.861000,-0.007156,0.465039,-2.914660
3.862000,-0.009330,0.458132,-3.202772
3.863000,-0.010153,0.450897,-3.476412
3.864000,-0.011239,0.444319,-3.746764
3.865000,-0.012194,0.437083,-4.021063
3.866000,-0.012787,0.428203,-4.297007
3.867000,-0.013479,0.419652,-4.563413
3.868000,-0.014401,0.410443,-4.823899
3.869000,-0.015257,0.401234,-5.096555
3.870000,-0.015882,0.391039,-5.359673
3.871000,-0.016706,0.380514,-5.615556
3.872000,-0.017035,0.369661,-5.870781
3.873000,-0.017891,0.357492,-6.127652
3.874000,-0.018451,0.345323,-6.374326
3.875000,-0.019076,0.333483,-6.609818
3.876000,-0.019768,0.321643,-6.850245
3.877000,-0.020163,0.308816,-7.081133
3.878000,-0.020426,0.295989,-7.299195
3.879000,-0.020887,0.282834,-7.511665
3.880000,-0.021447,0.269678,-7.723149
3.881000,-0.021612,0.255864,-7.917531
3.882000,-0.022007,0.242051,-8.101058
3.883000,-0.022106,0.228567,-8.282942
3.884000,-0.022172,0.214753,-8.452985
3.885000,-0.022303,0.199953,-8.609544
3.886000,-0.022666,0.185811,-8.757551
3.887000,-0.022797,0.171997,-8.895362
3.888000,-0.022896,0.158184,-9.022977
3.889000,-0.022830,0.143713,-9.136778
3.890000,-0.022699,0.129241,-9.242028
3.891000,-0.022830,0.114441,-9.336753
3.892000,-0.022929,0.100628,-9.419308
3.893000,-0.023028,0.086486,-9.487392
3.894000,-0.022797,0.072672,-9.549884
3.895000,-0.022731,0.058201,-9.598891
3.896000,-0.022534,0.044059,-9.636057
3.897000,-0.022270,0.029916,-9.663686
3.898000,-0.022468,0.016432,-9.679473
3.899000,-0.022270,0.002289,-9.687696
3.900000,-0.022270,-0.010866,-9.684736
3.901000,-0.021941,-0.024680,-9.668290
3.902000,-0.021678,-0.038164,-9.642307
3.903000,-0.021447,-0.051978,-9.607772
3.904000,-0.022270,-0.065133,-9.565014
3.905000,-0.021250,-0.077631,-9.506468
3.906000,-0.021019,-0.090787,-9.441016
3.907000,-0.020624,-0.103285,-9.368328
3.908000,-0.020328,-0.115783,-9.283470
3.909000,-0.020097,-0.128281,-9.188416
3.910000,-0.019900,-0.141107,-9.087113
3.911000,-0.019801,-0.152947,-8.979232
3.912000,-0.019603,-0.164459,-8.855235
3.913000,-0.019373,-0.176299,-8.727620
3.914000,-0.018813,-0.188139,-8.596387
3.915000,-0.018418,-0.199321,-8.453972
3.916000,-0.018385,-0.210832,-8.296098
3.917000,-0.017990,-0.221357,-8.140527
3.918000,-0.017660,-0.232539,-7.980680
3.919000,-0.017134,-0.242735,-7.801099
3.920000,-0.016706,-0.252930,-7.620532
3.921000,-0.016475,-0.263126,-7.438978
3.922000,-0.016409,-0.272993,-7.247886
3.923000,-0.015816,-0.282202,-7.043638
3.924000,-0.015520,-0.291740,-6.839391
3.925000,-0.014829,-0.300949,-6.637775
3.926000,-0.014466,-0.309829,-6.416425
3.927000,-0.013972,-0.318051,-6.191787
3.928000,-0.013676,-0.326931,-5.971424
3.929000,-0.013511,-0.334167,-5.737906
3.930000,-0.012622,-0.342060,-5.508335
3.931000,-0.012129,-0.349625,-5.271200
3.932000,-0.011700,-0.357189,-5.038340
3.933000,-0.011338,-0.363767,-4.788707
3.934000,-0.011075,-0.370345,-4.534799
3.935000,-0.010219,-0.375936,-4.287140
3.936000,-0.009824,-0.382514,-4.042441
3.937000,-0.009264,-0.387776,-3.773076
3.938000,-0.008638,-0.392709,-3.512262
3.939000,-0.008473,-0.397314,-3.256382
3.940000,-0.008210,-0.402247,-2.993595
3.941000,-0.007156,-0.405536,-2.717981
3.942000,-0.005806,-0.409154,-2.452235
3.943000,-0.006597,-0.413430,-2.188462
3.944000,-0.003304,-0.414087,-1.910219
3.945000,-0.001723,-0.415732,-1.635593
3.946000,-0.004818,-0.419350,-1.358994
3.947000,0.001899,-0.416718,-1.091276
3.948000,-0.005082,-0.423954,-0.808100
3.949000,-0.007815,-0.427243,-0.530515
3.950000,0.000714,-0.424941,-0.239117
3.951000,-0.000077,-0.422310,0.046690
3.952000,0.005291,-0.423625,0.337101
3.953000,-0.000208,-0.420665,0.618302
3.954000,0.001438,-0.417047,0.911015
3.955000,0.005982,-0.416390,1.210963
3.956000,0.003611,-0.412443,1.497756
3.957000,0.004896,-0.409483,1.776326
3.958000,0.005719,-0.404878,2.058843
3.959000,0.006674,-0.399945,2.345306
3.960000,0.007694,-0.395340,2.619929
3.961000,0.008419,-0.389749,2.889947
3.962000,0.009473,-0.383829,3.173450
3.963000,0.010263,-0.377251,3.448731
3.964000,0.010921,-0.370345,3.717434
3.965000,0.011811,-0.362451,3.987452
3.966000,0.012765,-0.353900,4.265035
3.967000,0.013556,-0.345020,4.533738
3.968000,0.014148,-0.336140,4.794876
3.969000,0.014972,-0.326273,5.066539
3.970000,0.015597,-0.316735,5.333926
3.971000,0.016355,-0.306211,5.590460
3.972000,0.017079,-0.294371,5.842061
3.973000,0.017738,-0.283517,6.103857
3.974000,0.018330,-0.271677,6.352168
3.975000,0.018923,-0.260495,6.592258
3.976000,0.019450,-0.247339,6.830045
3.977000,0.020010,-0.234841,7.063886
3.978000,0.020635,-0.221686,7.283914
3.979000,0.020800,-0.208859,7.495719
3.980000,0.021261,-0.195703,7.707853
3.981000,0.021524,-0.181890,7.907161
3.982000,0.021788,-0.168405,8.092984
3.983000,0.022018,-0.154263,8.271900
3.984000,0.022282,-0.140450,8.445226
3.985000,0.022479,-0.126636,8.602764
3.986000,0.022446,-0.112165,8.750108
3.987000,0.022578,-0.098023,8.890873
3.988000,0.022710,-0.083551,9.019469
3.989000,0.022875,-0.069409,9.133595
3.990000,0.022809,-0.054938,9.238511
3.991000,0.023006,-0.040795,9.332574
3.992000,0.022809,-0.026982,9.407890
3.993000,0.022677,-0.012182,9.465117
3.994000,0.022710,0.001632,9.509846
3.995000,0.022545,0.015774,9.545367
3.996000,0.022381,0.029587,9.571020
3.997000,0.022315,0.043730,9.590754
3.998000,0.022051,0.057214,9.603580
3.999000,0.021953,0.070370,9.612789
4.000000,0.021920,0.084512,9.618052
4.001000,0.021788,0.098326,9.620354
4.002000,0.021788,0.111810,9.604896
4.003000,0.021524,0.124966,9.581874
4.004000,0.021327,0.137793,9.545367
4.005000,0.021096,0.151277,9.494388
4.006000,0.020998,0.164104,9.434530
4.007000,0.020734,0.176931,9.365792
4.008000,0.020537,0.189757,9.287187
4.009000,0.020306,0.202584,9.191151
4.010000,0.019977,0.214424,9.092483
4.011000,0.019680,0.226264,8.986909
4.012000,0.019318,0.237775,8.866206
4.013000,0.019121,0.250273,8.738925
4.014000,0.018791,0.262113,8.607369
4.015000,0.018495,0.273296,8.467590
4.016000,0.018232,0.284478,8.311367
4.017000,0.017869,0.295331,8.152842
4.018000,0.017540,0.306185,7.993330
4.019000,0.017277,0.316380,7.818360
4.020000,0.016750,0.326905,7.636155
4.021000,0.016585,0.337758,7.451977
4.022000,0.016157,0.346967,7.267798
4.023000,0.015630,0.356834,7.061255
4.024000,0.015301,0.365385,6.855699
4.025000,0.014939,0.374923,6.654089
4.026000,0.014544,0.383803,6.438009
4.027000,0.014017,0.392354,6.212061
4.028000,0.013885,0.400577,5.989074
4.029000,0.013292,0.408470,5.767731
4.030000,0.012765,0.416034,5.528300
4.031000,0.012239,0.423928,5.290513
4.032000,0.011778,0.430835,5.053054
4.033000,0.011284,0.438070,4.811978
4.034000,0.010790,0.444319,4.554129
4.035000,0.010460,0.450239,4.303515
4.036000,0.009703,0.456488,4.057506
4.037000,0.009176,0.461750,3.794394
4.038000,0.008649,0.467013,3.530953
4.039000,0.008254,0.470959,3.272775
4.040000,0.007662,0.476221,2.989272
4.041000,0.006904,0.480168,2.737343
4.042000,0.005982,0.483457,2.471271
4.043000,0.005521,0.487075,2.206843
4.044000,0.005225,0.489706,1.933535
4.045000,0.004830,0.491679,1.654965
4.046000,0.003084,0.495626,1.380342
4.047000,0.006213,0.496942,1.111310
4.048000,-0.002052,0.493982,0.831753
4.049000,0.002130,0.500231,0.550222
4.050000,-0.000867,0.499244,0.268033
4.051000,0.000022,0.496613,-0.009880
4.052000,0.001372,0.495297,-0.311802
4.053000,-0.007387,0.493653,-0.593662
4.054000,-0.003073,0.492666,-0.875523
4.055000,-0.003172,0.490035,-1.172841
4.056000,-0.007222,0.485102,-1.461938
4.057000,-0.003304,0.486088,-1.748732
4.058000,-0.006366,0.481813,-2.027962
4.059000,-0.007123,0.476221,-2.322980
4.060000,-0.007584,0.470959,-2.605500
4.061000,-0.008243,0.465697,-2.881442
4.062000,-0.009198,0.458790,-3.163304
4.063000,-0.010120,0.451884,-3.443852
4.064000,-0.011042,0.445306,-3.713875
4.065000,-0.011964,0.438070,-3.979293
4.066000,-0.012622,0.429519,-4.260828
4.067000,-0.013413,0.421626,-4.530852
4.068000,-0.014071,0.412088,-4.793970
4.069000,-0.014993,0.401892,-5.058732
4.070000,-0.016014,0.392025,-5.325797
4.071000,-0.016706,0.381830,-5.584640
4.072000,-0.017167,0.371305,-5.836576
4.073000,-0.017660,0.359465,-6.095090
4.074000,-0.018319,0.347625,-6.342423
4.075000,-0.019076,0.335785,-6.582520
4.076000,-0.019373,0.322958,-6.816368
4.077000,-0.020064,0.310460,-7.053176
4.078000,-0.020459,0.297305,-7.273540
4.079000,-0.020723,0.284478,-7.486011
4.080000,-0.021217,0.270993,-7.693877
4.081000,-0.021645,0.257509,-7.894179
4.082000,-0.021974,0.244024,-8.080338
4.083000,-0.022139,0.230211,-8.256301
4.084000,-0.022336,0.216726,-8.431606
4.085000,-0.022435,0.202255,-8.590138
4.086000,-0.022633,0.188113,-8.738803
4.087000,-0.022929,0.173642,-8.879574
4.088000,-0.022962,0.159499,-9.007189
4.089000,-0.022962,0.145357,-9.122964
4.090000,-0.022896,0.130886,-9.226898
4.091000,-0.022830,0.117072,-9.323925
4.092000,-0.022797,0.101943,-9.409441
4.093000,-0.022896,0.088459,-9.480485
4.094000,-0.022863,0.073988,-9.540346
4.095000,-0.022797,0.060174,-9.592642
4.096000,-0.022402,0.046032,-9.630795
4.097000,-0.022303,0.031890,-9.661054
4.098000,-0.022336,0.018076,-9.679144
4.099000,-0.022303,0.003934,-9.686380
4.100000,-0.022303,-0.009880,-9.684407
4.101000,-0.021809,-0.023035,-9.672895
4.102000,-0.021809,-0.036520,-9.646254
4.103000,-0.021283,-0.050333,-9.612047
4.104000,-0.021414,-0.063489,-9.568961
4.105000,-0.021316,-0.075658,-9.515020
4.106000,-0.021052,-0.088814,-9.451541
4.107000,-0.020855,-0.101640,-9.375564
4.108000,-0.020394,-0.114467,-9.297284
4.109000,-0.020229,-0.127294,-9.199599
4.110000,-0.019768,-0.139134,-9.099612
4.111000,-0.019702,-0.151303,-8.991731
4.112000,-0.019472,-0.163801,-8.873325
4.113000,-0.019373,-0.174983,-8.743408
4.114000,-0.018945,-0.187481,-8.609544
4.115000,-0.018517,-0.198334,-8.474035
4.116000,-0.018121,-0.209846,-8.316490
4.117000,-0.017858,-0.220370,-8.158617
4.118000,-0.017759,-0.231224,-7.996467
4.119000,-0.017199,-0.241419,-7.827411
4.120000,-0.016936,-0.251615,-7.641253
4.121000,-0.016475,-0.262468,-7.459041
4.122000,-0.016047,-0.271348,-7.273540
4.123000,-0.015751,-0.280886,-7.069622
4.124000,-0.015553,-0.290424,-6.862743
4.125000,-0.015257,-0.299962,-6.657838
4.126000,-0.014631,-0.308842,-6.449315
4.127000,-0.014203,-0.317064,-6.218757
4.128000,-0.013610,-0.325615,-5.996092
4.129000,-0.013281,-0.334496,-5.772441
4.130000,-0.012754,-0.342060,-5.539909
4.131000,-0.012524,-0.348638,-5.298169
4.132000,-0.011997,-0.355873,-5.062679
4.133000,-0.011371,-0.362451,-4.825544
4.134000,-0.010647,-0.369358,-4.566702
4.135000,-0.010219,-0.375607,-4.315754
4.136000,-0.009889,-0.381527,-4.066780
4.137000,-0.009527,-0.387118,-3.810241
4.138000,-0.009000,-0.392052,-3.542520
4.139000,-0.008210,-0.396656,-3.283351
4.140000,-0.007387,-0.400932,-3.027800
4.141000,-0.006827,-0.405207,-2.753502
4.142000,-0.006267,-0.408496,-2.481836
4.143000,-0.007189,-0.413101,-2.216089
4.144000,-0.002316,-0.412443,-1.949686
4.145000,-0.007288,-0.419021,-1.663220
4.146000,-0.006399,-0.420994,-1.390568
4.147000,-0.001032,-0.418363,-1.118245
4.148000,-0.006070,-0.425927,-0.837042
4.149000,0.004072,-0.421323,-0.549262
4.150000,0.003809,-0.426256,-0.268717
4.151000,0.000055,-0.422310,0.010512
4.152000,-0.002810,-0.418692,0.306514
4.153000,0.003150,-0.420336,0.598569
4.154000,0.006279,-0.416718,0.873522
4.155000,0.001504,-0.414087,1.170510
4.156000,0.002887,-0.413758,1.467169
4.157000,0.004994,-0.409154,1.747384
4.158000,0.005916,-0.405865,2.021020
4.159000,0.006970,-0.400932,2.307812
4.160000,0.007694,-0.396327,2.588355
4.161000,0.008616,-0.390736,2.861992
4.162000,0.009077,-0.384487,3.136286
4.163000,0.010131,-0.377909,3.418144
4.164000,0.010691,-0.371003,3.687505
4.165000,0.011745,-0.363109,3.954563
4.166000,0.012535,-0.355545,4.229515
4.167000,0.013391,-0.346336,4.504796
4.168000,0.014181,-0.337127,4.768236
4.169000,0.014840,-0.327260,5.031019
4.170000,0.015762,-0.317393,5.301695
4.171000,0.016322,-0.307198,5.561847
4.172000,0.017211,-0.296015,5.816078
4.173000,0.017672,-0.285491,6.071626
4.174000,0.018265,-0.273651,6.323555
4.175000,0.018923,-0.261482,6.565618
4.176000,0.019450,-0.248984,6.799130
4.177000,0.019944,-0.236815,7.035273
4.178000,0.020339,-0.223330,7.260891
4.179000,0.020833,-0.210832,7.473026
4.180000,0.021063,-0.197348,7.680884
4.181000,0.021459,-0.183205,7.883152
4.182000,0.021689,-0.169721,8.073250
4.183000,0.021953,-0.156236,8.250194
4.184000,0.022216,-0.141765,8.424506
4.185000,0.022479,-0.127623,8.585004
4.186000,0.022512,-0.114138,8.733992
4.187000,0.022578,-0.099667,8.873113
4.188000,0.022743,-0.084867,9.004669
4.189000,0.022875,-0.070725,9.122741
4.190000,0.022875,-0.056582,9.227657
4.191000,0.022875,-0.042769,9.323365
4.192000,0.022710,-0.028298,9.400325
4.193000,0.022611,-0.014155,9.459855
4.194000,0.022611,-0.000342,9.505242
4.195000,0.022644,0.014129,9.541420
4.196000,0.022381,0.028272,9.569047
4.197000,0.022381,0.041756,9.588780
4.198000,0.022117,0.055570,9.603909
4.199000,0.022018,0.069712,9.612132
4.200000,0.021985,0.082868,9.618052
4.201000,0.021788,0.097010,9.620025
4.202000,0.021755,0.109837,9.609172
4.203000,0.021492,0.122992,9.583847
4.204000,0.021360,0.136806,9.548327
4.205000,0.021129,0.149633,9.503268
4.206000,0.020932,0.162130,9.441437
4.207000,0.020701,0.175286,9.374014
4.208000,0.020537,0.187784,9.297382
4.209000,0.020306,0.200611,9.202991
4.210000,0.020043,0.213109,9.103008
4.211000,0.019812,0.224949,8.996776
4.212000,0.018166,0.236460,8.884624
4.213000,0.019154,0.248958,8.752410
4.214000,0.018693,0.260798,8.619867
4.215000,0.018693,0.271651,8.483377
4.216000,0.018363,0.282834,8.331758
4.217000,0.018001,0.293687,8.170273
4.218000,0.017507,0.304540,8.009775
4.219000,0.017244,0.315394,7.843027
4.220000,0.016783,0.325918,7.656875
4.221000,0.016618,0.336443,7.473354
4.222000,0.016190,0.345981,7.287203
4.223000,0.015861,0.355190,7.090855
4.224000,0.015466,0.364399,6.879379
4.225000,0.014906,0.373607,6.674809
4.226000,0.014741,0.382816,6.467280
4.227000,0.014148,0.391368,6.240017
4.228000,0.013786,0.399590,6.012754
4.229000,0.013325,0.407812,5.790754
4.230000,0.012831,0.415377,5.563820
4.231000,0.012370,0.422612,5.317153
4.232000,0.011745,0.429519,5.079037
4.233000,0.011415,0.437083,4.840921
4.234000,0.010921,0.443332,4.586689
4.235000,0.010559,0.449252,4.331142
4.236000,0.009934,0.455501,4.084475
4.237000,0.009407,0.460764,3.832874
4.238000,0.008584,0.465697,3.562527
4.239000,0.007991,0.471288,3.300073
4.240000,0.007629,0.475564,3.043210
4.241000,0.007003,0.479510,2.774507
4.242000,0.006476,0.483128,2.501529
4.243000,0.005357,0.486088,2.235785
4.244000,0.004731,0.488719,1.971687
4.245000,0.004270,0.491350,1.688183
4.246000,0.005389,0.492666,1.412902
4.247000,0.004994,0.497928,1.138607
4.248000,0.000351,0.496942,0.871877
4.249000,-0.000801,0.494639,0.577191
4.250000,-0.002250,0.499573,0.295003
4.251000,0.000022,0.496613,0.028601
4.252000,-0.004094,0.499573,-0.268388
4.253000,0.003941,0.495626,-0.549591
4.254000,-0.001690,0.493982,-0.832438
4.255000,-0.006992,0.487404,-1.129756
4.256000,-0.006728,0.485430,-1.429377
4.257000,-0.003073,0.486088,-1.716830
4.258000,-0.006432,0.480168,-1.995731
4.259000,-0.006498,0.476221,-2.285486
4.260000,-0.007486,0.471617,-2.573926
4.261000,-0.008473,0.465697,-2.851512
4.262000,-0.009494,0.460106,-3.123508
4.263000,-0.010153,0.453528,-3.408660
4.264000,-0.010910,0.446292,-3.682630
4.265000,-0.011668,0.438728,-3.951666
4.266000,-0.012425,0.430835,-4.224650
4.267000,-0.013479,0.421626,-4.498949
4.268000,-0.014236,0.413074,-4.763382
4.269000,-0.015026,0.403537,-5.022882
4.270000,-0.015586,0.393999,-5.293236
4.271000,-0.016343,0.382488,-5.556683
4.272000,-0.016903,0.371634,-5.809277
4.273000,-0.017628,0.360781,-6.060227
4.274000,-0.018615,0.348941,-6.313480
4.275000,-0.018978,0.337101,-6.555879
4.276000,-0.019439,0.324932,-6.788740
4.277000,-0.019900,0.312105,-7.023575
4.278000,-0.020295,0.298949,-7.248544
4.279000,-0.020822,0.286122,-7.462330
4.280000,-0.021283,0.272638,-7.666578
4.281000,-0.021678,0.259153,-7.869840
4.282000,-0.021777,0.245998,-8.060274
4.283000,-0.022040,0.231527,-8.237553
4.284000,-0.022205,0.218042,-8.410557
4.285000,-0.022369,0.203571,-8.572049
4.286000,-0.022731,0.189757,-8.722687
4.287000,-0.022797,0.175615,-8.859840
4.288000,-0.022797,0.160815,-8.992718
4.289000,-0.022830,0.147001,-9.109808
4.290000,-0.022863,0.132530,-9.217689
4.291000,-0.022962,0.118059,-9.312085
4.292000,-0.022896,0.103588,-9.399245
4.293000,-0.022962,0.090103,-9.472591
4.294000,-0.022830,0.076290,-9.534425
4.295000,-0.022534,0.061490,-9.587379
4.296000,-0.022567,0.047676,-9.627177
4.297000,-0.022369,0.033205,-9.657436
4.298000,-0.022402,0.020049,-9.678815
4.299000,-0.022402,0.005578,-9.684736
4.300000,-0.022073,-0.007906,-9.684407
4.301000,-0.021875,-0.021720,-9.674211
4.302000,-0.021645,-0.034547,-9.649872
4.303000,-0.021579,-0.048360,-9.616652
4.304000,-0.021348,-0.062173,-9.573894
4.305000,-0.021316,-0.074342,-9.524229
4.306000,-0.021118,-0.087498,-9.458448
4.307000,-0.020624,-0.100325,-9.385102
4.308000,-0.020361,-0.113152,-9.306822
4.309000,-0.020097,-0.125649,-9.213742
4.310000,-0.019998,-0.138476,-9.111123
4.311000,-0.019768,-0.149658,-9.002256
4.312000,-0.019504,-0.161827,-8.890099
4.313000,-0.019208,-0.173668,-8.760182
4.314000,-0.018846,-0.185508,-8.626318
4.315000,-0.018582,-0.196690,-8.488836
4.316000,-0.018286,-0.208201,-8.340829
4.317000,-0.018089,-0.219383,-8.177693
4.318000,-0.017825,-0.230237,-8.014886
4.319000,-0.017331,-0.240433,-7.849448
4.320000,-0.017002,-0.250628,-7.666907
4.321000,-0.016541,-0.260824,-7.479762
4.322000,-0.016179,-0.271019,-7.293603
4.323000,-0.015882,-0.280228,-7.101525
4.324000,-0.015586,-0.290095,-6.888397
4.325000,-0.015158,-0.299304,-6.681848
4.326000,-0.014730,-0.307526,-6.474641
4.327000,-0.014170,-0.316078,-6.251647
4.328000,-0.013610,-0.324958,-6.022404
4.329000,-0.013281,-0.332851,-5.796779
4.330000,-0.013050,-0.340087,-5.577075
4.331000,-0.012655,-0.347651,-5.328757
4.332000,-0.011898,-0.354887,-5.088990
4.333000,-0.011404,-0.362122,-4.850211
4.334000,-0.010713,-0.368700,-4.603209
4.335000,-0.010416,-0.374949,-4.345355
4.336000,-0.010021,-0.380869,-4.094078
4.337000,-0.009395,-0.386132,-3.847077
4.338000,-0.008967,-0.391394,-3.577054
4.339000,-0.008177,-0.396327,-3.313280
4.340000,-0.007486,-0.400932,-3.056414
4.341000,-0.006564,-0.405207,-2.794943
4.342000,-0.006465,-0.408825,-2.514396
4.343000,-0.004785,-0.411127,-2.247663
4.344000,-0.005246,-0.412772,-1.979944
4.345000,-0.006399,-0.419350,-1.703674
4.346000,-0.007090,-0.422967,-1.424773
4.347000,0.001866,-0.416390,-1.151792
4.348000,-0.002810,-0.422310,-0.886376
4.349000,-0.008276,-0.428230,-0.596293
4.350000,-0.001229,-0.421652,-0.312789
4.351000,-0.000143,-0.422310,-0.026324
4.352000,-0.002217,-0.419021,0.258824
4.353000,0.004632,-0.420336,0.563378
4.354000,0.000055,-0.422638,0.847868
4.355000,0.005521,-0.413758,1.129070
4.356000,0.005027,-0.415074,1.429018
4.357000,0.004698,-0.410141,1.714166
4.358000,0.005389,-0.406523,1.991749
4.359000,0.006246,-0.401589,2.270319
4.360000,0.007464,-0.395998,2.556124
4.361000,0.008320,-0.391723,2.830090
4.362000,0.009143,-0.385474,3.100766
4.363000,0.009967,-0.379225,3.380322
4.364000,0.010493,-0.372318,3.655932
4.365000,0.011580,-0.363767,3.924305
4.366000,0.013622,-0.356860,4.191364
4.367000,0.013292,-0.347651,4.468618
4.368000,0.014214,-0.338113,4.737649
4.369000,0.014840,-0.328904,4.999445
4.370000,0.015466,-0.319367,5.267161
4.371000,0.016223,-0.308513,5.531918
4.372000,0.016914,-0.297989,5.786807
4.373000,0.017738,-0.286148,6.037421
4.374000,0.018265,-0.274637,6.292639
4.375000,0.018791,-0.263126,6.537662
4.376000,0.019252,-0.251286,6.772161
4.377000,0.019911,-0.237473,7.005015
4.378000,0.020339,-0.224975,7.231949
4.379000,0.020800,-0.212477,7.449345
4.380000,0.021195,-0.198663,7.655231
4.381000,0.021492,-0.185508,7.858156
4.382000,0.021722,-0.171694,8.050557
4.383000,0.021953,-0.157552,8.229802
4.384000,0.022216,-0.143410,8.401812
4.385000,0.022381,-0.129596,8.566915
4.386000,0.022446,-0.115783,8.718534
4.387000,0.022743,-0.101311,8.856668
4.388000,0.022710,-0.087169,8.988882
4.389000,0.022743,-0.072698,9.107283
4.390000,0.022842,-0.058884,9.217133
4.391000,0.022809,-0.044413,9.312840
4.392000,0.022842,-0.029942,9.391445
4.393000,0.022842,-0.015800,9.451633
4.394000,0.022578,-0.002315,9.500637
4.395000,0.022578,0.012485,9.537473
4.396000,0.022381,0.025641,9.566087
4.397000,0.022315,0.040441,9.587465
4.398000,0.022249,0.053596,9.599963
4.399000,0.022117,0.067410,9.610816
4.400000,0.022018,0.080894,9.617065
4.401000,0.021722,0.094708,9.620354
4.402000,0.021590,0.108192,9.611145
4.403000,0.021492,0.121348,9.587136
4.404000,0.021426,0.134833,9.552931
4.405000,0.021162,0.148317,9.509189
4.406000,0.020998,0.161144,9.451961
4.407000,0.020767,0.173642,9.381579
4.408000,0.020438,0.186140,9.306263
4.409000,0.019680,0.198637,9.220093
4.410000,0.020076,0.210806,9.116492
4.411000,0.019845,0.223633,9.009603
4.412000,0.019483,0.234815,8.899095
4.413000,0.019285,0.246984,8.772801
4.414000,0.018923,0.258496,8.638285
4.415000,0.018758,0.270665,8.498506
4.416000,0.018330,0.281847,8.357412
4.417000,0.018100,0.293029,8.192967
4.418000,0.017672,0.303554,8.029837
4.419000,0.017310,0.314078,7.863418
4.420000,0.016882,0.323945,7.687133
4.421000,0.016486,0.334469,7.496048
4.422000,0.016223,0.344336,7.306278
4.423000,0.015927,0.354203,7.120455
4.424000,0.015499,0.363741,6.907006
4.425000,0.015005,0.372621,6.699476
4.426000,0.014708,0.381830,6.489973
4.427000,0.014116,0.390052,6.274879
4.428000,0.013819,0.398603,6.043012
4.429000,0.013325,0.406825,5.815749
4.430000,0.012897,0.415048,5.593749
4.431000,0.012436,0.421954,5.350042
4.432000,0.011876,0.429190,5.107979
4.433000,0.011514,0.435768,4.867890
4.434000,0.010856,0.442346,4.626814
4.435000,0.010362,0.448924,4.364031
4.436000,0.009934,0.455501,4.111773
4.437000,0.009374,0.460435,3.861159
4.438000,0.008946,0.465697,3.600020
4.439000,0.008254,0.470301,3.331646
4.440000,0.007431,0.474906,3.072810
4.441000,0.006970,0.479510,2.816934
4.442000,0.006279,0.483128,2.535733
4.443000,0.005916,0.485759,2.265714
4.444000,0.005422,0.488719,2.000958
4.445000,0.004961,0.490364,1.731268
4.446000,0.004764,0.491350,1.447765
4.447000,-0.000307,0.493982,1.177745
4.448000,0.006213,0.498915,0.898846
4.449000,0.002591,0.496613,0.621920
4.450000,-0.003007,0.499573,0.341047
4.451000,0.000121,0.496942,0.058201
4.452000,-0.005378,0.498586,-0.223330
4.453000,0.004171,0.500888,-0.510124
4.454000,-0.004654,0.491350,-0.802180
4.455000,-0.007123,0.488062,-1.089303
4.456000,-0.007288,0.485759,-1.384319
4.457000,-0.002810,0.487075,-1.679665
4.458000,-0.004720,0.481813,-1.964157
4.459000,-0.006531,0.477208,-2.241743
4.460000,-0.007584,0.471946,-2.534459
4.461000,-0.008342,0.466684,-2.815992
4.462000,-0.009297,0.460764,-3.091934
4.463000,-0.009659,0.453857,-3.369521
4.464000,-0.010713,0.447279,-3.649740
4.465000,-0.011635,0.439057,-3.918777
4.466000,-0.012491,0.431492,-4.184524
4.467000,-0.013479,0.422612,-4.461784
4.468000,-0.014005,0.413403,-4.731479
4.469000,-0.014763,0.404523,-4.993939
4.470000,-0.015619,0.394328,-5.255742
4.471000,-0.016277,0.384790,-5.520833
4.472000,-0.017068,0.373279,-5.777703
4.473000,-0.017792,0.362096,-6.028653
4.474000,-0.018451,0.350585,-6.279932
4.475000,-0.018813,0.338745,-6.525949
4.476000,-0.019274,0.325918,-6.759139
4.477000,-0.019768,0.313749,-6.990356
4.478000,-0.020492,0.300923,-7.218614
4.479000,-0.020789,0.288096,-7.436347
4.480000,-0.021316,0.274282,-7.641581
4.481000,-0.021447,0.260798,-7.843199
4.482000,-0.021744,0.247313,-8.036265
4.483000,-0.021974,0.232842,-8.217161
4.484000,-0.022435,0.219358,-8.385560
4.485000,-0.022468,0.205873,-8.551328
4.486000,-0.022699,0.191073,-8.703281
4.487000,-0.022666,0.176931,-8.843066
4.488000,-0.022764,0.162788,-8.973312
4.489000,-0.022830,0.148975,-9.095336
4.490000,-0.022995,0.134504,-9.204204
4.491000,-0.022929,0.119704,-9.299586
4.492000,-0.022962,0.105890,-9.387075
4.493000,-0.022929,0.091748,-9.463382
4.494000,-0.022666,0.076948,-9.527518
4.495000,-0.022633,0.063792,-9.581130
4.496000,-0.022666,0.049321,-9.620928
4.497000,-0.022666,0.035178,-9.652503
4.498000,-0.022501,0.021365,-9.673882
4.499000,-0.022336,0.007880,-9.686051
4.500000,-0.022139,-0.005933,-9.684736
4.501000,-0.021875,-0.020075,-9.675526
4.502000,-0.021777,-0.033889,-9.655463
4.503000,-0.021645,-0.046715,-9.621586
4.504000,-0.021645,-0.059213,-9.579486
4.505000,-0.021381,-0.072698,-9.530807
4.506000,-0.021052,-0.085525,-9.469631
4.507000,-0.020624,-0.098351,-9.394311
4.508000,-0.020328,-0.111836,-9.316690
4.509000,-0.020394,-0.124005,-9.228214
4.510000,-0.020130,-0.135845,-9.125924
4.511000,-0.019965,-0.148014,-9.015412
4.512000,-0.019472,-0.160512,-8.902927
4.513000,-0.019011,-0.171694,-8.779587
4.514000,-0.018846,-0.183863,-8.642763
4.515000,-0.018648,-0.195374,-8.504294
4.516000,-0.018484,-0.206557,-8.361879
4.517000,-0.018352,-0.217739,-8.200387
4.518000,-0.017726,-0.228592,-8.034949
4.519000,-0.017298,-0.239117,-7.869840
4.520000,-0.016837,-0.247997,-7.699139
4.521000,-0.016541,-0.259837,-7.504758
4.522000,-0.016376,-0.269375,-7.313995
4.523000,-0.015849,-0.279242,-7.123890
4.524000,-0.015948,-0.288780,-6.919643
4.525000,-0.014960,-0.297660,-6.706515
4.526000,-0.014499,-0.306540,-6.498321
4.527000,-0.014203,-0.314433,-6.286510
4.528000,-0.013775,-0.323971,-6.053320
4.529000,-0.013413,-0.331536,-5.824407
4.530000,-0.013182,-0.339758,-5.602400
4.531000,-0.012688,-0.346665,-5.365265
4.532000,-0.012096,-0.354558,-5.118591
4.533000,-0.011503,-0.361136,-4.878825
4.534000,-0.011042,-0.367714,-4.640704
4.535000,-0.010482,-0.373963,-4.379889
4.536000,-0.010054,-0.379883,-4.124008
4.537000,-0.009527,-0.386132,-3.873718
4.538000,-0.009428,-0.391065,-3.619153
4.539000,-0.008078,-0.395340,-3.347485
4.540000,-0.007453,-0.400274,-3.086343
4.541000,-0.006992,-0.404549,-2.828490
4.542000,-0.007222,-0.408167,-2.552877
4.543000,-0.006333,-0.411127,-2.279237
4.544000,-0.006794,-0.415732,-2.013162
4.545000,-0.003139,-0.416718,-1.751034
4.546000,-0.007420,-0.421652,-1.459307
4.547000,-0.007617,-0.424941,-1.185339
4.548000,0.002558,-0.417047,-0.909727
4.549000,0.003414,-0.416061,-0.626880
4.550000,0.004731,-0.424941,-0.350940
4.551000,-0.000044,-0.422310,-0.059871
4.552000,0.000615,-0.421652,0.222646
4.553000,-0.003172,-0.422967,0.514373
4.554000,-0.000571,-0.419678,0.815966
4.555000,0.005752,-0.416061,1.094536
4.556000,0.004764,-0.414745,1.384618
4.557000,0.004928,-0.410470,1.676672
4.558000,0.005719,-0.406194,1.957873
4.559000,0.006871,-0.402247,2.230194
4.560000,0.007530,-0.397643,2.516000
4.561000,0.008123,-0.392709,2.796543
4.562000,0.009012,-0.386132,3.068535
4.563000,0.009736,-0.381198,3.338224
4.564000,0.010757,-0.372647,3.619754
4.565000,0.011514,-0.365082,3.893061
4.566000,0.012469,-0.357518,4.158475
4.567000,0.013128,-0.348967,4.429809
4.568000,0.013918,-0.340087,4.701800
4.569000,0.014609,-0.330549,4.967543
4.570000,0.015400,-0.320353,5.226379
4.571000,0.016453,-0.309500,5.496398
4.572000,0.016947,-0.298646,5.755234
4.573000,0.017540,-0.288122,6.006505
4.574000,0.018034,-0.276282,6.255146
4.575000,0.018660,-0.265099,6.505431
4.576000,0.019318,-0.252273,6.744534
4.577000,0.019812,-0.239775,6.972126
4.578000,0.020207,-0.226948,7.202020
4.579000,0.020800,-0.214121,7.422048
4.580000,0.021096,-0.200637,7.630564
4.581000,0.021393,-0.187152,7.828227
4.582000,0.021689,-0.173668,8.026548
4.583000,0.022084,-0.159525,8.207767
4.584000,0.022249,-0.145712,8.378461
4.585000,0.022315,-0.131569,8.545209
4.586000,0.022578,-0.117427,8.699129
4.587000,0.022512,-0.103285,8.840553
4.588000,0.022677,-0.089142,8.968162
4.589000,0.022710,-0.074342,9.094128
4.590000,0.022907,-0.060529,9.203977
4.591000,0.022743,-0.046715,9.300342
4.592000,0.022907,-0.031915,9.379605
4.593000,0.022677,-0.017444,9.445055
4.594000,0.022677,-0.003631,9.494060
4.595000,0.022512,0.010512,9.533198
4.596000,0.022446,0.024325,9.562469
4.597000,0.022414,0.038796,9.582202
4.598000,0.022249,0.052610,9.600292
4.599000,0.022117,0.065765,9.610158
4.600000,0.021821,0.079579,9.616736
4.601000,0.021887,0.093063,9.619367
4.602000,0.021656,0.106877,9.614763
4.603000,0.021590,0.120361,9.593056
4.604000,0.021327,0.132859,9.559509
4.605000,0.021228,0.146015,9.516095
4.606000,0.020965,0.159170,9.462486
4.607000,0.020701,0.171668,9.391445
4.608000,0.020537,0.184166,9.315800
4.609000,0.020372,0.196993,9.232591
4.610000,0.020141,0.209162,9.132279
4.611000,0.019779,0.222318,9.024403
4.612000,0.019483,0.233500,8.912909
4.613000,0.019219,0.245998,8.794508
4.614000,0.018890,0.257180,8.656703
4.615000,0.018627,0.269020,8.516266
4.616000,0.018297,0.280531,8.374514
4.617000,0.018199,0.291056,8.219278
4.618000,0.017705,0.302238,8.051873
4.619000,0.017343,0.312434,7.882494
4.620000,0.017013,0.322958,7.714431
4.621000,0.016618,0.333483,7.524004
4.622000,0.016190,0.343021,7.331274
4.623000,0.015795,0.352887,7.142820
4.624000,0.015729,0.363083,6.942197
4.625000,0.015169,0.371634,6.725458
4.626000,0.014741,0.379856,6.515298
4.627000,0.014116,0.389065,6.304151
4.628000,0.013786,0.397617,6.074586
4.629000,0.013259,0.406168,5.843705
4.630000,0.013128,0.413403,5.618087
4.631000,0.012568,0.420968,5.367144
4.632000,0.012074,0.428532,5.140210
4.633000,0.011646,0.435439,4.896174
4.634000,0.010987,0.442017,4.656742
4.635000,0.010526,0.447937,4.404813
4.636000,0.009901,0.454515,4.145648
4.637000,0.009506,0.459777,3.891417
4.638000,0.008814,0.465039,3.642118
4.639000,0.008320,0.469644,3.369798
4.640000,0.007596,0.473590,3.105699
4.641000,0.006740,0.478524,2.846534
4.642000,0.006410,0.482799,2.581449
4.643000,0.006114,0.485759,2.302550
4.644000,0.005554,0.487733,2.034505
4.645000,0.004402,0.491022,1.769748
4.646000,0.005324,0.493982,1.486245
4.647000,0.000121,0.495955,1.210963
4.648000,0.005883,0.499573,0.933051
4.649000,0.006246,0.501546,0.663689
4.650000,-0.002909,0.497599,0.378541
4.651000,0.000187,0.497271,0.093063
4.652000,-0.000472,0.496284,-0.185179
4.653000,0.004994,0.499902,-0.467039
4.654000,-0.002448,0.494639,-0.773895
4.655000,-0.004818,0.490693,-1.049835
4.656000,-0.005707,0.486417,-1.341234
4.657000,-0.006629,0.484773,-1.637895
4.658000,-0.004621,0.483128,-1.926663
4.659000,-0.006597,0.477866,-2.208196
4.660000,-0.007453,0.472604,-2.491702
4.661000,-0.008309,0.467341,-2.779156
4.662000,-0.009033,0.461421,-3.058387
4.663000,-0.009824,0.455172,-3.330383
4.664000,-0.010581,0.447937,-3.608957
4.665000,-0.011536,0.441030,-3.884571
4.666000,-0.012194,0.432479,-4.153279
4.667000,-0.013709,0.423928,-4.418370
4.668000,-0.013940,0.415706,-4.695301
4.669000,-0.014894,0.405510,-4.960392
4.670000,-0.015421,0.395643,-5.218905
4.671000,-0.016113,0.386434,-5.483010
4.672000,-0.016673,0.375252,-5.744813
4.673000,-0.017430,0.364070,-5.996750
4.674000,-0.018220,0.351901,-6.260198
4.675000,-0.018912,0.340389,-6.491414
4.676000,-0.019537,0.328221,-6.730854
4.677000,-0.019933,0.315394,-6.960098
4.678000,-0.020262,0.302896,-7.184737
4.679000,-0.020657,0.289082,-7.407732
4.680000,-0.021085,0.276256,-7.615269
4.681000,-0.021513,0.263100,-7.812940
4.682000,-0.021875,0.249287,-8.008308
4.683000,-0.022073,0.235473,-8.192494
4.684000,-0.022106,0.221660,-8.364181
4.685000,-0.022303,0.207517,-8.528304
4.686000,-0.022534,0.193375,-8.683547
4.687000,-0.022666,0.178904,-8.825634
4.688000,-0.022896,0.164433,-8.956209
4.689000,-0.022863,0.150619,-9.077246
4.690000,-0.022962,0.136148,-9.190390
4.691000,-0.022731,0.122006,-9.287417
4.692000,-0.022797,0.107863,-9.375564
4.693000,-0.022962,0.093721,-9.452857
4.694000,-0.022929,0.079579,-9.518638
4.695000,-0.022896,0.065436,-9.573894
4.696000,-0.022666,0.051623,-9.616981
4.697000,-0.022369,0.037152,-9.648885
4.698000,-0.022336,0.023009,-9.671908
4.699000,-0.022106,0.010183,-9.685722
4.700000,-0.022172,-0.003960,-9.685065
4.701000,-0.022073,-0.018102,-9.677171
4.702000,-0.021809,-0.030929,-9.658094
4.703000,-0.021678,-0.044742,-9.628493
4.704000,-0.021414,-0.057898,-9.585077
4.705000,-0.021151,-0.071053,-9.537057
4.706000,-0.021118,-0.083880,-9.479169
4.707000,-0.020887,-0.096378,-9.405494
4.708000,-0.020855,-0.109534,-9.325241
4.709000,-0.020229,-0.122032,-9.239726
4.710000,-0.020295,-0.134858,-9.144014
4.711000,-0.019702,-0.146698,-9.031199
4.712000,-0.019570,-0.159196,-8.916083
4.713000,-0.019504,-0.170708,-8.798664
4.714000,-0.019043,-0.181561,-8.665786
4.715000,-0.018846,-0.193072,-8.522384
4.716000,-0.018187,-0.204583,-8.379311
4.717000,-0.018089,-0.216423,-8.229331
4.718000,-0.017957,-0.227606,-8.058959
4.719000,-0.017496,-0.237801,-7.889574
4.720000,-0.017232,-0.247997,-7.720189
4.721000,-0.016706,-0.257864,-7.535346
4.722000,-0.016310,-0.268059,-7.339978
4.723000,-0.015915,-0.277597,-7.148887
4.724000,-0.015553,-0.286477,-6.954835
4.725000,-0.015290,-0.296673,-6.738747
4.726000,-0.014927,-0.305553,-6.524304
4.727000,-0.014368,-0.314104,-6.312822
4.728000,-0.013972,-0.322327,-6.091144
4.729000,-0.013314,-0.330878,-5.855981
4.730000,-0.012985,-0.338771,-5.630028
4.731000,-0.012524,-0.346336,-5.402759
4.732000,-0.012326,-0.352913,-5.156414
4.733000,-0.011602,-0.360149,-4.910728
4.734000,-0.011009,-0.367056,-4.669647
4.735000,-0.010515,-0.371331,-4.424948
4.736000,-0.009856,-0.378896,-4.162488
4.737000,-0.009659,-0.385145,-3.905950
4.738000,-0.009099,-0.390078,-3.656647
4.739000,-0.008473,-0.394025,-3.391557
4.740000,-0.008045,-0.399616,-3.121864
4.741000,-0.007123,-0.403892,-2.860393
4.742000,-0.006465,-0.407509,-2.601882
4.743000,-0.005938,-0.411456,-2.320678
4.744000,-0.004489,-0.413430,-2.051314
4.745000,-0.003468,-0.416390,-1.783924
4.746000,-0.006597,-0.420007,-1.504036
4.747000,-0.003567,-0.419678,-1.219544
4.748000,-0.000966,-0.420007,-0.942617
4.749000,0.004928,-0.417047,-0.671281
4.750000,0.004006,-0.420994,-0.388434
4.751000,-0.000373,-0.422638,-0.097036
4.752000,0.000483,-0.421981,0.185153
4.753000,-0.001756,-0.419021,0.471617
4.754000,-0.001130,-0.422638,0.769592
4.755000,0.001471,-0.415732,1.060660
4.756000,0.001833,-0.414416,1.344493
4.757000,0.004171,-0.411456,1.632601
4.758000,0.005324,-0.407181,1.918407
4.759000,0.006081,-0.402905,2.195332
4.760000,0.007003,-0.397972,2.466666
4.761000,0.008090,-0.392709,2.754774
4.762000,0.008880,-0.387118,3.031041
4.763000,0.009802,-0.380869,3.301717
4.764000,0.010691,-0.373963,3.574038
4.765000,0.011284,-0.366398,3.852936
4.766000,0.012140,-0.358505,4.120981
4.767000,0.012897,-0.349953,4.387053
4.768000,0.013720,-0.341731,4.662005
4.769000,0.014609,-0.331536,4.930707
4.770000,0.015400,-0.321669,5.192175
4.771000,0.016124,-0.311802,5.451997
4.772000,0.016717,-0.300620,5.718069
4.773000,0.017441,-0.289437,5.972959
4.774000,0.018133,-0.278255,6.218639
4.775000,0.018726,-0.266744,6.468595
4.776000,0.019187,-0.253917,6.710658
4.777000,0.019680,-0.242077,6.942197
4.778000,0.020109,-0.228921,7.165513
4.779000,0.020668,-0.216423,7.390145
4.780000,0.020965,-0.202610,7.603924
4.781000,0.021393,-0.189454,7.801916
4.782000,0.021689,-0.174983,7.995961
4.783000,0.021887,-0.161827,8.183758
4.784000,0.021985,-0.147685,8.356754
4.785000,0.022348,-0.133872,8.519226
4.786000,0.022414,-0.120058,8.676765
4.787000,0.022644,-0.105587,8.822464
4.788000,0.022875,-0.091774,8.952376
4.789000,0.022809,-0.076645,9.074723
4.790000,0.022776,-0.062831,9.186875
4.791000,0.022809,-0.048689,9.286200
4.792000,0.022743,-0.033889,9.370725
4.793000,0.022809,-0.020075,9.436504
4.794000,0.022644,-0.005604,9.488468
4.795000,0.022479,0.008209,9.527606
4.796000,0.022414,0.022352,9.558522
4.797000,0.022282,0.035836,9.579571
4.798000,0.022150,0.049979,9.598318
4.799000,0.022018,0.063792,9.609172
4.800000,0.021887,0.077934,9.616078
4.801000,0.021788,0.091090,9.618052
4.802000,0.021788,0.104575,9.615421
4.803000,0.021524,0.117401,9.598976
4.804000,0.021327,0.130886,9.563127
4.805000,0.021195,0.143713,9.519713
4.806000,0.021096,0.156539,9.469722
4.807000,0.020899,0.170353,9.404930
4.808000,0.020602,0.182851,9.325667
4.809000,0.020372,0.195677,9.240813
4.810000,0.020076,0.207517,9.149710
4.811000,0.019812,0.219686,9.041505
4.812000,0.019516,0.232184,8.926393
4.813000,0.019252,0.244024,8.809637
4.814000,0.019088,0.255536,8.681698
4.815000,0.018890,0.266718,8.536657
4.816000,0.018561,0.278229,8.392274
4.817000,0.018100,0.289082,8.243616
4.818000,0.017869,0.300594,8.076868
4.819000,0.017474,0.311118,7.907490
4.820000,0.017145,0.321643,7.736467
4.821000,0.016882,0.332167,7.557550
4.822000,0.016355,0.341705,7.359230
4.823000,0.015828,0.351572,7.166500
4.824000,0.015499,0.360781,6.973441
4.825000,0.015169,0.369990,6.760979
4.826000,0.014741,0.379199,6.545885
4.827000,0.014445,0.388079,6.332106
4.828000,0.013885,0.396630,6.118328
4.829000,0.013490,0.404194,5.879225
4.830000,0.012963,0.412417,5.649331
4.831000,0.012601,0.419981,5.420095
4.832000,0.012107,0.427546,5.181321
4.833000,0.011613,0.434123,4.931365
4.834000,0.011152,0.440701,4.687658
4.835000,0.010691,0.447279,4.446911
4.836000,0.009999,0.453199,4.183799
4.837000,0.009506,0.458790,3.927265
4.838000,0.008880,0.464381,3.673692
4.839000,0.007826,0.468986,3.417487
4.840000,0.007793,0.473590,3.142864
4.841000,0.007299,0.478195,2.879752
4.842000,0.006707,0.481813,2.619929
4.843000,0.005916,0.484444,2.344977
4.844000,0.004896,0.487733,2.070683
4.845000,0.004303,0.491022,1.802308
4.846000,0.004500,0.492337,1.504334
4.847000,0.002788,0.496284,1.247470
4.848000,0.004566,0.499573,0.973176
4.849000,0.002854,0.497271,0.695263
4.850000,0.005587,0.497271,0.417679
4.851000,0.000483,0.496942,0.131215
4.852000,-0.000307,0.496613,-0.147027
4.853000,-0.007156,0.492666,-0.427901
4.854000,0.000516,0.494310,-0.716668
4.855000,-0.006103,0.489706,-1.011684
4.856000,-0.000571,0.492008,-1.301767
4.857000,-0.003304,0.487075,-1.591193
4.858000,-0.004127,0.483786,-1.887196
4.859000,-0.006366,0.478195,-2.170702
4.860000,-0.007123,0.473590,-2.448288
4.861000,-0.007914,0.468328,-2.736071
4.862000,-0.008605,0.462408,-3.018591
4.863000,-0.009824,0.455830,-3.293876
4.864000,-0.010713,0.450239,-3.559623
4.865000,-0.011569,0.441688,-3.844446
4.866000,-0.012194,0.434452,-4.115785
4.867000,-0.013018,0.424914,-4.380875
4.868000,-0.013709,0.416692,-4.651557
4.869000,-0.014532,0.407154,-4.922240
4.870000,-0.015355,0.397617,-5.184042
4.871000,-0.016245,0.387092,-5.439596
4.872000,-0.016903,0.376239,-5.704688
4.873000,-0.017628,0.365056,-5.960900
4.874000,-0.018023,0.353874,-6.207574
4.875000,-0.018582,0.341705,-6.451946
4.876000,-0.019175,0.329536,-6.695661
4.877000,-0.020031,0.317367,-6.927536
4.878000,-0.020361,0.304540,-7.150202
4.879000,-0.020855,0.291385,-7.372211
4.880000,-0.021052,0.278229,-7.587641
4.881000,-0.021217,0.265073,-7.787285
4.882000,-0.021414,0.250602,-7.976733
4.883000,-0.022007,0.237118,-8.165195
4.884000,-0.022139,0.223633,-8.341487
4.885000,-0.022501,0.209162,-8.504294
4.886000,-0.022468,0.195349,-8.659537
4.887000,-0.022633,0.180877,-8.805900
4.888000,-0.022699,0.167064,-8.938119
4.889000,-0.022699,0.151935,-9.068366
4.890000,-0.022929,0.138450,-9.173944
4.891000,-0.022863,0.123979,-9.273603
4.892000,-0.023061,0.110166,-9.363065
4.893000,-0.022699,0.095694,-9.442332
4.894000,-0.022699,0.081881,-9.509757
4.895000,-0.022567,0.067081,-9.566658
4.896000,-0.022699,0.053267,-9.612047
4.897000,-0.022731,0.039783,-9.643622
4.898000,-0.022534,0.025312,-9.669606
4.899000,-0.022468,0.011827,-9.683420
4.900000,-0.022040,-0.002315,-9.686709
4.901000,-0.021974,-0.015800,-9.678158
4.902000,-0.021908,-0.029613,-9.660397
4.903000,-0.021777,-0.043098,-9.632111
4.904000,-0.021612,-0.055924,-9.593629
4.905000,-0.021184,-0.068751,-9.543306
4.906000,-0.020953,-0.082565,-9.485418
4.907000,-0.020887,-0.096049,-9.420295
4.908000,-0.020657,-0.107889,-9.336424
4.909000,-0.020591,-0.120387,-9.250908
4.910000,-0.020262,-0.132885,-9.156841
4.911000,-0.019768,-0.144725,-9.049289
4.912000,-0.019603,-0.157223,-8.932199
4.913000,-0.019307,-0.168734,-8.813135
4.914000,-0.019208,-0.180245,-8.688810
4.915000,-0.018780,-0.192085,-8.542776
4.916000,-0.018582,-0.203268,-8.395756
4.917000,-0.018089,-0.214779,-8.247749
4.918000,-0.017562,-0.224975,-8.086916
4.919000,-0.017298,-0.235828,-7.913255
4.920000,-0.017101,-0.246353,-7.741568
4.921000,-0.016870,-0.256548,-7.563632
4.922000,-0.016607,-0.266415,-7.369580
4.923000,-0.016113,-0.276282,-7.173554
4.924000,-0.015586,-0.285162,-6.978845
4.925000,-0.014730,-0.295686,-6.773940
4.926000,-0.014697,-0.303580,-6.554234
4.927000,-0.014401,-0.312789,-6.338147
4.928000,-0.013972,-0.321340,-6.124691
4.929000,-0.013643,-0.328904,-5.891831
4.930000,-0.012952,-0.337127,-5.658971
4.931000,-0.012524,-0.344691,-5.430715
4.932000,-0.012030,-0.351927,-5.168913
4.933000,-0.011668,-0.359820,-4.946249
4.934000,-0.011371,-0.365740,-4.700563
4.935000,-0.010746,-0.371989,-4.457837
4.936000,-0.010416,-0.377909,-4.202614
4.937000,-0.009297,-0.384158,-3.941141
4.938000,-0.008869,-0.389420,-3.686905
4.939000,-0.008572,-0.394354,-3.434314
4.940000,-0.007980,-0.398629,-3.161002
4.941000,-0.007551,-0.402905,-2.893940
4.942000,-0.006959,-0.407181,-2.633456
4.943000,-0.004456,-0.408825,-2.366723
4.944000,-0.006761,-0.414416,-2.084203
4.945000,-0.002810,-0.415074,-1.817142
4.946000,-0.004423,-0.417047,-1.545148
4.947000,-0.005609,-0.421981,-1.261642
4.948000,0.001899,-0.417705,-0.987675
4.949000,0.004665,-0.417376,-0.705157
4.950000,-0.003600,-0.418692,-0.427243
4.951000,-0.000604,-0.422638,-0.138805
4.952000,0.000286,-0.421981,0.148317
4.953000,0.003183,-0.418034,0.434123
4.954000,0.001537,-0.420665,0.716970
4.955000,0.006081,-0.415074,1.015602
4.956000,0.005192,-0.416390,1.306671
4.957000,0.004731,-0.411785,1.582610
4.958000,0.005324,-0.408167,1.876966
4.959000,0.006114,-0.403892,2.157839
4.960000,0.007036,-0.398629,2.432462
4.961000,0.007826,-0.393367,2.708729
4.962000,0.008715,-0.387118,2.992561
4.963000,0.009571,-0.381856,3.266526
4.964000,0.010493,-0.374949,3.531611
4.965000,0.011350,-0.367714,3.811167
4.966000,0.012140,-0.359491,4.084146
4.967000,0.012897,-0.351598,4.351533
4.968000,0.013753,-0.342060,4.617276
4.969000,0.014379,-0.332851,4.891899
4.970000,0.015301,-0.322984,5.157312
4.971000,0.016025,-0.312789,5.413517
4.972000,0.016618,-0.302264,5.677616
4.973000,0.017343,-0.291740,5.936452
4.974000,0.017902,-0.279900,6.186737
4.975000,0.018726,-0.268059,6.432418
4.976000,0.019252,-0.255890,6.674481
4.977000,0.019911,-0.243393,6.910623
4.978000,0.020141,-0.230895,7.135584
4.979000,0.020471,-0.217739,7.356270
4.980000,0.020899,-0.204583,7.572679
4.981000,0.021459,-0.190770,7.773960
4.982000,0.021689,-0.176956,7.965045
4.983000,0.021887,-0.164130,8.155802
4.984000,0.022150,-0.149330,8.332087
4.985000,0.022183,-0.135845,8.497190
4.986000,0.022381,-0.122032,8.651769
4.987000,0.022578,-0.106903,8.801743
4.988000,0.022677,-0.093089,8.936260
4.989000,0.022842,-0.079276,9.057292
4.990000,0.022907,-0.064805,9.170759
4.991000,0.022710,-0.050662,9.274031
4.992000,0.022743,-0.036520,9.361187
4.993000,0.022611,-0.022378,9.427952
4.994000,0.022644,-0.007906,9.481233
4.995000,0.022677,0.006236,9.523331
4.996000,0.022578,0.021036,9.554576
4.997000,0.022381,0.033863,9.578256
4.998000,0.022183,0.047676,9.596345
4.999000,0.022150,0.061819,9.607198
