# Seconds,DAQ1/ai0,DAQ1/ai1,DAQ1/ai2
0.000000,0.022743,0.038138,9.107612
0.001000,0.022776,0.052610,9.152012
0.002000,0.022545,0.066423,9.148395
0.003000,0.022117,0.079908,9.099061
0.004000,0.021788,0.094050,9.008616
0.005000,0.021261,0.106877,8.874099
0.006000,0.021261,0.119704,8.703734
0.007000,0.020174,0.132201,8.490284
0.008000,0.019582,0.144370,8.246905
0.009000,0.018726,0.155553,7.969321
0.010000,0.018067,0.167064,7.662466
0.011000,0.017211,0.177917,7.332918
0.012000,0.016453,0.187784,6.972784
0.013000,0.015696,0.197651,6.599494
0.014000,0.014708,0.206202,6.195288
0.015000,0.014280,0.214753,5.783847
0.016000,0.012634,0.222318,5.348397
0.017000,0.011778,0.229882,4.903410
0.018000,0.010526,0.235802,4.445924
0.019000,0.009736,0.241722,3.974954
0.020000,0.008485,0.246327,3.502998
0.021000,0.007662,0.250602,3.014597
0.022000,0.006048,0.254549,2.533102
0.023000,0.004896,0.258167,2.031874
0.024000,0.002887,0.258167,1.536565
0.025000,-0.000801,0.259153,1.033363
0.026000,-0.001196,0.258167,0.511413
0.027000,-0.000373,0.261127,0.008209
0.028000,0.001998,0.258167,-0.514728
0.029000,-0.007519,0.253891,-1.039311
0.030000,-0.007222,0.252904,-1.568828
0.031000,-0.005411,0.251260,-2.094728
0.032000,-0.007222,0.245998,-2.610762
0.033000,-0.009198,0.240407,-3.117917
0.034000,-0.009988,0.234158,-3.622771
0.035000,-0.011635,0.226922,-4.118745
0.036000,-0.012655,0.218700,-4.603538
0.037000,-0.014038,0.208833,-5.086030
0.038000,-0.015355,0.198966,-5.552408
0.039000,-0.016640,0.188771,-6.010892
0.040000,-0.018023,0.176273,-6.449973
0.041000,-0.018912,0.164762,-6.872610
0.042000,-0.019933,0.152593,-7.268936
0.043000,-0.020690,0.138450,-7.637635
0.044000,-0.021414,0.125624,-7.974431
0.045000,-0.022106,0.112139,-8.274391
0.046000,-0.022534,0.096681,-8.534225
0.047000,-0.022830,0.082868,-8.752288
0.048000,-0.023061,0.069054,-8.926608
0.049000,-0.023192,0.054583,-9.058499
0.050000,-0.022962,0.039783,-9.140396
0.051000,-0.022896,0.025312,-9.178549
0.052000,-0.022764,0.011498,-9.170655
0.053000,-0.022501,-0.002973,-9.118688
0.054000,-0.021941,-0.016129,-9.025608
0.055000,-0.021348,-0.029284,-8.887797
0.056000,-0.020855,-0.042440,-8.716766
0.057000,-0.020361,-0.054938,-8.501663
0.058000,-0.019439,-0.066778,-8.261234
0.059000,-0.019043,-0.078618,-7.980680
0.060000,-0.018319,-0.089471,-7.678418
0.061000,-0.017430,-0.100325,-7.343267
0.062000,-0.016409,-0.110520,-6.986410
0.063000,-0.015553,-0.120058,-6.609490
0.064000,-0.014993,-0.128938,-6.211521
0.065000,-0.014038,-0.137490,-5.802370
0.066000,-0.012919,-0.145383,-5.362304
0.067000,-0.011404,-0.151961,-4.923226
0.068000,-0.010647,-0.158539,-4.462113
0.069000,-0.009692,-0.164459,-3.995080
0.070000,-0.008737,-0.169392,-3.517524
0.071000,-0.007947,-0.174654,-3.029444
0.072000,-0.006564,-0.177943,-2.546628
0.073000,-0.006168,-0.180903,-2.044078
0.074000,-0.000439,-0.179917,-1.552054
0.075000,-0.006004,-0.187152,-1.035364
0.076000,-0.003468,-0.190441,-0.536764
0.077000,-0.000175,-0.184850,-0.008235
0.078000,0.003183,-0.178930,0.522266
0.079000,-0.000900,-0.181561,1.051780
0.080000,0.004599,-0.179259,1.580636
0.081000,0.005883,-0.174983,2.091403
0.082000,0.007299,-0.169721,2.604142
0.083000,0.008221,-0.164130,3.098464
0.084000,0.009802,-0.157223,3.600349
0.085000,0.011284,-0.149658,4.089079
0.086000,0.012667,-0.140778,4.576493
0.087000,0.014083,-0.132227,5.054370
0.088000,0.015334,-0.122689,5.524353
0.089000,0.016552,-0.111507,5.982825
0.090000,0.017672,-0.099996,6.424524
0.091000,0.018791,-0.087827,6.849450
0.092000,0.019746,-0.075329,7.246420
0.093000,0.020635,-0.062502,7.617737
0.094000,0.021327,-0.049347,7.956494
0.095000,0.021920,-0.034875,8.246576
0.096000,0.022216,-0.020733,8.488639
0.097000,0.022677,-0.006591,8.693538
0.098000,0.022842,0.007880,8.864562
0.099000,0.022875,0.022023,9.006643
0.100000,0.022875,0.037152,9.103337
0.101000,0.022512,0.050636,9.151355
0.102000,0.022578,0.064779,9.150697
0.103000,0.022249,0.078592,9.105968
0.104000,0.021821,0.092406,9.017825
0.105000,0.021327,0.106219,8.886926
0.106000,0.020767,0.118059,8.719521
0.107000,0.020207,0.130886,8.509688
0.108000,0.019483,0.143384,8.272229
0.109000,0.018824,0.154895,7.992343
0.110000,0.018232,0.166077,7.692395
0.111000,0.017343,0.176931,7.356927
0.112000,0.016651,0.186468,7.003042
0.113000,0.015630,0.196006,6.628107
0.114000,0.014609,0.205544,6.230479
0.115000,0.013819,0.214424,5.819696
0.116000,0.012798,0.221989,5.382931
0.117000,0.011909,0.229224,4.915907
0.118000,0.010856,0.235144,4.481773
0.119000,0.009736,0.240735,4.019026
0.120000,0.008616,0.245998,3.539505
0.121000,0.007497,0.250931,3.055050
0.122000,0.006608,0.254220,2.567307
0.123000,0.005686,0.257180,2.071012
0.124000,0.003052,0.260140,1.576690
0.125000,0.000384,0.262442,1.069869
0.126000,0.005455,0.265073,0.571600
0.127000,0.000154,0.261456,0.047347
0.128000,0.005324,0.265073,-0.463092
0.129000,-0.006893,0.253233,-0.999844
0.130000,-0.000933,0.257838,-1.528374
0.131000,-0.004390,0.251918,-2.049341
0.132000,-0.006893,0.246984,-2.569321
0.133000,-0.008638,0.240735,-3.073845
0.134000,-0.009791,0.234487,-3.582645
0.135000,-0.011108,0.227909,-4.075989
0.136000,-0.012787,0.218700,-4.567360
0.137000,-0.014137,0.209820,-5.045247
0.138000,-0.015388,0.199953,-5.516229
0.139000,-0.016738,0.189100,-5.974056
0.140000,-0.017759,0.177917,-6.415439
0.141000,-0.018714,0.166077,-6.839720
0.142000,-0.019702,0.152922,-7.236703
0.143000,-0.020723,0.140095,-7.610007
0.144000,-0.021645,0.126610,-7.947132
0.145000,-0.021974,0.112797,-8.252354
0.146000,-0.022402,0.098654,-8.516135
0.147000,-0.022633,0.084183,-8.736830
0.148000,-0.023192,0.069712,-8.914438
0.149000,-0.023127,0.054912,-9.047974
0.150000,-0.023061,0.041099,-9.136120
0.151000,-0.022962,0.026627,-9.178220
0.152000,-0.022699,0.012485,-9.172629
0.153000,-0.022040,-0.001328,-9.125595
0.154000,-0.021908,-0.015142,-9.032515
0.155000,-0.021513,-0.028298,-8.900624
0.156000,-0.021052,-0.041453,-8.730580
0.157000,-0.020328,-0.053951,-8.520739
0.158000,-0.019439,-0.066120,-8.280969
0.159000,-0.018879,-0.077631,-8.003703
0.160000,-0.018154,-0.089142,-7.706704
0.161000,-0.017496,-0.099996,-7.370237
0.162000,-0.016903,-0.109863,-7.017655
0.163000,-0.015685,-0.119729,-6.639091
0.164000,-0.014796,-0.128281,-6.245726
0.165000,-0.013775,-0.136503,-5.831971
0.166000,-0.012886,-0.145054,-5.399141
0.167000,-0.012030,-0.151632,-4.959076
0.168000,-0.011042,-0.157881,-4.497963
0.169000,-0.009758,-0.163801,-4.032574
0.170000,-0.008671,-0.169721,-3.555347
0.171000,-0.007156,-0.173668,-3.073187
0.172000,-0.006498,-0.177614,-2.582806
0.173000,-0.004785,-0.180245,-2.088808
0.174000,-0.005378,-0.182219,-1.587246
0.175000,0.002130,-0.180574,-1.082725
0.176000,0.004599,-0.178601,-0.567680
0.177000,-0.000143,-0.184850,-0.047702
0.178000,-0.003666,-0.188139,0.464381
0.179000,0.006180,-0.179259,1.003433
0.180000,0.002623,-0.176628,1.532289
0.181000,0.005785,-0.174654,2.051607
0.182000,0.007102,-0.170050,2.559413
0.183000,0.008551,-0.164459,3.058668
0.184000,0.009835,-0.157881,3.558909
0.185000,0.011086,-0.150316,4.046981
0.186000,0.012535,-0.142094,4.536698
0.187000,0.014017,-0.133872,5.013259
0.188000,0.015235,-0.123676,5.486531
0.189000,0.016453,-0.112494,5.944674
0.190000,0.017540,-0.100654,6.388675
0.191000,0.018627,-0.089800,6.815903
0.192000,0.019746,-0.076316,7.215176
0.193000,0.020570,-0.063818,7.590110
0.194000,0.021360,-0.050333,7.928868
0.195000,0.021821,-0.036520,8.223553
0.196000,0.022282,-0.022049,8.469564
0.197000,0.022512,-0.007577,8.678080
0.198000,0.022809,0.006565,8.852064
0.199000,0.022973,0.020378,8.995131
0.200000,0.022875,0.034521,9.098074
0.201000,0.022809,0.049650,9.150039
0.202000,0.022512,0.063463,9.152012
0.203000,0.022348,0.078592,9.113203
0.204000,0.021985,0.091090,9.025718
0.205000,0.021459,0.104575,8.900411
0.206000,0.020800,0.116743,8.732676
0.207000,0.020339,0.129899,8.527448
0.208000,0.019680,0.142397,8.289003
0.209000,0.018923,0.153908,8.016023
0.210000,0.018297,0.164433,7.718049
0.211000,0.017310,0.175286,7.386199
0.212000,0.016684,0.186140,7.012579
0.213000,0.015795,0.196006,6.657707
0.214000,0.014873,0.204886,6.267973
0.215000,0.014050,0.213109,5.849954
0.216000,0.013062,0.220673,5.420424
0.217000,0.011942,0.227909,4.977739
0.218000,0.010856,0.234158,4.520582
0.219000,0.009835,0.240407,4.058492
0.220000,0.008814,0.245669,3.576340
0.221000,0.007925,0.249944,3.098792
0.222000,0.006608,0.253233,2.605458
0.223000,0.004764,0.257509,2.115741
0.224000,0.003348,0.258167,1.616814
0.225000,0.005785,0.264416,1.105390
0.226000,0.003875,0.264745,0.605476
0.227000,0.000088,0.261456,0.089446
0.228000,-0.006992,0.258167,-0.423625
0.229000,-0.008012,0.253562,-0.955772
0.230000,-0.002283,0.258496,-1.482329
0.231000,-0.004357,0.252904,-2.007242
0.232000,-0.007090,0.246984,-2.525250
0.233000,-0.008441,0.241393,-3.036680
0.234000,-0.009922,0.234815,-3.540547
0.235000,-0.011470,0.227909,-4.036850
0.236000,-0.012557,0.219686,-4.527563
0.237000,-0.013940,0.210806,-5.004793
0.238000,-0.015355,0.200611,-5.479392
0.239000,-0.017924,0.190086,-5.935574
0.240000,-0.017858,0.178904,-6.381233
0.241000,-0.018747,0.167064,-6.805185
0.242000,-0.019570,0.153908,-7.206444
0.243000,-0.020558,0.141081,-7.580735
0.244000,-0.021414,0.127597,-7.921477
0.245000,-0.021908,0.113455,-8.229002
0.246000,-0.022600,0.099641,-8.495743
0.247000,-0.022699,0.085170,-8.720713
0.248000,-0.022797,0.071357,-8.903913
0.249000,-0.023028,0.056228,-9.039093
0.250000,-0.022995,0.041427,-9.130529
0.251000,-0.022995,0.027285,-9.174602
0.252000,-0.022699,0.013472,-9.175260
0.253000,-0.022205,-0.000342,-9.132831
0.254000,-0.021809,-0.014484,-9.042053
0.255000,-0.021612,-0.027311,-8.916741
0.256000,-0.020953,-0.040138,-8.744723
0.257000,-0.020196,-0.052964,-8.542118
0.258000,-0.019636,-0.065462,-8.300374
0.259000,-0.018879,-0.076973,-8.030015
0.260000,-0.018187,-0.087827,-7.728741
0.261000,-0.017529,-0.099009,-7.398194
0.262000,-0.016936,-0.109205,-7.048901
0.263000,-0.015849,-0.118414,-6.669349
0.264000,-0.015026,-0.127623,-6.279274
0.265000,-0.013808,-0.136503,-5.864532
0.266000,-0.012721,-0.144067,-5.439267
0.267000,-0.012096,-0.150974,-4.993610
0.268000,-0.011272,-0.157881,-4.538417
0.269000,-0.010021,-0.163472,-4.072371
0.270000,-0.008803,-0.169392,-3.595472
0.271000,-0.007453,-0.173668,-3.118246
0.272000,-0.006728,-0.177285,-2.623260
0.273000,-0.006794,-0.179588,-2.134524
0.274000,-0.007486,-0.185179,-1.627371
0.275000,-0.000274,-0.181890,-1.131730
0.276000,0.005093,-0.178601,-0.606160
0.277000,-0.000307,-0.184521,-0.096378
0.278000,-0.003600,-0.184192,0.429519
0.279000,-0.000702,-0.184850,0.966927
0.280000,0.003282,-0.180245,1.490520
0.281000,0.005521,-0.175312,2.009180
0.282000,0.006970,-0.170050,2.514026
0.283000,0.008551,-0.164788,3.020188
0.284000,0.009670,-0.158539,3.516811
0.285000,0.010954,-0.150645,4.008172
0.286000,0.012403,-0.142752,4.496573
0.287000,0.013753,-0.133872,4.975765
0.288000,0.015103,-0.124334,5.449037
0.289000,0.016355,-0.114467,5.905207
0.290000,0.017474,-0.102298,6.352168
0.291000,0.018989,-0.090129,6.778410
0.292000,0.019746,-0.078289,7.183273
0.293000,0.020504,-0.064805,7.559195
0.294000,0.021327,-0.051320,7.904201
0.295000,0.021920,-0.037507,8.199873
0.296000,0.022150,-0.023693,8.449830
0.297000,0.022545,-0.009551,8.661636
0.298000,0.022743,0.004920,8.838908
0.299000,0.022875,0.019392,8.984278
0.300000,0.022907,0.034192,9.091497
0.301000,0.022809,0.048334,9.144119
0.302000,0.022512,0.062476,9.154973
0.303000,0.022348,0.076290,9.117479
0.304000,0.021821,0.090432,9.033612
0.305000,0.021492,0.103588,8.911593
0.306000,0.020866,0.116086,8.745174
0.307000,0.020372,0.128912,8.532711
0.308000,0.019615,0.141410,8.308736
0.309000,0.018989,0.153250,8.042335
0.310000,0.018363,0.164104,7.741400
0.311000,0.017441,0.174628,7.414812
0.312000,0.016684,0.184824,7.066188
0.313000,0.015762,0.194362,6.688952
0.314000,0.015005,0.203571,6.300533
0.315000,0.014083,0.212451,5.884158
0.316000,0.013128,0.220673,5.457260
0.317000,0.011975,0.227580,5.013259
0.318000,0.010954,0.233500,4.562022
0.319000,0.009802,0.240078,4.093026
0.320000,0.008913,0.245340,3.616794
0.321000,0.007892,0.249944,3.136615
0.322000,0.006575,0.253562,2.646240
0.323000,0.005126,0.256851,2.159154
0.324000,0.004500,0.258496,1.655952
0.325000,0.006311,0.259482,1.154065
0.326000,0.002492,0.262771,0.642311
0.327000,0.000121,0.261127,0.133846
0.328000,0.004896,0.258496,-0.390078
0.329000,0.001701,0.262442,-0.905123
0.330000,-0.003040,0.257509,-1.437929
0.331000,-0.003831,0.253562,-1.964815
0.332000,-0.006992,0.246984,-2.480191
0.333000,-0.008572,0.241722,-2.994581
0.334000,-0.007881,0.235802,-3.494830
0.335000,-0.010976,0.228567,-3.997054
0.336000,-0.012491,0.220673,-4.484149
0.337000,-0.013808,0.210806,-4.967627
0.338000,-0.015224,0.201597,-5.438938
0.339000,-0.016475,0.190744,-5.898738
0.340000,-0.017595,0.179562,-6.343081
0.341000,-0.018550,0.167722,-6.768348
0.342000,-0.019603,0.155224,-7.173554
0.343000,-0.020690,0.141410,-7.548831
0.344000,-0.021348,0.128912,-7.894836
0.345000,-0.021908,0.114770,-8.204663
0.346000,-0.022369,0.100299,-8.474693
0.347000,-0.022501,0.086157,-8.703610
0.348000,-0.022896,0.072014,-8.889113
0.349000,-0.023258,0.057543,-9.029884
0.350000,-0.023061,0.042743,-9.127240
0.351000,-0.022797,0.028601,-9.172958
0.352000,-0.022534,0.014787,-9.178878
0.353000,-0.022435,0.000316,-9.137436
0.354000,-0.022172,-0.013497,-9.052249
0.355000,-0.021678,-0.026982,-8.927594
0.356000,-0.020920,-0.039151,-8.759853
0.357000,-0.020328,-0.052636,-8.561852
0.358000,-0.019669,-0.064476,-8.320437
0.359000,-0.019109,-0.076316,-8.053368
0.360000,-0.018451,-0.087498,-7.753737
0.361000,-0.017562,-0.098351,-7.428782
0.362000,-0.016738,-0.107889,-7.077515
0.363000,-0.015784,-0.118414,-6.703226
0.364000,-0.014993,-0.127294,-6.314137
0.365000,-0.014335,-0.135845,-5.898738
0.366000,-0.013248,-0.143738,-5.477090
0.367000,-0.012096,-0.150316,-5.029460
0.368000,-0.010877,-0.156565,-4.579529
0.369000,-0.009955,-0.164130,-4.109207
0.370000,-0.008836,-0.168734,-3.638229
0.371000,-0.008045,-0.173339,-3.153109
0.372000,-0.007123,-0.177614,-2.664043
0.373000,-0.006366,-0.181561,-2.173662
0.374000,-0.006333,-0.183534,-1.667167
0.375000,-0.007749,-0.188468,-1.170210
0.376000,-0.003106,-0.182548,-0.656809
0.377000,-0.000143,-0.185837,-0.148672
0.378000,-0.002052,-0.184521,0.390052
0.379000,-0.001262,-0.184850,0.921211
0.380000,0.002195,-0.179917,1.450067
0.381000,0.005357,-0.175970,1.968069
0.382000,0.006542,-0.170050,2.474231
0.383000,0.007958,-0.165116,2.980063
0.384000,0.009440,-0.159196,3.473069
0.385000,0.010987,-0.151632,3.970350
0.386000,0.011481,-0.144067,4.453818
0.387000,0.013655,-0.134529,4.939259
0.388000,0.014873,-0.125649,5.409242
0.389000,0.016124,-0.114467,5.870674
0.390000,0.017507,-0.103285,6.317964
0.391000,0.018693,-0.091445,6.744863
0.392000,0.019582,-0.078947,7.151042
0.393000,0.020438,-0.066120,7.527950
0.394000,0.021228,-0.052307,7.877232
0.395000,0.021821,-0.039151,8.177180
0.396000,0.022282,-0.025009,8.432728
0.397000,0.022512,-0.010209,8.646178
0.398000,0.022611,0.003276,8.825752
0.399000,0.022875,0.018076,8.974411
0.400000,0.022875,0.032547,9.084590
0.401000,0.022809,0.047019,9.143132
0.402000,0.022611,0.061161,9.156288
0.403000,0.022315,0.074974,9.121426
0.404000,0.021953,0.088459,9.044136
0.405000,0.021393,0.102272,8.923104
0.406000,0.020998,0.115099,8.762277
0.407000,0.020372,0.128255,8.565929
0.408000,0.019845,0.139437,8.328798
0.409000,0.019154,0.151606,8.066673
0.410000,0.018297,0.162788,7.767382
0.411000,0.017540,0.173313,7.438821
0.412000,0.016651,0.184166,7.093815
0.413000,0.015927,0.194033,6.724801
0.414000,0.015005,0.202584,6.331448
0.415000,0.014116,0.211464,5.919678
0.416000,0.013194,0.219358,5.494424
0.417000,0.012140,0.226922,5.049765
0.418000,0.011086,0.233829,4.600831
0.419000,0.009967,0.240078,4.131506
0.420000,0.009012,0.244024,3.662509
0.421000,0.007859,0.248958,3.174437
0.422000,0.006871,0.252904,2.688996
0.423000,0.005192,0.256851,2.195661
0.424000,0.003545,0.259811,1.695419
0.425000,0.005192,0.259482,1.196821
0.426000,0.005126,0.263429,0.691974
0.427000,0.001438,0.261127,0.179562
0.428000,-0.006267,0.262113,-0.335153
0.429000,0.005357,0.263429,-0.862367
0.430000,-0.003205,0.257509,-1.394844
0.431000,-0.005312,0.253562,-1.919428
0.432000,-0.006168,0.247642,-2.440395
0.433000,-0.008078,0.242380,-2.953470
0.434000,-0.009527,0.235473,-3.454705
0.435000,-0.011075,0.228567,-3.956928
0.436000,-0.012622,0.220673,-4.441721
0.437000,-0.013775,0.211793,-4.929804
0.438000,-0.015290,0.201926,-5.399799
0.439000,-0.016212,0.191402,-5.863874
0.440000,-0.017430,0.180220,-6.308217
0.441000,-0.018582,0.168379,-6.736445
0.442000,-0.019570,0.155882,-7.141980
0.443000,-0.020492,0.143384,-7.520217
0.444000,-0.021118,0.129570,-7.869840
0.445000,-0.021711,0.116086,-8.180982
0.446000,-0.022336,0.101943,-8.455288
0.447000,-0.022896,0.087143,-8.684534
0.448000,-0.022929,0.073330,-8.875956
0.449000,-0.023028,0.058201,-9.019359
0.450000,-0.022830,0.043730,-9.118688
0.451000,-0.022863,0.029587,-9.170326
0.452000,-0.022797,0.015116,-9.179207
0.453000,-0.022435,0.001960,-9.140396
0.454000,-0.022040,-0.012182,-9.055867
0.455000,-0.021316,-0.025338,-8.937462
0.456000,-0.021052,-0.038164,-8.777285
0.457000,-0.020492,-0.051320,-8.575666
0.458000,-0.019867,-0.063160,-8.340829
0.459000,-0.019208,-0.075329,-8.076391
0.460000,-0.018418,-0.086840,-7.777089
0.461000,-0.017562,-0.097365,-7.457396
0.462000,-0.016706,-0.107889,-7.102512
0.463000,-0.015981,-0.118085,-6.735129
0.464000,-0.015191,-0.126307,-6.342094
0.465000,-0.014071,-0.134858,-5.935246
0.466000,-0.013083,-0.143081,-5.508006
0.467000,-0.012030,-0.150645,-5.065639
0.468000,-0.011141,-0.156894,-4.613734
0.469000,-0.010153,-0.162814,-4.144399
0.470000,-0.009330,-0.168076,-3.677696
0.471000,-0.008111,-0.173010,-3.188629
0.472000,-0.006860,-0.178272,-2.707786
0.473000,-0.006234,-0.180903,-2.208525
0.474000,-0.002546,-0.180245,-1.709265
0.475000,0.001109,-0.180574,-1.205730
0.476000,-0.007354,-0.188139,-0.703183
0.477000,-0.002118,-0.185508,-0.185179
0.478000,-0.003271,-0.181232,0.351572
0.479000,0.005752,-0.178272,0.870233
0.480000,0.004533,-0.178272,1.406324
0.481000,0.003809,-0.175641,1.922024
0.482000,0.006410,-0.171365,2.436737
0.483000,0.007826,-0.165774,2.940268
0.484000,0.009407,-0.159525,3.437878
0.485000,0.010823,-0.152290,3.932528
0.486000,0.012370,-0.144396,4.417311
0.487000,0.013556,-0.135845,4.900779
0.488000,0.014840,-0.125649,5.370762
0.489000,0.016124,-0.115783,5.836469
0.490000,0.017507,-0.104600,6.281457
0.491000,0.018495,-0.092760,6.713290
0.492000,0.019483,-0.080262,7.120455
0.493000,0.020306,-0.067107,7.502297
0.494000,0.021096,-0.053951,7.853223
0.495000,0.021689,-0.039809,8.157775
0.496000,0.022216,-0.025666,8.414968
0.497000,0.022479,-0.011524,8.630062
0.498000,0.022578,0.002947,8.811939
0.499000,0.022776,0.017089,8.964545
0.500000,0.022710,0.031561,9.077683
0.501000,0.022710,0.046032,9.141159
0.502000,0.022611,0.060503,9.156288
0.503000,0.022249,0.073330,9.126030
0.504000,0.021887,0.087801,9.053016
0.505000,0.021426,0.100957,8.934615
0.506000,0.020998,0.113126,8.779050
0.507000,0.020438,0.126610,8.580071
0.508000,0.019812,0.139437,8.349847
0.509000,0.019219,0.150948,8.085419
0.510000,0.018396,0.162459,7.791062
0.511000,0.017507,0.173642,7.470723
0.512000,0.016816,0.183180,7.120784
0.513000,0.015960,0.193046,6.755059
0.514000,0.015235,0.201926,6.360720
0.515000,0.014148,0.210149,5.956514
0.516000,0.013128,0.219029,5.524682
0.517000,0.012239,0.226593,5.085943
0.518000,0.011185,0.233171,4.631747
0.519000,0.010197,0.239420,4.166039
0.520000,0.009242,0.244353,3.696714
0.521000,0.008057,0.248629,3.210944
0.522000,0.006542,0.253233,2.727805
0.523000,0.005620,0.256193,2.229865
0.524000,0.001504,0.258824,1.738175
0.525000,0.006311,0.260798,1.229381
0.526000,0.005883,0.264416,0.729467
0.527000,0.002162,0.262113,0.217055
0.528000,-0.004654,0.264087,-0.305882
0.529000,-0.006761,0.254878,-0.827833
0.530000,-0.007058,0.252576,-1.357350
0.531000,-0.002909,0.254220,-1.877001
0.532000,-0.006761,0.247642,-2.401585
0.533000,-0.008539,0.242709,-2.911042
0.534000,-0.009659,0.236460,-3.418527
0.535000,-0.010778,0.229553,-3.917461
0.536000,-0.012227,0.221331,-4.406200
0.537000,-0.013610,0.211793,-4.892310
0.538000,-0.014829,0.202913,-5.362962
0.539000,-0.016343,0.192388,-5.828025
0.540000,-0.017496,0.181535,-6.285852
0.541000,-0.018615,0.169366,-6.704542
0.542000,-0.019472,0.157197,-7.110734
0.543000,-0.020394,0.144041,-7.494233
0.544000,-0.021184,0.130228,-7.843528
0.545000,-0.021908,0.116415,-8.157301
0.546000,-0.022501,0.102930,-8.435224
0.547000,-0.022699,0.088459,-8.669075
0.548000,-0.022731,0.073988,-8.863787
0.549000,-0.023028,0.059188,-9.011465
0.550000,-0.022863,0.045045,-9.113097
0.551000,-0.023094,0.031232,-9.169011
0.552000,-0.022929,0.016432,-9.179536
0.553000,-0.022534,0.002289,-9.146316
0.554000,-0.022106,-0.011195,-9.068037
0.555000,-0.021447,-0.025009,-8.947986
0.556000,-0.021052,-0.037835,-8.791428
0.557000,-0.020558,-0.050662,-8.593098
0.558000,-0.020097,-0.062173,-8.364510
0.559000,-0.019208,-0.074342,-8.096454
0.560000,-0.018484,-0.085196,-7.803730
0.561000,-0.017562,-0.097036,-7.481077
0.562000,-0.016706,-0.106903,-7.133428
0.563000,-0.016146,-0.116769,-6.765717
0.564000,-0.015125,-0.125649,-6.373339
0.565000,-0.014335,-0.134529,-5.970438
0.566000,-0.013380,-0.142094,-5.540238
0.567000,-0.012655,-0.149987,-5.105106
0.568000,-0.011108,-0.156565,-4.648926
0.569000,-0.010219,-0.162814,-4.185511
0.570000,-0.008967,-0.168734,-3.711572
0.571000,-0.008144,-0.172681,-3.227110
0.572000,-0.007288,-0.176956,-2.744622
0.573000,-0.006070,-0.179588,-2.246348
0.574000,-0.003402,-0.182548,-1.757941
0.575000,0.000154,-0.180245,-1.243553
0.576000,-0.007650,-0.191099,-0.741992
0.577000,0.001504,-0.183863,-0.225304
0.578000,-0.002909,-0.181890,0.299936
0.579000,0.004237,-0.178930,0.834713
0.580000,0.001636,-0.179917,1.370146
0.581000,0.005225,-0.175970,1.883544
0.582000,0.006740,-0.171694,2.396942
0.583000,0.008024,-0.167090,2.895539
0.584000,0.009341,-0.160841,3.400055
0.585000,0.010724,-0.153276,3.890759
0.586000,0.012041,-0.145054,4.379160
0.587000,0.013490,-0.135845,4.861641
0.588000,0.015005,-0.126636,5.332611
0.589000,0.016058,-0.116440,5.800292
0.590000,0.017310,-0.105258,6.247253
0.591000,0.018297,-0.093089,6.679743
0.592000,0.019516,-0.080920,7.089211
0.593000,0.020339,-0.067765,7.471710
0.594000,0.021129,-0.054609,7.823951
0.595000,0.021623,-0.041124,8.134753
0.596000,0.022084,-0.026982,8.395892
0.597000,0.022545,-0.012182,8.615262
0.598000,0.022809,0.001632,8.799441
0.599000,0.022973,0.016103,8.952376
0.600000,0.022875,0.030903,9.070776
0.601000,0.022809,0.044716,9.139186
0.602000,0.022479,0.058859,9.156288
0.603000,0.022315,0.073330,9.130635
0.604000,0.022084,0.086486,9.057621
0.605000,0.021623,0.099970,8.944153
0.606000,0.020965,0.113455,8.791548
0.607000,0.020537,0.125952,8.596844
0.608000,0.019812,0.138121,8.372870
0.609000,0.019318,0.149633,8.108771
0.610000,0.018429,0.160815,7.819676
0.611000,0.017639,0.172326,7.496377
0.612000,0.017013,0.182193,7.151371
0.613000,0.016025,0.191731,6.781699
0.614000,0.015070,0.200940,6.393609
0.615000,0.014083,0.210149,5.990390
0.616000,0.013391,0.218700,5.559544
0.617000,0.012239,0.225935,5.127055
0.618000,0.011350,0.232513,4.667596
0.619000,0.010230,0.238104,4.209453
0.620000,0.009242,0.243696,3.732234
0.621000,0.007925,0.248958,3.250411
0.622000,0.006937,0.252904,2.765298
0.623000,0.006213,0.255536,2.271306
0.624000,0.004566,0.257838,1.779286
0.625000,0.005818,0.260469,1.269177
0.626000,0.003381,0.261127,0.766632
0.627000,0.001504,0.263100,0.250273
0.628000,-0.001657,0.263100,-0.259508
0.629000,0.004402,0.263758,-0.779157
0.630000,-0.003798,0.257509,-1.308345
0.631000,-0.003106,0.254878,-1.836876
0.632000,-0.006103,0.248629,-2.359816
0.633000,-0.007947,0.243367,-2.869602
0.634000,-0.009165,0.236789,-3.380046
0.635000,-0.010647,0.229553,-3.894438
0.636000,-0.012194,0.221331,-4.369035
0.637000,-0.013446,0.213438,-4.849882
0.638000,-0.014993,0.203571,-5.325139
0.639000,-0.016113,0.193046,-5.789214
0.640000,-0.017167,0.181864,-6.238162
0.641000,-0.018418,0.170024,-6.670665
0.642000,-0.019472,0.158184,-7.078173
0.643000,-0.020558,0.145028,-7.462659
0.644000,-0.021085,0.131872,-7.813597
0.645000,-0.021678,0.117730,-8.133620
0.646000,-0.022139,0.104246,-8.412859
0.647000,-0.022534,0.089446,-8.653617
0.648000,-0.022929,0.075303,-8.847342
0.649000,-0.023127,0.060503,-8.999625
0.650000,-0.023127,0.046361,-9.104545
0.651000,-0.022962,0.031890,-9.167037
0.652000,-0.022699,0.017747,-9.180851
0.653000,-0.022435,0.004263,-9.151579
0.654000,-0.022336,-0.010209,-9.074944
0.655000,-0.021678,-0.023035,-8.959827
0.656000,-0.021052,-0.035862,-8.806228
0.657000,-0.020426,-0.049018,-8.610859
0.658000,-0.019834,-0.061516,-8.384244
0.659000,-0.019307,-0.073356,-8.118490
0.660000,-0.018582,-0.084867,-7.832016
0.661000,-0.017924,-0.096049,-7.508376
0.662000,-0.015290,-0.106574,-7.166976
0.663000,-0.015981,-0.115454,-6.794003
0.664000,-0.015092,-0.124992,-6.408203
0.665000,-0.014368,-0.133872,-6.002670
0.666000,-0.013511,-0.141765,-5.576746
0.667000,-0.012425,-0.149001,-5.142601
0.668000,-0.011272,-0.156236,-4.685105
0.669000,-0.010153,-0.162485,-4.229583
0.670000,-0.009099,-0.168076,-3.749066
0.671000,-0.006629,-0.172352,-3.274800
0.672000,-0.006860,-0.176628,-2.781787
0.673000,-0.006992,-0.180245,-2.289433
0.674000,-0.002645,-0.181232,-1.795435
0.675000,0.000483,-0.181561,-1.290256
0.676000,-0.008111,-0.190112,-0.788366
0.677000,0.002492,-0.186165,-0.256548
0.678000,0.000714,-0.183863,0.256522
0.679000,0.006180,-0.178601,0.790641
0.680000,0.006377,-0.180903,1.318839
0.681000,0.005192,-0.176628,1.843091
0.682000,0.006542,-0.173010,2.354844
0.683000,0.007662,-0.167090,2.857058
0.684000,0.009110,-0.160512,3.359602
0.685000,0.010625,-0.153605,3.848332
0.686000,0.012107,-0.145712,4.340351
0.687000,0.013457,-0.137161,4.824147
0.688000,0.014609,-0.127623,5.297419
0.689000,0.015992,-0.118085,5.760825
0.690000,0.017112,-0.105916,6.212719
0.691000,0.018265,-0.094734,6.645209
0.692000,0.019219,-0.082565,7.056980
0.693000,0.020174,-0.069738,7.443097
0.694000,0.020998,-0.055924,7.797640
0.695000,0.021656,-0.042440,8.112060
0.696000,0.022183,-0.028626,8.375172
0.697000,0.022479,-0.014155,8.599147
0.698000,0.022809,0.000316,8.786286
0.699000,0.022776,0.014458,8.940207
0.700000,0.022842,0.028601,9.063212
0.701000,0.022842,0.043730,9.133923
0.702000,0.022677,0.057543,9.157275
0.703000,0.022381,0.072014,9.137212
0.704000,0.022018,0.085499,9.065843
0.705000,0.022512,0.098654,8.958296
0.706000,0.020998,0.111810,8.804375
0.707000,0.020570,0.124308,8.615591
0.708000,0.019977,0.137135,8.389972
0.709000,0.019318,0.148646,8.129491
0.710000,0.018495,0.160157,7.843027
0.711000,0.017804,0.171011,7.520715
0.712000,0.016849,0.181535,7.184918
0.713000,0.016091,0.191073,6.810970
0.714000,0.014840,0.200611,6.429458
0.715000,0.014280,0.209491,6.019332
0.716000,0.013325,0.217713,5.597367
0.717000,0.012337,0.224949,5.159615
0.718000,0.011185,0.231855,4.705089
0.719000,0.010296,0.237775,4.247604
0.720000,0.009308,0.243696,3.768412
0.721000,0.008221,0.247971,3.297113
0.722000,0.007102,0.251918,2.801147
0.723000,0.006114,0.255864,2.317021
0.724000,0.004731,0.258167,1.813819
0.725000,0.000977,0.260469,1.314893
0.726000,0.006410,0.264745,0.809717
0.727000,-0.000373,0.262771,0.299278
0.728000,-0.000472,0.260140,-0.214779
0.729000,0.002393,0.264087,-0.741006
0.730000,-0.004522,0.254549,-1.275785
0.731000,-0.003205,0.254220,-1.797737
0.732000,-0.004818,0.249287,-2.316731
0.733000,-0.007914,0.243696,-2.831779
0.734000,-0.009395,0.237447,-3.338605
0.735000,-0.010746,0.230540,-3.837210
0.736000,-0.012096,0.222318,-4.331541
0.737000,-0.013380,0.213438,-4.812717
0.738000,-0.014730,0.203900,-5.290934
0.739000,-0.016014,0.194691,-5.752378
0.740000,-0.017298,0.182851,-6.203956
0.741000,-0.018385,0.171011,-6.636459
0.742000,-0.019340,0.159170,-7.048243
0.743000,-0.020229,0.146015,-7.433058
0.744000,-0.020920,0.132530,-7.789259
0.745000,-0.021678,0.118717,-8.110268
0.746000,-0.022303,0.104903,-8.392796
0.747000,-0.022567,0.090761,-8.634540
0.748000,-0.022896,0.076290,-8.834843
0.749000,-0.023028,0.061819,-8.989429
0.750000,-0.023160,0.047347,-9.098625
0.751000,-0.023127,0.032547,-9.163091
0.752000,-0.022962,0.019063,-9.179536
0.753000,-0.022699,0.004592,-9.153552
0.754000,-0.021974,-0.008893,-9.081851
0.755000,-0.021513,-0.022378,-8.971668
0.756000,-0.020953,-0.036191,-8.813793
0.757000,-0.020492,-0.048689,-8.628291
0.758000,-0.020163,-0.060529,-8.397729
0.759000,-0.019307,-0.073027,-8.139869
0.760000,-0.018648,-0.084209,-7.850763
0.761000,-0.017628,-0.095391,-7.531728
0.762000,-0.017035,-0.105587,-7.190657
0.763000,-0.016245,-0.115125,-6.819328
0.764000,-0.015355,-0.124334,-6.415439
0.765000,-0.014631,-0.133543,-6.029640
0.766000,-0.013314,-0.140778,-5.610623
0.767000,-0.012293,-0.148343,-5.168255
0.768000,-0.011239,-0.155907,-4.718652
0.769000,-0.010416,-0.161827,-4.257868
0.770000,-0.009363,-0.167419,-3.783600
0.771000,-0.008276,-0.172023,-3.306045
0.772000,-0.007321,-0.175970,-2.815334
0.773000,-0.005214,-0.178930,-2.329229
0.774000,-0.004193,-0.183205,-1.827338
0.775000,-0.003337,-0.184850,-1.329723
0.776000,0.004006,-0.179259,-0.810731
0.777000,-0.001855,-0.182877,-0.306869
0.778000,0.000417,-0.184192,0.223633
0.779000,0.002459,-0.184192,0.748214
0.780000,0.006048,-0.178930,1.278057
0.781000,0.005159,-0.177614,1.808228
0.782000,0.006443,-0.171694,2.316035
0.783000,0.007497,-0.167419,2.824827
0.784000,0.009045,-0.160512,3.323095
0.785000,0.010493,-0.153934,3.817416
0.786000,0.012041,-0.146370,4.306146
0.787000,0.013161,-0.137818,4.788627
0.788000,0.014511,-0.128281,5.265188
0.789000,0.015762,-0.118085,5.728922
0.790000,0.017112,-0.107560,6.182790
0.791000,0.018693,-0.095391,6.614294
0.792000,0.019285,-0.083222,7.029682
0.793000,0.020076,-0.070725,7.416128
0.794000,0.020932,-0.056911,7.773960
0.795000,0.021623,-0.043427,8.091011
0.796000,0.022018,-0.029284,8.357741
0.797000,0.022479,-0.015142,8.584018
0.798000,0.022644,-0.001328,8.773459
0.799000,0.022743,0.013801,8.931655
0.800000,0.022809,0.028272,9.057292
0.801000,0.022809,0.042414,9.129648
0.802000,0.022743,0.056556,9.156617
0.803000,0.022446,0.070699,9.137870
0.804000,0.022051,0.084512,9.071105
0.805000,0.021656,0.097668,8.965531
0.806000,0.021195,0.111152,8.816544
0.807000,0.020570,0.123650,8.633680
0.808000,0.019911,0.136148,8.405759
0.809000,0.019219,0.148317,8.153500
0.810000,0.018627,0.158513,7.861774
0.811000,0.017738,0.170024,7.546697
0.812000,0.016882,0.180877,7.206953
0.813000,0.015992,0.190415,6.838925
0.814000,0.015235,0.200282,6.458071
0.815000,0.014445,0.209162,6.046630
0.816000,0.013391,0.216726,5.628611
0.817000,0.012469,0.223962,5.187570
0.818000,0.011317,0.231855,4.740938
0.819000,0.010329,0.237118,4.275231
0.820000,0.009045,0.243367,3.803603
0.821000,0.008254,0.247642,3.326055
0.822000,0.007201,0.252576,2.836010
0.823000,0.005686,0.254549,2.352541
0.824000,0.004204,0.258167,1.849340
0.825000,0.005027,0.257838,1.358635
0.826000,-0.000340,0.260140,0.848855
0.827000,-0.002118,0.263758,0.334469
0.828000,-0.000274,0.260140,-0.181561
0.829000,0.000088,0.262442,-0.705157
0.830000,-0.001690,0.259153,-1.230068
0.831000,-0.005214,0.253891,-1.758928
0.832000,-0.006564,0.248629,-2.277264
0.833000,-0.007683,0.243367,-2.797245
0.834000,-0.006827,0.238433,-3.300782
0.835000,-0.010482,0.231198,-3.803663
0.836000,-0.012096,0.222646,-4.293389
0.837000,-0.013479,0.214753,-4.779169
0.838000,-0.014796,0.204557,-5.255413
0.839000,-0.015751,0.195020,-5.720804
0.840000,-0.017002,0.184166,-6.172711
0.841000,-0.018253,0.171339,-6.604885
0.842000,-0.019373,0.159170,-7.019629
0.843000,-0.020624,0.146673,-7.406088
0.844000,-0.021085,0.133846,-7.763604
0.845000,-0.021579,0.119704,-8.087573
0.846000,-0.022106,0.106219,-8.374706
0.847000,-0.022567,0.092077,-8.618753
0.848000,-0.022863,0.076619,-8.821687
0.849000,-0.023028,0.063463,-8.978904
0.850000,-0.022962,0.048334,-9.093034
0.851000,-0.022929,0.033534,-9.159144
0.852000,-0.022797,0.019721,-9.181838
0.853000,-0.022567,0.005249,-9.156512
0.854000,-0.022336,-0.008235,-9.089087
0.855000,-0.021809,-0.021720,-8.980219
0.856000,-0.021151,-0.034547,-8.829910
0.857000,-0.020558,-0.047702,-8.645065
0.858000,-0.020097,-0.060200,-8.416806
0.859000,-0.019373,-0.072040,-8.161577
0.860000,-0.018813,-0.083222,-7.871813
0.861000,-0.017726,-0.093747,-7.560014
0.862000,-0.016903,-0.104600,-7.216969
0.863000,-0.016212,-0.114796,-6.851889
0.864000,-0.015290,-0.124334,-6.468720
0.865000,-0.014565,-0.132885,-6.062529
0.866000,-0.013643,-0.140778,-5.645815
0.867000,-0.012557,-0.148014,-5.203776
0.868000,-0.011470,-0.155250,-4.756147
0.869000,-0.010383,-0.161499,-4.290758
0.870000,-0.009198,-0.167090,-3.823068
0.871000,-0.008473,-0.171694,-3.341894
0.872000,-0.007387,-0.175641,-2.854144
0.873000,-0.006531,-0.180245,-2.365736
0.874000,-0.002316,-0.179917,-1.866147
0.875000,-0.002909,-0.185179,-1.371492
0.876000,-0.006004,-0.188139,-0.862367
0.877000,-0.000999,-0.183205,-0.352256
0.878000,0.000351,-0.184192,0.181206
0.879000,0.006147,-0.179259,0.709076
0.880000,0.000747,-0.182219,1.244181
0.881000,0.005126,-0.177943,1.765473
0.882000,0.006147,-0.173010,2.274594
0.883000,0.007563,-0.168405,2.783058
0.884000,0.008781,-0.162156,3.279024
0.885000,0.010493,-0.154592,3.777621
0.886000,0.013951,-0.147356,4.263391
0.887000,0.013226,-0.138476,4.748832
0.888000,0.014511,-0.128938,5.223748
0.889000,0.015630,-0.119400,5.691429
0.890000,0.017046,-0.108218,6.144310
0.891000,0.018100,-0.096707,6.580418
0.892000,0.019154,-0.084209,6.995806
0.893000,0.020010,-0.071053,7.382581
0.894000,0.020833,-0.058227,7.744031
0.895000,0.021557,-0.044413,8.065357
0.896000,0.022018,-0.030271,8.335705
0.897000,0.022512,-0.016129,8.566586
0.898000,0.022710,-0.001986,8.757672
0.899000,0.022842,0.012156,8.918171
0.900000,0.022842,0.026627,9.047425
0.901000,0.022875,0.041099,9.125043
0.902000,0.022743,0.055570,9.159577
0.903000,0.022479,0.069054,9.140830
0.904000,0.022051,0.083197,9.080643
0.905000,0.021623,0.096352,8.974740
0.906000,0.021228,0.109508,8.832001
0.907000,0.020504,0.122335,8.648809
0.908000,0.020010,0.135161,8.428123
0.909000,0.019417,0.146673,8.175864
0.910000,0.018758,0.158842,7.886770
0.911000,0.018034,0.168708,7.552288
0.912000,0.017079,0.179891,7.234909
0.913000,0.016421,0.189757,6.876419
0.914000,0.015334,0.199295,6.489316
0.915000,0.014412,0.207846,6.086426
0.916000,0.013556,0.216069,5.665447
0.917000,0.012568,0.223962,5.228681
0.918000,0.011580,0.230869,4.783365
0.919000,0.010329,0.236460,4.317000
0.920000,0.009407,0.243038,3.849648
0.921000,0.008419,0.248300,3.366509
0.922000,0.007464,0.251589,2.884685
0.923000,0.006081,0.254220,2.392337
0.924000,0.004566,0.257509,1.896042
0.925000,0.005554,0.260798,1.394813
0.926000,0.001438,0.257180,0.887335
0.927000,0.004435,0.261127,0.378212
0.928000,-0.000307,0.260469,-0.136174
0.929000,0.004764,0.265073,-0.644640
0.930000,0.000747,0.259811,-1.187312
0.931000,-0.001822,0.256522,-1.711567
0.932000,-0.005773,0.249616,-2.233192
0.933000,-0.007420,0.244353,-2.749884
0.934000,-0.008967,0.238433,-3.255395
0.935000,-0.010449,0.231198,-3.757618
0.936000,-0.011931,0.223304,-4.247672
0.937000,-0.013347,0.215411,-4.737399
0.938000,-0.012754,0.205873,-5.211011
0.939000,-0.015685,0.196006,-5.679033
0.940000,-0.016969,0.184824,-6.130940
0.941000,-0.018121,0.172655,-6.566404
0.942000,-0.019307,0.160815,-6.982463
0.943000,-0.020229,0.148646,-7.372211
0.944000,-0.020855,0.134833,-7.732358
0.945000,-0.021480,0.121348,-8.059288
0.946000,-0.022139,0.107206,-8.349381
0.947000,-0.022797,0.092734,-8.598032
0.948000,-0.022929,0.078263,-8.804255
0.949000,-0.023028,0.064450,-8.967721
0.950000,-0.023061,0.049321,-9.084811
0.951000,-0.022731,0.035507,-9.154868
0.952000,-0.022830,0.021036,-9.182496
0.953000,-0.022468,0.006565,-9.160788
0.954000,-0.022402,-0.007249,-9.098625
0.955000,-0.021744,-0.019746,-8.990086
0.956000,-0.021348,-0.033560,-8.846026
0.957000,-0.020558,-0.046715,-8.661839
0.958000,-0.019965,-0.059213,-8.439829
0.959000,-0.019702,-0.070725,-8.186244
0.960000,-0.018846,-0.083222,-7.900757
0.961000,-0.017990,-0.093418,-7.590273
0.962000,-0.017101,-0.104271,-7.247228
0.963000,-0.016146,-0.113809,-6.879188
0.964000,-0.015257,-0.123347,-6.501610
0.965000,-0.014631,-0.131898,-6.102326
0.966000,-0.013610,-0.140121,-5.680678
0.967000,-0.012622,-0.147356,-5.246532
0.968000,-0.011536,-0.154921,-4.798574
0.969000,-0.010515,-0.161170,-4.335159
0.970000,-0.009593,-0.167090,-3.869442
0.971000,-0.008605,-0.171036,-3.384979
0.972000,-0.007420,-0.175641,-2.904136
0.973000,-0.005510,-0.179259,-2.410466
0.974000,-0.004884,-0.181232,-1.911863
0.975000,0.000286,-0.181232,-1.413590
0.976000,-0.006432,-0.188468,-0.899861
0.977000,0.003216,-0.189783,-0.400274
0.978000,0.000582,-0.184850,0.132859
0.979000,0.001603,-0.183205,0.651849
0.980000,0.006377,-0.179259,1.188928
0.981000,0.004467,-0.177943,1.716139
0.982000,0.005883,-0.173668,2.230852
0.983000,0.007168,-0.168076,2.735369
0.984000,0.008814,-0.162156,3.235939
0.985000,0.010329,-0.155579,3.732892
0.986000,0.011778,-0.148343,4.219319
0.987000,0.013029,-0.139792,4.706405
0.988000,0.014346,-0.129925,5.180006
0.989000,0.015663,-0.119729,5.650318
0.990000,0.016453,-0.109534,6.102212
0.991000,0.018166,-0.097694,6.540622
0.992000,0.019121,-0.085196,6.956997
0.993000,0.019944,-0.072698,7.349692
0.994000,0.020800,-0.059213,7.714102
0.995000,0.021524,-0.046058,8.038388
0.996000,0.022084,-0.031915,8.313998
0.997000,0.022381,-0.018102,8.546195
0.998000,0.022545,-0.003960,8.743859
0.999000,0.022743,0.010512,8.906331
1.000000,0.022842,0.025641,9.037558
1.001000,0.022907,0.040441,9.121426
1.002000,0.022776,0.053925,9.155630
1.003000,0.022446,0.068068,9.144119
1.004000,0.022150,0.081881,9.088865
1.005000,0.021656,0.095366,8.987238
1.006000,0.021096,0.108521,8.850090
1.007000,0.020635,0.121348,8.665583
1.008000,0.020010,0.133846,8.451475
1.009000,0.019318,0.145686,8.197900
1.010000,0.018627,0.157526,7.916370
1.011000,0.017902,0.168379,7.606884
1.012000,0.017211,0.179562,7.266154
1.013000,0.016355,0.188771,6.907335
1.014000,0.015466,0.198309,6.523849
1.015000,0.014511,0.206860,6.098594
1.016000,0.013556,0.215411,5.701954
1.017000,0.012667,0.223304,5.270779
1.018000,0.011514,0.230211,4.820529
1.019000,0.010658,0.236460,4.360413
1.020000,0.009506,0.242051,3.891745
1.021000,0.008551,0.246984,3.410909
1.022000,0.007168,0.251260,2.929743
1.023000,0.005752,0.254878,2.435751
1.024000,0.005126,0.257180,1.947020
1.025000,0.002393,0.260798,1.439542
1.026000,0.005587,0.261456,0.931735
1.027000,0.005357,0.259153,0.419652
1.028000,-0.000439,0.260798,-0.088156
1.029000,0.005093,0.264416,-0.598596
1.030000,0.001800,0.261127,-1.138307
1.031000,-0.007090,0.251589,-1.659931
1.032000,-0.006695,0.249287,-2.187476
1.033000,-0.007255,0.244353,-2.700879
1.034000,-0.009132,0.239420,-3.211981
1.035000,-0.010614,0.232513,-3.710915
1.036000,-0.011635,0.224949,-4.206232
1.037000,-0.012952,0.216069,-4.693327
1.038000,-0.014236,0.206531,-5.169241
1.039000,-0.015685,0.196664,-5.638250
1.040000,-0.017101,0.185153,-6.089499
1.041000,-0.018023,0.174628,-6.530225
1.042000,-0.019900,0.162130,-6.945297
1.043000,-0.019900,0.149962,-7.339649
1.044000,-0.020723,0.136148,-7.702099
1.045000,-0.021645,0.122664,-8.031331
1.046000,-0.022238,0.108850,-8.325371
1.047000,-0.022666,0.094379,-8.577311
1.048000,-0.022731,0.079908,-8.787152
1.049000,-0.022995,0.065108,-8.954893
1.050000,-0.023061,0.050636,-9.075931
1.051000,-0.023160,0.036823,-9.151579
1.052000,-0.022929,0.022352,-9.179536
1.053000,-0.022534,0.007880,-9.163419
1.054000,-0.022139,-0.006262,-9.103888
1.055000,-0.021546,-0.019746,-9.001269
1.056000,-0.021447,-0.032244,-8.861156
1.057000,-0.020855,-0.045400,-8.676969
1.058000,-0.020196,-0.057240,-8.463839
1.059000,-0.019274,-0.069738,-8.208610
1.060000,-0.018879,-0.080920,-7.929700
1.061000,-0.018023,-0.092431,-7.617572
1.062000,-0.017463,-0.102956,-7.280118
1.063000,-0.016376,-0.112494,-6.919314
1.064000,-0.015553,-0.122361,-6.535816
1.065000,-0.014466,-0.131569,-6.140150
1.066000,-0.013544,-0.139134,-5.717515
1.067000,-0.012787,-0.147027,-5.284685
1.068000,-0.011733,-0.153934,-4.834753
1.069000,-0.010482,-0.160512,-4.378573
1.070000,-0.009395,-0.166103,-3.906278
1.071000,-0.008441,-0.171365,-3.428065
1.072000,-0.007255,-0.175312,-2.943603
1.073000,-0.005806,-0.178601,-2.451906
1.074000,-0.005378,-0.180574,-1.958237
1.075000,-0.002513,-0.181890,-1.450755
1.076000,0.003282,-0.176299,-0.950839
1.077000,-0.001032,-0.179917,-0.424941
1.078000,0.000121,-0.184850,0.086486
1.079000,-0.000307,-0.185508,0.617316
1.080000,0.000747,-0.184192,1.152092
1.081000,0.004698,-0.178272,1.671739
1.082000,0.006114,-0.174654,2.187110
1.083000,0.007530,-0.169721,2.689325
1.084000,0.008946,-0.163143,3.194828
1.085000,0.010197,-0.155907,3.686518
1.086000,0.011514,-0.148672,4.178537
1.087000,0.012798,-0.140450,4.662662
1.088000,0.014247,-0.130912,5.141526
1.089000,0.015531,-0.121374,5.610193
1.090000,0.016849,-0.110192,6.063074
1.091000,0.017968,-0.098680,6.505102
1.092000,0.018956,-0.086511,6.921477
1.093000,0.019977,-0.074013,7.318776
1.094000,0.020866,-0.060858,7.682858
1.095000,0.021459,-0.047044,8.013392
1.096000,0.021985,-0.033231,8.292620
1.097000,0.022381,-0.019089,8.530080
1.098000,0.022644,-0.004288,8.727743
1.099000,0.022875,0.009854,8.891531
1.100000,0.022940,0.024325,9.029665
1.101000,0.022875,0.038796,9.118466
1.102000,0.022809,0.051952,9.155959
1.103000,0.022512,0.067081,9.149052
1.104000,0.022216,0.080565,9.093470
1.105000,0.021887,0.094379,8.997105
1.106000,0.021195,0.107863,8.861273
1.107000,0.020734,0.120032,8.681698
1.108000,0.019977,0.132530,8.471537
1.109000,0.019351,0.144370,8.218291
1.110000,0.018791,0.156868,7.945312
1.111000,0.017935,0.167393,7.632208
1.112000,0.017211,0.177588,7.299700
1.113000,0.016322,0.187784,6.939237
1.114000,0.015466,0.197322,6.557725
1.115000,0.014609,0.206860,6.161084
1.116000,0.013720,0.214753,5.739118
1.117000,0.012733,0.222646,5.310904
1.118000,0.011712,0.229553,4.857365
1.119000,0.010658,0.235473,4.394946
1.120000,0.009571,0.241393,3.929568
1.121000,0.008518,0.246327,3.456624
1.122000,0.007497,0.250602,2.968552
1.123000,0.006476,0.253891,2.477191
1.124000,0.004665,0.257180,1.986158
1.125000,0.005620,0.259811,1.481311
1.126000,-0.001130,0.258167,0.990278
1.127000,-0.002184,0.262442,0.471617
1.128000,-0.000208,0.261456,-0.037835
1.129000,-0.001657,0.263100,-0.562417
1.130000,-0.003139,0.256522,-1.094565
1.131000,-0.004753,0.254549,-1.615531
1.132000,-0.004720,0.250931,-2.143075
1.133000,-0.007123,0.245011,-2.658123
1.134000,-0.008473,0.239091,-3.168896
1.135000,-0.010350,0.232184,-3.664211
1.136000,-0.011766,0.225278,-4.164462
1.137000,-0.012886,0.217384,-4.648268
1.138000,-0.014038,0.207517,-5.130103
1.139000,-0.015454,0.197322,-5.597796
1.140000,-0.016837,0.186468,-6.052334
1.141000,-0.018056,0.174957,-6.493059
1.142000,-0.018945,0.162788,-6.910762
1.143000,-0.020031,0.150619,-7.307417
1.144000,-0.020723,0.137135,-7.670854
1.145000,-0.021480,0.123321,-8.005677
1.146000,-0.022172,0.109179,-8.300374
1.147000,-0.022633,0.095366,-8.557577
1.148000,-0.022830,0.081881,-8.771365
1.149000,-0.022863,0.066423,-8.941737
1.150000,-0.022995,0.052281,-9.066392
1.151000,-0.022995,0.037481,-9.145659
1.152000,-0.022896,0.023338,-9.178878
1.153000,-0.022731,0.008867,-9.169340
1.154000,-0.022303,-0.004288,-9.110466
1.155000,-0.021546,-0.017773,-9.012781
1.156000,-0.021348,-0.031915,-8.873325
1.157000,-0.020887,-0.043755,-8.695388
1.158000,-0.020229,-0.056911,-8.483244
1.159000,-0.019537,-0.068751,-8.230975
1.160000,-0.018648,-0.080262,-7.955026
1.161000,-0.017990,-0.091445,-7.641581
1.162000,-0.017397,-0.102298,-7.307417
1.163000,-0.016508,-0.111836,-6.949244
1.164000,-0.015487,-0.121703,-6.570022
1.165000,-0.014664,-0.130912,-6.171724
1.166000,-0.013676,-0.138476,-5.754351
1.167000,-0.012820,-0.147356,-5.322837
1.168000,-0.011832,-0.153276,-4.872576
1.169000,-0.010910,-0.160183,-4.418699
1.170000,-0.009725,-0.166103,-3.944101
1.171000,-0.008473,-0.168734,-3.472794
1.172000,-0.007123,-0.174983,-2.982741
1.173000,-0.006267,-0.178272,-2.494334
1.174000,-0.007156,-0.183534,-1.996389
1.175000,-0.005181,-0.183205,-1.492525
1.176000,-0.001328,-0.183863,-0.998199
1.177000,0.005653,-0.183534,-0.475919
1.178000,0.000088,-0.185179,0.039454
1.179000,0.004533,-0.183205,0.577520
1.180000,0.000450,-0.177285,1.095852
1.181000,0.004896,-0.177614,1.629641
1.182000,0.005686,-0.173996,2.142710
1.183000,0.007431,-0.169721,2.652160
1.184000,0.008748,-0.164130,3.152401
1.185000,0.009999,-0.156894,3.645407
1.186000,0.011382,-0.149001,4.139728
1.187000,0.012733,-0.141107,4.620894
1.188000,0.014148,-0.132227,5.103703
1.189000,0.016190,-0.122361,5.569740
1.190000,0.016651,-0.111178,6.027883
1.191000,0.017771,-0.099338,6.468924
1.192000,0.018989,-0.087169,6.888917
1.193000,0.019878,-0.074671,7.287531
1.194000,0.020668,-0.061844,7.653915
1.195000,0.021261,-0.048031,7.988726
1.196000,0.021854,-0.034218,8.271900
1.197000,0.022282,-0.020404,8.512319
1.198000,0.022644,-0.005275,8.713601
1.199000,0.022809,0.008538,8.882322
1.200000,0.022875,0.023009,9.019469
1.201000,0.022842,0.037481,9.110572
1.202000,0.022677,0.051294,9.152012
1.203000,0.022578,0.065436,9.150039
1.204000,0.022216,0.079908,9.098403
1.205000,0.021821,0.093392,8.992829
1.206000,0.021327,0.105232,8.870482
1.207000,0.020668,0.119046,8.697814
1.208000,0.020076,0.131544,8.487653
1.209000,0.019549,0.142726,8.240985
1.210000,0.018726,0.155224,7.964717
1.211000,0.018100,0.166406,7.656217
1.212000,0.017178,0.176931,7.329301
1.213000,0.016388,0.187455,6.965219
1.214000,0.015729,0.193375,6.587654
1.215000,0.014873,0.205215,6.188381
1.216000,0.013885,0.213438,5.774638
1.217000,0.012831,0.221002,5.340504
1.218000,0.011745,0.228567,4.892556
1.219000,0.010658,0.234815,4.439018
1.220000,0.009670,0.241393,3.963443
1.221000,0.008649,0.245669,3.494776
1.222000,0.007563,0.250273,3.003743
1.223000,0.006048,0.255207,2.518960
1.224000,0.004928,0.257180,2.020362
1.225000,0.004039,0.260469,1.519792
1.226000,0.003381,0.263758,1.018234
1.227000,0.003019,0.264416,0.514373
1.228000,-0.000175,0.260140,-0.002315
1.229000,-0.002876,0.262442,-0.524595
1.230000,-0.007716,0.252247,-1.046547
1.231000,-0.006597,0.251589,-1.581326
1.232000,-0.004456,0.249944,-2.101635
1.233000,-0.006992,0.245340,-2.621944
1.234000,-0.008539,0.240078,-3.129757
1.235000,-0.010252,0.232842,-3.632637
1.236000,-0.011602,0.225935,-4.128941
1.237000,-0.012721,0.217384,-4.614392
1.238000,-0.014038,0.207846,-5.096884
1.239000,-0.015487,0.197980,-5.562275
1.240000,-0.016706,0.187455,-6.021417
1.241000,-0.017825,0.175944,-6.459511
1.242000,-0.019043,0.164104,-6.882477
1.243000,-0.019801,0.150948,-7.279132
1.244000,-0.020558,0.138450,-7.647173
1.245000,-0.021546,0.124308,-7.982324
1.246000,-0.022172,0.110495,-8.280640
1.247000,-0.022534,0.096023,-8.540803
1.248000,-0.022731,0.081881,-8.756893
1.249000,-0.022830,0.067081,-8.931212
1.250000,-0.022929,0.052939,-9.058828
1.251000,-0.023160,0.038467,-9.141383
1.252000,-0.022929,0.024983,-9.179207
1.253000,-0.022468,0.009854,-9.171313
1.254000,-0.022073,-0.003631,-9.116715
1.255000,-0.021941,-0.017444,-9.022319
1.256000,-0.021447,-0.030271,-8.884179
1.257000,-0.020887,-0.042111,-8.711833
1.258000,-0.020097,-0.055596,-8.496072
1.259000,-0.019570,-0.067436,-8.252683
1.260000,-0.018879,-0.079934,-7.973115
1.261000,-0.018220,-0.091116,-7.666907
1.262000,-0.017397,-0.100654,-7.336689
1.263000,-0.016508,-0.111507,-6.973582
1.264000,-0.015553,-0.121374,-6.599623
1.265000,-0.014829,-0.130254,-6.198694
1.266000,-0.013709,-0.139134,-5.787241
1.267000,-0.013018,-0.146370,-5.351451
1.268000,-0.011799,-0.152947,-4.906124
1.269000,-0.010680,-0.160183,-4.448957
1.270000,-0.009758,-0.165445,-3.977978
1.271000,-0.008704,-0.170379,-3.504697
1.272000,-0.007683,-0.174654,-3.015960
1.273000,-0.006168,-0.178601,-2.533801
1.274000,-0.003139,-0.179588,-2.031251
1.275000,-0.005806,-0.186494,-1.536267
1.276000,0.000812,-0.181890,-1.029773
1.277000,0.001932,-0.187810,-0.516373
1.278000,0.000154,-0.184521,0.005907
1.279000,-0.002777,-0.185508,0.532133
1.280000,-0.000801,-0.184192,1.067238
1.281000,0.003776,-0.179588,1.597081
1.282000,0.005357,-0.174325,2.102914
1.283000,0.006871,-0.169392,2.617956
1.284000,0.008715,-0.164130,3.116552
1.285000,0.009901,-0.157881,3.613834
1.286000,0.011448,-0.150316,4.105195
1.287000,0.012700,-0.141765,4.589649
1.288000,0.013984,-0.131898,5.071143
1.289000,0.015400,-0.122361,5.537838
1.290000,0.016750,-0.111836,5.998283
1.291000,0.017869,-0.100325,6.440311
1.292000,0.018956,-0.088485,6.862277
1.293000,0.019911,-0.075658,7.261549
1.294000,0.020635,-0.062502,7.631880
1.295000,0.021426,-0.049347,7.966032
1.296000,0.021887,-0.035204,8.255785
1.297000,0.022216,-0.020733,8.496862
1.298000,0.022414,-0.006591,8.700774
1.299000,0.022776,0.007223,8.871468
1.300000,0.022940,0.022023,9.011247
1.301000,0.022907,0.036494,9.105639
1.302000,0.022677,0.050307,9.152012
1.303000,0.022479,0.064450,9.150368
1.304000,0.022216,0.078263,9.105310
1.305000,0.021920,0.093063,9.014536
1.306000,0.021426,0.105232,8.882651
1.307000,0.020866,0.118717,8.715574
1.308000,0.020174,0.130557,8.503111
1.309000,0.019812,0.142726,8.262363
1.310000,0.018890,0.154566,7.984779
1.311000,0.018232,0.166077,7.681871
1.312000,0.017277,0.176602,7.349692
1.313000,0.016519,0.187126,6.993175
1.314000,0.015630,0.196006,6.617911
1.315000,0.014675,0.205215,6.216008
1.316000,0.013786,0.213766,5.808514
1.317000,0.012864,0.221002,5.370433
1.318000,0.011382,0.228238,4.929721
1.319000,0.010790,0.234815,4.468618
1.320000,0.009637,0.240407,4.001923
1.321000,0.008748,0.245669,3.524705
1.322000,0.007760,0.249944,3.039263
1.323000,0.006377,0.253562,2.554151
1.324000,0.004830,0.256851,2.055225
1.325000,0.003447,0.260798,1.561232
1.326000,0.001306,0.257180,1.055727
1.327000,0.003941,0.259811,0.547920
1.328000,0.000088,0.260469,0.032547
1.329000,-0.004324,0.252904,-0.493679
1.330000,-0.003238,0.257509,-1.005106
1.331000,-0.007123,0.252576,-1.539885
1.332000,-0.004390,0.251589,-2.061510
1.333000,-0.007025,0.245669,-2.585437
1.334000,-0.008638,0.240078,-3.093250
1.335000,-0.010153,0.233500,-3.597775
1.336000,-0.011371,0.226264,-4.091118
1.337000,-0.012524,0.217713,-4.581173
1.338000,-0.014104,0.208504,-5.059390
1.339000,-0.015323,0.198309,-5.530042
1.340000,-0.016706,0.188442,-5.987869
1.341000,-0.017825,0.176931,-6.427608
1.342000,-0.018780,0.164762,-6.851889
1.343000,-0.019702,0.151606,-7.247886
1.344000,-0.020591,0.139108,-7.622505
1.345000,-0.021480,0.125624,-7.957986
1.346000,-0.022106,0.111481,-8.261234
1.347000,-0.022567,0.097339,-8.522713
1.348000,-0.022666,0.083525,-8.742421
1.349000,-0.022995,0.068068,-8.918714
1.350000,-0.023127,0.054583,-9.051921
1.351000,-0.023094,0.039783,-9.135791
1.352000,-0.022929,0.025312,-9.176576
1.353000,-0.022567,0.011169,-9.170655
1.354000,-0.022238,-0.002973,-9.121977
1.355000,-0.021875,-0.016786,-9.029226
1.356000,-0.021513,-0.028955,-8.895362
1.357000,-0.020855,-0.042440,-8.724331
1.358000,-0.020097,-0.055267,-8.512517
1.359000,-0.019406,-0.067765,-8.273075
1.360000,-0.018879,-0.078618,-7.993507
1.361000,-0.018517,-0.090129,-7.692561
1.362000,-0.017496,-0.100325,-7.357081
1.363000,-0.016475,-0.110520,-7.003512
1.364000,-0.015355,-0.120387,-6.625935
1.365000,-0.014894,-0.129267,-6.230926
1.366000,-0.013972,-0.137490,-5.819473
1.367000,-0.013116,-0.145712,-5.382696
1.368000,-0.011799,-0.152619,-4.946249
1.369000,-0.010581,-0.159525,-4.481847
1.370000,-0.009363,-0.165116,-4.018761
1.371000,-0.008803,-0.170708,-3.537916
1.372000,-0.008012,-0.174325,-3.054440
1.373000,-0.005872,-0.178601,-2.567677
1.374000,-0.003567,-0.179588,-2.070390
1.375000,-0.002513,-0.183205,-1.577379
1.376000,0.001043,-0.181890,-1.065951
1.377000,-0.007749,-0.191428,-0.533475
1.378000,-0.000077,-0.184850,-0.033231
1.379000,0.003117,-0.179588,0.496942
1.380000,0.006410,-0.180574,1.020207
1.381000,0.005060,-0.180574,1.555969
1.382000,0.005159,-0.174983,2.067065
1.383000,0.006674,-0.169721,2.577831
1.384000,0.008353,-0.164130,3.074455
1.385000,0.009769,-0.158210,3.575354
1.386000,0.011284,-0.150645,4.061781
1.387000,0.012403,-0.142094,4.554129
1.388000,0.013852,-0.133543,5.029045
1.389000,0.015235,-0.123347,5.501660
1.390000,0.016651,-0.113152,5.960790
1.391000,0.017672,-0.101640,6.404133
1.392000,0.018890,-0.089800,6.829388
1.393000,0.019746,-0.076973,7.227016
1.394000,0.020537,-0.063489,7.602608
1.395000,0.021327,-0.050004,7.941694
1.396000,0.021887,-0.036520,8.233749
1.397000,0.022381,-0.022378,8.477128
1.398000,0.022578,-0.007906,8.684658
1.399000,0.022809,0.006236,8.858313
1.400000,0.022809,0.020707,9.000065
1.401000,0.022809,0.035507,9.099061
1.402000,0.022875,0.049321,9.150697
1.403000,0.022578,0.063792,9.152341
1.404000,0.022512,0.077605,9.110901
1.405000,0.021821,0.091090,9.023087
1.406000,0.021393,0.104246,8.895149
1.407000,0.020998,0.117730,8.726099
1.408000,0.020339,0.130228,8.520213
1.409000,0.019615,0.142068,8.281109
1.410000,0.018857,0.153579,8.004512
1.411000,0.018133,0.164762,7.708840
1.412000,0.017244,0.175615,7.373043
1.413000,0.016783,0.185811,7.024419
1.414000,0.015663,0.195349,6.644223
1.415000,0.014774,0.203900,6.251199
1.416000,0.013885,0.212451,5.836469
1.417000,0.012831,0.220344,5.404637
1.418000,0.011909,0.228238,4.964254
1.419000,0.011020,0.234158,4.503151
1.420000,0.009901,0.239749,4.043035
1.421000,0.008847,0.245340,3.559238
1.422000,0.007233,0.249944,3.080046
1.423000,0.006311,0.253891,2.589342
1.424000,0.005554,0.256522,2.095021
1.425000,0.003908,0.260140,1.596752
1.426000,0.003348,0.256851,1.092234
1.427000,-0.002678,0.258496,0.583440
1.428000,0.000121,0.260798,0.071685
1.429000,0.002887,0.265402,-0.440070
1.430000,-0.004226,0.256522,-0.966626
1.431000,-0.001328,0.256522,-1.502720
1.432000,-0.006267,0.249616,-2.023687
1.433000,-0.007354,0.245998,-2.542681
1.434000,-0.008506,0.241393,-3.052796
1.435000,-0.009922,0.234487,-3.557649
1.436000,-0.011207,0.226593,-4.051322
1.437000,-0.012425,0.218700,-4.544666
1.438000,-0.013972,0.210149,-5.020909
1.439000,-0.015290,0.199624,-5.495179
1.440000,-0.016607,0.189428,-5.951362
1.441000,-0.017825,0.178246,-6.394389
1.442000,-0.018747,0.166077,-6.819657
1.443000,-0.019636,0.153579,-7.219600
1.444000,-0.020459,0.139766,-7.593562
1.445000,-0.021414,0.126610,-7.932989
1.446000,-0.022073,0.112797,-8.238869
1.447000,-0.022534,0.098326,-8.502650
1.448000,-0.022731,0.084512,-8.727291
1.449000,-0.022929,0.069712,-8.908189
1.450000,-0.022962,0.055570,-9.044027
1.451000,-0.023028,0.040770,-9.131187
1.452000,-0.022962,0.026627,-9.176576
1.453000,-0.022731,0.012814,-9.174602
1.454000,-0.022369,-0.001657,-9.130858
1.455000,-0.021678,-0.015142,-9.037778
1.456000,-0.021447,-0.028298,-8.909505
1.457000,-0.020920,-0.041453,-8.737816
1.458000,-0.020361,-0.053622,-8.532251
1.459000,-0.019669,-0.066120,-8.291494
1.460000,-0.019076,-0.077631,-8.015544
1.461000,-0.018121,-0.088814,-7.718545
1.462000,-0.017430,-0.099667,-7.384051
1.463000,-0.016574,-0.110192,-7.036731
1.464000,-0.015849,-0.119729,-6.654220
1.465000,-0.014565,-0.128281,-6.264145
1.466000,-0.013874,-0.136174,-5.848416
1.467000,-0.012985,-0.145054,-5.419533
1.468000,-0.011832,-0.152290,-4.977494
1.469000,-0.011141,-0.158539,-4.518354
1.470000,-0.010054,-0.164459,-4.056255
1.471000,-0.008902,-0.169392,-3.573436
1.472000,-0.007420,-0.174654,-3.094565
1.473000,-0.006597,-0.178601,-2.603197
1.474000,-0.006234,-0.181561,-2.109199
1.475000,-0.001789,-0.181232,-1.611913
1.476000,0.001800,-0.180903,-1.105089
1.477000,-0.006761,-0.186165,-0.599253
1.478000,-0.000472,-0.185179,-0.073685
1.479000,-0.001130,-0.188139,0.443990
1.480000,0.006377,-0.179588,0.980082
1.481000,0.005291,-0.180903,1.509267
1.482000,0.005752,-0.175970,2.029900
1.483000,0.007233,-0.171036,2.535733
1.484000,0.008353,-0.165116,3.040250
1.485000,0.009637,-0.158539,3.538847
1.486000,0.010954,-0.150974,4.029550
1.487000,0.012568,-0.142752,4.516307
1.488000,0.013885,-0.133872,4.992539
1.489000,0.015136,-0.124663,5.468113
1.490000,0.014972,-0.113480,5.924941
1.491000,0.017441,-0.102298,6.371244
1.492000,0.018726,-0.090458,6.795841
1.493000,0.019713,-0.077960,7.200704
1.494000,0.020537,-0.065133,7.574981
1.495000,0.021162,-0.051320,7.918672
1.496000,0.021854,-0.036849,8.212371
1.497000,0.022348,-0.023693,8.460684
1.498000,0.022578,-0.009222,8.671503
1.499000,0.022677,0.005249,8.846144
1.500000,0.022875,0.019392,8.991514
1.501000,0.022940,0.034850,9.095114
1.502000,0.022776,0.048992,9.148066
1.503000,0.022545,0.062476,9.152341
1.504000,0.022084,0.076619,9.116163
1.505000,0.021788,0.090103,9.028678
1.506000,0.021459,0.103259,8.908304
1.507000,0.020998,0.116743,8.737281
1.508000,0.020471,0.128584,8.538302
1.509000,0.019648,0.141081,8.297225
1.510000,0.018824,0.152922,8.027206
1.511000,0.018265,0.164104,7.728902
1.512000,0.017507,0.174957,7.397710
1.513000,0.016651,0.185482,7.051388
1.514000,0.015663,0.194691,6.670205
1.515000,0.014840,0.203571,6.278168
1.516000,0.013753,0.212780,5.865083
1.517000,0.012996,0.220015,5.438842
1.518000,0.012107,0.227580,4.992868
1.519000,0.011086,0.233500,4.537684
1.520000,0.009901,0.239749,4.071977
1.521000,0.008913,0.244682,3.593771
1.522000,0.007530,0.249944,3.116881
1.523000,0.006641,0.253233,2.621244
1.524000,0.005752,0.257180,2.136132
1.525000,0.004797,0.258824,1.629970
1.526000,0.001043,0.261785,1.130385
1.527000,0.004764,0.264416,0.623894
1.528000,0.000483,0.261127,0.109508
1.529000,0.004961,0.257180,-0.412772
1.530000,0.002525,0.262442,-0.935710
1.531000,-0.002382,0.256193,-1.464240
1.532000,-0.007123,0.249616,-1.988824
1.533000,-0.007749,0.245669,-2.504200
1.534000,-0.008078,0.240735,-3.019249
1.535000,-0.009494,0.234487,-3.519826
1.536000,-0.011108,0.227580,-4.019090
1.537000,-0.012589,0.218700,-4.508487
1.538000,-0.013808,0.209820,-4.988677
1.539000,-0.015191,0.200611,-5.461961
1.540000,-0.016245,0.189757,-5.918143
1.541000,-0.017726,0.178246,-6.365117
1.542000,-0.018879,0.166735,-6.789069
1.543000,-0.019735,0.154237,-7.193288
1.544000,-0.020426,0.140753,-7.567907
1.545000,-0.021184,0.127597,-7.910953
1.546000,-0.021941,0.113455,-8.218806
1.547000,-0.022501,0.098983,-8.487520
1.548000,-0.022830,0.084841,-8.711833
1.549000,-0.022929,0.070370,-8.896677
1.550000,-0.023028,0.056556,-9.034489
1.551000,-0.022830,0.041756,-9.127240
1.552000,-0.022995,0.027285,-9.173616
1.553000,-0.022797,0.013472,-9.175589
1.554000,-0.022336,-0.000342,-9.134147
1.555000,-0.021777,-0.014813,-9.045342
1.556000,-0.021316,-0.027311,-8.920030
1.557000,-0.021019,-0.041124,-8.750644
1.558000,-0.020361,-0.050004,-8.547710
1.559000,-0.019867,-0.065791,-8.305636
1.560000,-0.019043,-0.077631,-8.038238
1.561000,-0.018253,-0.088485,-7.736305
1.562000,-0.017364,-0.099009,-7.408390
1.563000,-0.016870,-0.109534,-7.057452
1.564000,-0.016113,-0.118743,-6.680203
1.565000,-0.014927,-0.128281,-6.294404
1.566000,-0.013940,-0.136503,-5.876702
1.567000,-0.012952,-0.144725,-5.454396
1.568000,-0.012063,-0.152290,-5.003806
1.569000,-0.011272,-0.158539,-4.551573
1.570000,-0.010120,-0.164459,-4.083553
1.571000,-0.008902,-0.169392,-3.607970
1.572000,-0.007683,-0.173668,-3.126797
1.573000,-0.006465,-0.178272,-2.634771
1.574000,-0.006300,-0.182548,-2.148337
1.575000,-0.007387,-0.185508,-1.639540
1.576000,-0.004193,-0.186494,-1.146859
1.577000,-0.008177,-0.190112,-0.634774
1.578000,-0.000143,-0.184850,-0.106574
1.579000,-0.003402,-0.182219,0.420968
1.580000,0.002920,-0.178930,0.948838
1.581000,0.005225,-0.179917,1.476378
1.582000,0.005324,-0.175641,1.996682
1.583000,0.006772,-0.170708,2.500213
1.584000,0.008551,-0.165774,3.006703
1.585000,0.009736,-0.158867,3.501353
1.586000,0.010987,-0.151961,3.997648
1.587000,0.012337,-0.143738,4.482760
1.588000,0.013786,-0.134529,4.963596
1.589000,0.015136,-0.124992,5.436540
1.590000,0.016355,-0.114467,5.895341
1.591000,0.017408,-0.103614,6.342960
1.592000,0.018495,-0.091116,6.774134
1.593000,0.019549,-0.079276,7.174722
1.594000,0.020438,-0.065462,7.549328
1.595000,0.021360,-0.052636,7.896307
1.596000,0.021689,-0.038822,8.193295
1.597000,0.022183,-0.023693,8.443910
1.598000,0.022578,-0.010209,8.656374
1.599000,0.022677,0.004592,8.835290
1.600000,0.022907,0.018405,8.982305
1.601000,0.022809,0.033205,9.089523
1.602000,0.022776,0.047347,9.145435
1.603000,0.022578,0.061161,9.154315
1.604000,0.022282,0.075961,9.118794
1.605000,0.021953,0.089446,9.037887
1.606000,0.021492,0.102272,8.916526
1.607000,0.020932,0.115099,8.750436
1.608000,0.020273,0.127597,8.555075
1.609000,0.019680,0.140424,8.314327
1.610000,0.018956,0.151935,8.052201
1.611000,0.018265,0.163117,7.747320
1.612000,0.017507,0.173971,7.421719
1.613000,0.016684,0.184495,7.072766
1.614000,0.015729,0.194033,6.697832
1.615000,0.014840,0.202584,6.310071
1.616000,0.013918,0.211464,5.893367
1.617000,0.013161,0.219686,5.472717
1.618000,0.012206,0.226922,5.024112
1.619000,0.012206,0.233171,4.573862
1.620000,0.009967,0.239091,4.102564
1.621000,0.008847,0.244353,3.629949
1.622000,0.007793,0.249287,3.147139
1.623000,0.006410,0.253233,2.657751
1.624000,0.005686,0.256193,2.166719
1.625000,0.005093,0.258496,1.664503
1.626000,0.004500,0.257509,1.169523
1.627000,0.004039,0.261785,0.662374
1.628000,0.000220,0.260140,0.151606
1.629000,0.004665,0.258824,-0.377580
1.630000,-0.007387,0.253233,-0.900518
1.631000,-0.003468,0.253562,-1.432666
1.632000,-0.005872,0.249616,-1.952646
1.633000,-0.006959,0.246656,-2.469009
1.634000,-0.008441,0.241393,-2.983070
1.635000,-0.009725,0.234815,-3.488252
1.636000,-0.011009,0.227251,-3.986200
1.637000,-0.012458,0.219358,-4.473295
1.638000,-0.013742,0.210477,-4.957760
1.639000,-0.015059,0.200940,-5.428084
1.640000,-0.016541,0.190744,-5.888213
1.641000,-0.017628,0.179562,-6.334529
1.642000,-0.018615,0.167393,-6.760126
1.643000,-0.019537,0.154895,-7.166318
1.644000,-0.020394,0.142068,-7.542253
1.645000,-0.021348,0.128255,-7.887929
1.646000,-0.021908,0.114441,-8.197427
1.647000,-0.022369,0.100299,-8.469102
1.648000,-0.022666,0.085828,-8.697032
1.649000,-0.022863,0.071357,-8.885823
1.650000,-0.022995,0.056885,-9.025608
1.651000,-0.023028,0.043401,-9.122635
1.652000,-0.023028,0.028601,-9.169998
1.653000,-0.022040,0.014129,-9.177891
1.654000,-0.022369,0.000316,-9.135462
1.655000,-0.021809,-0.013826,-9.052578
1.656000,-0.021612,-0.026324,-8.927265
1.657000,-0.021151,-0.039809,-8.762484
1.658000,-0.020558,-0.051978,-8.562181
1.659000,-0.019702,-0.064476,-8.323726
1.660000,-0.019076,-0.075658,-8.060932
1.661000,-0.018253,-0.087169,-7.756368
1.662000,-0.017562,-0.098351,-7.435031
1.663000,-0.016738,-0.108876,-7.079489
1.664000,-0.015981,-0.118414,-6.708817
1.665000,-0.014894,-0.127294,-6.318413
1.666000,-0.014038,-0.136503,-5.904658
1.667000,-0.012985,-0.144067,-5.481366
1.668000,-0.012161,-0.150645,-5.034394
1.669000,-0.011338,-0.157881,-4.584462
1.670000,-0.010219,-0.163472,-4.114798
1.671000,-0.008177,-0.169063,-3.644478
1.672000,-0.007716,-0.173996,-3.158371
1.673000,-0.006761,-0.177285,-2.671278
1.674000,-0.005312,-0.179917,-2.175636
1.675000,-0.003304,-0.183205,-1.678678
1.676000,0.000681,-0.181890,-1.179090
1.677000,0.004994,-0.180245,-0.653849
1.678000,-0.000768,-0.185179,-0.154921
1.679000,0.004863,-0.186823,0.377225
1.680000,-0.002019,-0.183534,0.914633
1.681000,0.005093,-0.181232,1.443818
1.682000,0.005455,-0.175641,1.959518
1.683000,0.006871,-0.171694,2.468640
1.684000,0.008320,-0.166103,2.973814
1.685000,0.009407,-0.159854,3.468136
1.686000,0.010987,-0.152619,3.966074
1.687000,0.012239,-0.145054,4.448227
1.688000,0.013687,-0.135187,4.932681
1.689000,0.015103,-0.125978,5.403651
1.690000,0.016355,-0.115454,5.866398
1.691000,0.017375,-0.104271,6.312044
1.692000,0.018495,-0.092102,6.742561
1.693000,0.019549,-0.079276,7.148740
1.694000,0.020372,-0.066778,7.526306
1.695000,0.021162,-0.053293,7.873943
1.696000,0.021656,-0.039809,8.174878
1.697000,0.022183,-0.024680,8.430097
1.698000,0.022414,-0.011524,8.644862
1.699000,0.022809,0.003605,8.824766
1.700000,0.022973,0.018076,8.972438
1.701000,0.022973,0.032547,9.084919
1.702000,0.022710,0.046032,9.143132
1.703000,0.022545,0.060503,9.156617
1.704000,0.022446,0.074974,9.121426
1.705000,0.022051,0.088459,9.046438
1.706000,0.021393,0.100957,8.925406
1.707000,0.020899,0.114112,8.765237
1.708000,0.020372,0.127597,8.568231
1.709000,0.019746,0.139437,8.332745
1.710000,0.019022,0.151277,8.070290
1.711000,0.018495,0.163117,7.770342
1.712000,0.017474,0.173642,7.451319
1.713000,0.016717,0.183837,7.096446
1.714000,0.015795,0.193046,6.728418
1.715000,0.014939,0.202584,6.335066
1.716000,0.013951,0.211464,5.926256
1.717000,0.013029,0.219029,5.498371
1.718000,0.012107,0.226264,5.055028
1.719000,0.011218,0.232842,4.605765
1.720000,0.010032,0.238433,4.135781
1.721000,0.008913,0.244024,3.657905
1.722000,0.007826,0.249287,3.178713
1.723000,0.006509,0.252904,2.693600
1.724000,0.005982,0.255207,2.198292
1.725000,0.003447,0.257509,1.703641
1.726000,0.005719,0.259811,1.199123
1.727000,0.004830,0.263758,0.696250
1.728000,0.000648,0.260798,0.184495
1.729000,0.004336,0.255864,-0.341402
1.730000,0.003019,0.262442,-0.858091
1.731000,-0.006728,0.253233,-1.388266
1.732000,-0.003732,0.253562,-1.913508
1.733000,-0.006465,0.247313,-2.435462
1.734000,-0.008078,0.242380,-2.946234
1.735000,-0.009395,0.235802,-3.449772
1.736000,-0.010581,0.228567,-3.950351
1.737000,-0.012359,0.220015,-4.438103
1.738000,-0.013874,0.211464,-4.923555
1.739000,-0.014565,0.201597,-5.392563
1.740000,-0.016442,0.191402,-5.857297
1.741000,-0.017463,0.180548,-6.303613
1.742000,-0.018451,0.168379,-6.732169
1.743000,-0.019537,0.155224,-7.138362
1.744000,-0.020525,0.142397,-7.516599
1.745000,-0.021348,0.128912,-7.864248
1.746000,-0.021875,0.115757,-8.178680
1.747000,-0.022139,0.101615,-8.451341
1.748000,-0.022501,0.087143,-8.683547
1.749000,-0.022896,0.072343,-8.873325
1.750000,-0.023061,0.058530,-9.018701
1.751000,-0.023160,0.044059,-9.118359
1.752000,-0.022962,0.029916,-9.170984
1.753000,-0.022534,0.015116,-9.180523
1.754000,-0.022369,0.000974,-9.140725
1.755000,-0.022040,-0.012840,-9.064419
1.756000,-0.021777,-0.025666,-8.938119
1.757000,-0.020953,-0.039151,-8.779587
1.758000,-0.020426,-0.051320,-8.578298
1.759000,-0.019768,-0.063489,-8.344118
1.760000,-0.018879,-0.075658,-8.078693
1.761000,-0.018385,-0.086840,-7.781036
1.762000,-0.017693,-0.097365,-7.461014
1.763000,-0.016936,-0.108218,-7.106787
1.764000,-0.016080,-0.117756,-6.722302
1.765000,-0.014993,-0.126636,-6.347356
1.766000,-0.014302,-0.135516,-5.942152
1.767000,-0.013116,-0.143410,-5.511624
1.768000,-0.012326,-0.150645,-5.070901
1.769000,-0.011338,-0.157552,-4.618997
1.770000,-0.010252,-0.163801,-4.150648
1.771000,-0.008902,-0.169063,-3.681643
1.772000,-0.007650,-0.173996,-3.193563
1.773000,-0.006564,-0.176956,-2.708115
1.774000,-0.005444,-0.179588,-2.213787
1.775000,-0.002678,-0.181561,-1.721105
1.776000,0.001372,-0.180574,-1.213295
1.777000,0.000417,-0.181890,-0.701539
1.778000,0.001570,-0.183863,-0.185179
1.779000,-0.000077,-0.184850,0.345981
1.780000,0.003117,-0.184521,0.862010
1.781000,0.004896,-0.177943,1.400404
1.782000,0.005225,-0.175312,1.916104
1.783000,0.006608,-0.171694,2.430159
1.784000,0.008155,-0.166432,2.931716
1.785000,0.009571,-0.160512,3.430313
1.786000,0.010856,-0.152619,3.925621
1.787000,0.012074,-0.145054,4.411391
1.788000,0.013490,-0.136174,4.895187
1.789000,0.014972,-0.126965,5.364184
1.790000,0.016190,-0.116440,5.829892
1.791000,0.017540,-0.104929,6.277182
1.792000,0.018396,-0.093089,6.709343
1.793000,0.019483,-0.081249,7.117495
1.794000,0.020405,-0.067436,7.497692
1.795000,0.021129,-0.054280,7.846645
1.796000,0.021854,-0.040467,8.153500
1.797000,0.022183,-0.026982,8.411021
1.798000,0.022348,-0.012511,8.628089
1.799000,0.022710,0.002289,8.810952
1.800000,0.022842,0.016761,8.962900
1.801000,0.022907,0.031232,9.076368
1.802000,0.022776,0.045374,9.139844
1.803000,0.022512,0.059516,9.155301
1.804000,0.022282,0.073659,9.126688
1.805000,0.022018,0.086814,9.054003
1.806000,0.021524,0.100299,8.934287
1.807000,0.021096,0.113783,8.763592
1.808000,0.020306,0.126281,8.581058
1.809000,0.019779,0.138779,8.353794
1.810000,0.019121,0.149962,8.089037
1.811000,0.018297,0.161473,7.794680
1.812000,0.017573,0.172326,7.472368
1.813000,0.016783,0.182851,7.124731
1.814000,0.015927,0.192717,6.758676
1.815000,0.015136,0.201597,6.364995
1.816000,0.014050,0.210149,5.959474
1.817000,0.013095,0.218700,5.529286
1.818000,0.012337,0.225935,5.092850
1.819000,0.011350,0.232842,4.637338
1.820000,0.010131,0.238433,4.173275
1.821000,0.009045,0.244024,3.700661
1.822000,0.007892,0.248300,3.216535
1.823000,0.006805,0.252247,2.734054
1.824000,0.006015,0.255536,2.237759
1.825000,0.004467,0.258824,1.747055
1.826000,0.001866,0.256851,1.241221
1.827000,0.004830,0.263429,0.738348
1.828000,-0.000110,0.261456,0.222975
1.829000,-0.003139,0.262113,-0.301606
1.830000,-0.005938,0.254220,-0.814349
1.831000,-0.001789,0.258167,-1.347154
1.832000,-0.003633,0.252904,-1.872067
1.833000,-0.006629,0.247313,-2.394021
1.834000,-0.007189,0.241722,-2.903149
1.835000,-0.009297,0.236131,-3.412607
1.836000,-0.010581,0.228895,-3.909567
1.837000,-0.012260,0.221331,-4.400280
1.838000,-0.013742,0.211793,-4.883430
1.839000,-0.015059,0.202584,-5.356055
1.840000,-0.016310,0.191731,-5.821447
1.841000,-0.017298,0.180877,-6.267105
1.842000,-0.018319,0.169037,-6.699279
1.843000,-0.019439,0.156539,-7.105472
1.844000,-0.020492,0.143713,-7.486997
1.845000,-0.021184,0.130228,-7.837607
1.846000,-0.021645,0.116415,-8.154999
1.847000,-0.022139,0.102272,-8.431935
1.848000,-0.022666,0.088130,-8.666115
1.849000,-0.022995,0.073659,-8.859511
1.850000,-0.023160,0.059845,-9.009821
1.851000,-0.022995,0.045045,-9.110795
1.852000,-0.023028,0.029916,-9.168024
1.853000,-0.022896,0.016761,-9.178549
1.854000,-0.022534,0.002289,-9.146645
1.855000,-0.022172,-0.011195,-9.070010
1.856000,-0.021645,-0.024351,-8.949960
1.857000,-0.021085,-0.037507,-8.792743
1.858000,-0.020492,-0.050662,-8.594085
1.859000,-0.019867,-0.062502,-8.360234
1.860000,-0.019373,-0.074671,-8.098756
1.861000,-0.018846,-0.086182,-7.808006
1.862000,-0.017529,-0.096378,-7.483380
1.863000,-0.016837,-0.107889,-7.137375
1.864000,-0.016047,-0.117098,-6.769006
1.865000,-0.015257,-0.125649,-6.377944
1.866000,-0.014335,-0.134529,-5.975042
1.867000,-0.013347,-0.142752,-5.543856
1.868000,-0.012096,-0.148343,-5.109711
1.869000,-0.011305,-0.157223,-4.652215
1.870000,-0.010383,-0.163472,-4.190445
1.871000,-0.009363,-0.168405,-3.715190
1.872000,-0.008210,-0.173010,-3.233359
1.873000,-0.006860,-0.176628,-2.749555
1.874000,-0.004423,-0.179588,-2.253254
1.875000,-0.007156,-0.185508,-1.758599
1.876000,-0.004094,-0.186165,-1.253749
1.877000,0.003578,-0.181232,-0.745939
1.878000,0.001767,-0.184850,-0.228921
1.879000,0.004467,-0.187152,0.303225
1.880000,-0.001822,-0.186165,0.831424
1.881000,0.003842,-0.182877,1.364226
1.882000,0.004928,-0.176956,1.878940
1.883000,0.006114,-0.171694,2.392337
1.884000,0.007826,-0.167090,2.889947
1.885000,0.009407,-0.161170,3.395122
1.886000,0.011053,-0.153934,3.883852
1.887000,0.012074,-0.145712,4.375542
1.888000,0.013391,-0.137490,4.856378
1.889000,0.014741,-0.126965,5.330637
1.890000,0.016058,-0.117427,5.795687
1.891000,0.017211,-0.106245,6.243306
1.892000,0.018363,-0.094405,6.676783
1.893000,0.019384,-0.081907,7.087566
1.894000,0.020372,-0.068751,7.469737
1.895000,0.021096,-0.054938,7.822307
1.896000,0.021656,-0.041453,8.132122
1.897000,0.022183,-0.027640,8.391617
1.898000,0.022315,-0.013497,8.613947
1.899000,0.022611,0.000316,8.798126
1.900000,0.022809,0.015445,8.953362
1.901000,0.022940,0.029916,9.069461
1.902000,0.022809,0.044716,9.137212
1.903000,0.022677,0.058201,9.157275
1.904000,0.022446,0.072014,9.131950
1.905000,0.021788,0.085499,9.059923
1.906000,0.021590,0.099641,8.945798
1.907000,0.021096,0.112797,8.792206
1.908000,0.020570,0.124637,8.597831
1.909000,0.019779,0.137135,8.373199
1.910000,0.019154,0.148975,8.107784
1.911000,0.018462,0.161144,7.821978
1.912000,0.017705,0.171997,7.496048
1.913000,0.016882,0.182193,7.154002
1.914000,0.016091,0.191402,6.784330
1.915000,0.015103,0.200282,6.396240
1.916000,0.014247,0.209820,5.992034
1.917000,0.013194,0.217713,5.562175
1.918000,0.012239,0.224949,5.128370
1.919000,0.011284,0.231855,4.669240
1.920000,0.009538,0.238104,4.211755
1.921000,0.009308,0.242709,3.732892
1.922000,0.008024,0.248300,3.255015
1.923000,0.006707,0.252576,2.767600
1.924000,0.005916,0.255207,2.274594
1.925000,0.004797,0.257838,1.779286
1.926000,0.004237,0.262113,1.270493
1.927000,0.005422,0.262771,0.771566
1.928000,0.003974,0.258824,0.260140
1.929000,0.000318,0.261456,-0.257535
1.930000,-0.007288,0.252576,-0.783762
1.931000,-0.004127,0.253562,-1.313936
1.932000,-0.006959,0.250273,-1.834244
1.933000,-0.007025,0.247642,-2.355869
1.934000,-0.007650,0.242709,-2.867628
1.935000,-0.009066,0.236789,-3.377744
1.936000,-0.010680,0.229224,-3.892465
1.937000,-0.012227,0.221331,-4.366404
1.938000,-0.013643,0.212122,-4.847909
1.939000,-0.014763,0.203242,-5.325139
1.940000,-0.015981,0.193375,-5.788557
1.941000,-0.017167,0.181535,-6.237175
1.942000,-0.018451,0.169695,-6.668034
1.943000,-0.019570,0.157526,-7.077844
1.944000,-0.020394,0.144699,-7.462659
1.945000,-0.020920,0.130886,-7.813926
1.946000,-0.021678,0.118059,-8.133291
1.947000,-0.022270,0.103259,-8.412201
1.948000,-0.022797,0.089117,-8.651314
1.949000,-0.022929,0.074645,-8.847342
1.950000,-0.022896,0.060174,-8.999953
1.951000,-0.022863,0.045703,-9.104874
1.952000,-0.022896,0.031561,-9.165722
1.953000,-0.022896,0.017089,-9.178549
1.954000,-0.022468,0.002618,-9.151908
1.955000,-0.022106,-0.009880,-9.074286
1.956000,-0.021546,-0.023693,-8.959169
1.957000,-0.021019,-0.037178,-8.804255
1.958000,-0.020558,-0.050004,-8.608886
1.959000,-0.020031,-0.061516,-8.382600
1.960000,-0.019307,-0.073356,-8.117504
1.961000,-0.018385,-0.085196,-7.829714
1.962000,-0.017660,-0.096378,-7.504758
1.963000,-0.018286,-0.106903,-7.165661
1.964000,-0.016179,-0.116112,-6.792358
1.965000,-0.015388,-0.125649,-6.407874
1.966000,-0.014335,-0.133872,-6.000039
1.967000,-0.013347,-0.141765,-5.574773
1.968000,-0.012359,-0.149658,-5.140627
1.969000,-0.011305,-0.156236,-4.682145
1.970000,-0.010482,-0.162814,-4.226623
1.971000,-0.009231,-0.167419,-3.746764
1.972000,-0.008506,-0.172681,-3.270524
1.973000,-0.006695,-0.176956,-2.779156
1.974000,-0.007058,-0.180903,-2.287130
1.975000,-0.002118,-0.180574,-1.791488
1.976000,0.000977,-0.180574,-1.285322
1.977000,-0.003995,-0.185508,-0.787708
1.978000,-0.004720,-0.182219,-0.265757
1.979000,-0.000373,-0.185837,0.295003
1.980000,0.004204,-0.181890,0.787352
1.981000,0.002558,-0.179259,1.321471
1.982000,0.005093,-0.176956,1.845064
1.983000,0.006542,-0.172352,2.355501
1.984000,0.007859,-0.167419,2.858703
1.985000,0.009176,-0.161170,3.361246
1.986000,0.010625,-0.154592,3.850963
1.987000,0.012041,-0.146370,4.343311
1.988000,0.013292,-0.138147,4.822832
1.989000,0.014774,-0.127952,5.298735
1.990000,0.015960,-0.117756,5.762140
1.991000,0.017211,-0.106574,6.215021
1.992000,0.018232,-0.095720,6.647512
1.993000,0.019351,-0.082565,7.058624
1.994000,0.020306,-0.069738,7.443425
1.995000,0.021063,-0.056253,7.797311
1.996000,0.021656,-0.042769,8.112060
1.997000,0.022018,-0.028626,8.376816
1.998000,0.022512,-0.014484,8.599147
1.999000,0.022710,-0.000342,8.785957
2.000000,0.022940,0.014129,8.941522
2.001000,0.022973,0.028601,9.063870
2.002000,0.022842,0.043401,9.135239
2.003000,0.022677,0.057543,9.155959
2.004000,0.022381,0.071357,9.136555
2.005000,0.022183,0.085499,9.064856
2.006000,0.021492,0.098326,8.956651
2.007000,0.021195,0.110823,8.802401
2.008000,0.020504,0.123979,8.613618
2.009000,0.019779,0.136148,8.387999
2.010000,0.019219,0.148646,8.128504
2.011000,0.018561,0.159828,7.841383
2.012000,0.017771,0.171011,7.519399
2.013000,0.016947,0.180877,7.182287
2.014000,0.016223,0.190744,6.809325
2.015000,0.015005,0.199953,6.426826
2.016000,0.014412,0.209162,6.017030
2.017000,0.013457,0.217384,5.594078
2.018000,0.012403,0.224291,5.156655
2.019000,0.011317,0.231198,4.701800
2.020000,0.010263,0.237447,4.243657
2.021000,0.009143,0.243038,3.767754
2.022000,0.008057,0.247971,3.279682
2.023000,0.007102,0.251260,2.799503
2.024000,0.006147,0.255207,2.312417
2.025000,0.004204,0.257509,1.812175
2.026000,0.004171,0.256851,1.312262
2.027000,-0.001591,0.258496,0.811690
2.028000,0.002130,0.259482,0.294016
2.029000,-0.000538,0.260798,-0.218068
2.030000,-0.004720,0.255536,-0.741992
2.031000,-0.003238,0.257509,-1.264273
2.032000,-0.004851,0.251918,-1.800697
2.033000,-0.007189,0.247642,-2.318704
2.034000,-0.007848,0.242709,-2.832765
2.035000,-0.009264,0.236460,-3.339592
2.036000,-0.010778,0.230211,-3.837539
2.037000,-0.012129,0.222318,-4.331870
2.038000,-0.013215,0.213438,-4.813703
2.039000,-0.014730,0.204229,-5.292249
2.040000,-0.015751,0.193704,-5.754680
2.041000,-0.017232,0.182522,-6.205930
2.042000,-0.018352,0.170353,-6.638433
2.043000,-0.019406,0.158513,-7.049559
2.044000,-0.020196,0.146015,-7.435360
2.045000,-0.020986,0.132201,-7.791232
2.046000,-0.021645,0.118388,-8.109939
2.047000,-0.022336,0.104246,-8.394111
2.048000,-0.022764,0.090432,-8.635198
2.049000,-0.022995,0.075961,-8.836488
2.050000,-0.022797,0.061490,-8.990086
2.051000,-0.022830,0.046690,-9.098954
2.052000,-0.022896,0.032547,-9.162104
2.053000,-0.022797,0.017747,-9.180194
2.054000,-0.022435,0.004920,-9.154868
2.055000,-0.022172,-0.009222,-9.080206
2.056000,-0.021579,-0.022706,-8.970681
2.057000,-0.021250,-0.036520,-8.814122
2.058000,-0.020163,-0.048360,-8.627304
2.059000,-0.020031,-0.060858,-8.397400
2.060000,-0.019307,-0.073356,-8.139211
2.061000,-0.018451,-0.084209,-7.848461
2.062000,-0.017660,-0.095720,-7.530413
2.063000,-0.016936,-0.105587,-7.189013
2.064000,-0.016310,-0.115454,-6.817684
2.065000,-0.015553,-0.124992,-6.434515
2.066000,-0.014368,-0.133872,-6.026679
2.067000,-0.012919,-0.141436,-5.608978
2.068000,-0.012260,-0.149658,-5.167926
2.069000,-0.011503,-0.156236,-4.716021
2.070000,-0.010581,-0.162485,-4.255566
2.071000,-0.009395,-0.167419,-3.781298
2.072000,-0.008078,-0.172681,-3.305387
2.073000,-0.006629,-0.176628,-2.812703
2.074000,-0.005806,-0.182548,-2.325940
2.075000,-0.007255,-0.184192,-1.820760
2.076000,-0.006926,-0.188139,-1.325447
2.077000,0.002162,-0.180903,-0.813033
2.078000,0.003710,-0.190112,-0.293384
2.079000,0.000845,-0.184521,0.225278
2.080000,0.000878,-0.182548,0.760712
2.081000,0.001339,-0.178930,1.282662
2.082000,0.004665,-0.177614,1.810202
2.083000,0.006114,-0.172352,2.317021
2.084000,0.007760,-0.167748,2.824498
2.085000,0.009341,-0.162156,3.322437
2.086000,0.010428,-0.154592,3.818074
2.087000,0.011811,-0.146698,4.307791
2.088000,0.013095,-0.137818,4.789285
2.089000,0.014609,-0.128281,5.265517
2.090000,0.015828,-0.119072,5.728265
2.091000,0.017046,-0.107560,6.182132
2.092000,0.018034,-0.095720,6.615280
2.093000,0.018956,-0.083880,7.030011
2.094000,0.020174,-0.070396,7.416785
2.095000,0.020998,-0.056911,7.774289
2.096000,0.021557,-0.043427,8.092984
2.097000,0.022051,-0.029613,8.359056
2.098000,0.022479,-0.015142,8.584347
2.099000,0.022611,-0.000671,8.774117
2.100000,0.022907,0.013801,8.932313
2.101000,0.022940,0.027943,9.058607
2.102000,0.022743,0.041427,9.131292
2.103000,0.022644,0.056556,9.157275
2.104000,0.022446,0.070699,9.137541
2.105000,0.022117,0.084183,9.072092
2.106000,0.021590,0.097997,8.965202
2.107000,0.021096,0.110495,8.814570
2.108000,0.020504,0.123321,8.629405
2.109000,0.019944,0.135819,8.403457
2.110000,0.019187,0.147988,8.152184
2.111000,0.018594,0.159170,7.860787
2.112000,0.017869,0.169366,7.544066
2.113000,0.016914,0.180548,7.205309
2.114000,0.016091,0.190415,6.836623
2.115000,0.015466,0.199953,6.456427
2.116000,0.014379,0.208175,6.045643
2.117000,0.013457,0.217055,5.630256
2.118000,0.012502,0.223962,5.185597
2.119000,0.011284,0.231527,4.738636
2.120000,0.010263,0.237118,4.274902
2.121000,0.009407,0.242709,3.802287
2.122000,0.008287,0.247313,3.324411
2.123000,0.007102,0.251589,2.834365
2.124000,0.005554,0.255207,2.351226
2.125000,0.004665,0.257838,1.847695
2.126000,0.001438,0.260798,1.352386
2.127000,0.006509,0.263758,0.839646
2.128000,-0.003172,0.263758,0.333812
2.129000,-0.000735,0.260469,-0.182219
2.130000,0.002261,0.263429,-0.703841
2.131000,-0.003468,0.256522,-1.229082
2.132000,-0.002184,0.255207,-1.763532
2.133000,-0.005839,0.248629,-2.279237
2.134000,-0.008111,0.243038,-2.796258
2.135000,-0.008045,0.238104,-3.301111
2.136000,-0.010416,0.230540,-3.803992
2.137000,-0.011898,0.221989,-4.295033
2.138000,-0.013314,0.213766,-4.779827
2.139000,-0.014763,0.204557,-5.257715
2.140000,-0.015981,0.194362,-5.721790
2.141000,-0.017199,0.183180,-6.173369
2.142000,-0.018220,0.171668,-6.606529
2.143000,-0.019307,0.158842,-7.020615
2.144000,-0.020394,0.146673,-7.406745
2.145000,-0.021118,0.133188,-7.765249
2.146000,-0.021678,0.119375,-8.088560
2.147000,-0.022172,0.105561,-8.374048
2.148000,-0.022534,0.091090,-8.618753
2.149000,-0.022896,0.076948,-8.823660
2.150000,-0.023160,0.062476,-8.979890
2.151000,-0.023061,0.047347,-9.088429
2.152000,-0.022863,0.033863,-9.158486
2.153000,-0.022534,0.019392,-9.181838
2.154000,-0.022534,0.005578,-9.157170
2.155000,-0.022336,-0.008564,-9.088758
2.156000,-0.021777,-0.022049,-8.978246
2.157000,-0.021217,-0.034875,-8.826949
2.158000,-0.020591,-0.047702,-8.643421
2.159000,-0.020163,-0.060200,-8.415490
2.160000,-0.019472,-0.072369,-8.163879
2.161000,-0.018780,-0.083880,-7.870169
2.162000,-0.017825,-0.095063,-7.556725
2.163000,-0.016969,-0.104929,-7.214009
2.164000,-0.016310,-0.115125,-6.848929
2.165000,-0.015553,-0.124334,-6.465102
2.166000,-0.014532,-0.132885,-6.059240
2.167000,-0.013479,-0.141436,-5.643184
2.168000,-0.012392,-0.149001,-5.200487
2.169000,-0.011569,-0.155579,-4.755160
2.170000,-0.010614,-0.161827,-4.288127
2.171000,-0.009593,-0.167419,-3.820108
2.172000,-0.008375,-0.172681,-3.337947
2.173000,-0.006761,-0.175970,-2.851841
2.174000,-0.005707,-0.180245,-2.362447
2.175000,-0.005378,-0.184521,-1.862529
2.176000,-0.007617,-0.187152,-1.361297
2.177000,-0.006564,-0.189454,-0.849869
2.178000,0.000022,-0.182877,-0.344362
2.179000,0.000615,-0.184850,0.185811
2.180000,-0.001954,-0.186165,0.714667
2.181000,0.002854,-0.177614,1.241550
2.182000,0.004764,-0.177943,1.769090
2.183000,0.006015,-0.173010,2.278870
2.184000,0.007563,-0.168405,2.785360
2.185000,0.009012,-0.162485,3.282313
2.186000,0.010493,-0.155579,3.781238
2.187000,0.011745,-0.147027,4.267666
2.188000,0.013161,-0.139463,4.753436
2.189000,0.014511,-0.129267,5.229668
2.190000,0.015927,-0.119072,5.695376
2.191000,0.017046,-0.108547,6.147928
2.192000,0.018034,-0.097036,6.582062
2.193000,0.019154,-0.084209,6.999753
2.194000,0.019977,-0.071711,7.387514
2.195000,0.020965,-0.057898,7.747320
2.196000,0.021557,-0.044413,8.069304
2.197000,0.022051,-0.030929,8.340310
2.198000,0.022348,-0.017115,8.569546
2.199000,0.022644,-0.003302,8.761290
2.200000,0.022842,0.012814,8.920802
2.201000,0.022973,0.026298,9.048741
2.202000,0.022842,0.040770,9.127017
2.203000,0.022545,0.055241,9.159906
2.204000,0.022381,0.069054,9.139186
2.205000,0.022150,0.082868,9.078999
2.206000,0.021821,0.096681,8.973096
2.207000,0.021162,0.109837,8.830357
2.208000,0.020602,0.122006,8.646836
2.209000,0.019911,0.134504,8.423519
2.210000,0.019219,0.146673,8.174220
2.211000,0.018594,0.158184,7.884138
2.212000,0.017935,0.168379,7.575310
2.213000,0.017046,0.179562,7.228989
2.214000,0.016223,0.189428,6.868197
2.215000,0.015400,0.198966,6.483067
2.216000,0.014412,0.207846,6.079848
2.217000,0.013490,0.216069,5.660185
2.218000,0.012568,0.223633,5.221117
2.219000,0.011580,0.230540,4.777116
2.220000,0.010329,0.236789,4.308777
2.221000,0.010559,0.242380,3.845043
2.222000,0.008254,0.246984,3.360589
2.223000,0.007233,0.250931,2.876792
2.224000,0.006311,0.254878,2.384444
2.225000,0.004764,0.257180,1.887162
2.226000,0.002821,0.261456,1.386920
2.227000,0.003908,0.258824,0.875166
2.228000,0.003084,0.261456,0.372950
2.229000,-0.000472,0.260140,-0.143410
2.230000,-0.002283,0.260798,-0.662072
2.231000,-0.001460,0.257180,-1.198495
2.232000,-0.006761,0.250602,-1.718474
2.233000,-0.005707,0.248629,-2.241414
2.234000,-0.007486,0.244024,-2.757778
2.235000,-0.009066,0.237775,-3.263288
2.236000,-0.010581,0.230869,-3.763867
2.237000,-0.011766,0.223304,-4.264117
2.238000,-0.013182,0.214424,-4.744635
2.239000,-0.014631,0.205215,-5.218905
2.240000,-0.015948,0.195020,-5.686927
2.241000,-0.017167,0.183837,-6.137518
2.242000,-0.018319,0.172326,-6.574297
2.243000,-0.019208,0.160157,-6.989699
2.244000,-0.020031,0.147330,-7.378789
2.245000,-0.020953,0.133846,-7.739265
2.246000,-0.021842,0.120032,-8.065208
2.247000,-0.022205,0.106877,-8.353327
2.248000,-0.022501,0.092077,-8.602966
2.249000,-0.022731,0.078263,-8.808202
2.250000,-0.022962,0.063134,-8.968379
2.251000,-0.023160,0.048992,-9.085798
2.252000,-0.023061,0.034850,-9.154868
2.253000,-0.022797,0.020378,-9.182496
2.254000,-0.022369,0.006236,-9.158486
2.255000,-0.022073,-0.007906,-9.096652
2.256000,-0.021908,-0.020733,-8.986468
2.257000,-0.021381,-0.033560,-8.841750
2.258000,-0.020723,-0.047044,-8.655919
2.259000,-0.019998,-0.060200,-8.433251
2.260000,-0.019307,-0.071382,-8.181311
2.261000,-0.018648,-0.082894,-7.891876
2.262000,-0.017924,-0.093418,-7.584352
2.263000,-0.017167,-0.103943,-7.238348
2.264000,-0.018846,-0.113809,-6.878859
2.265000,-0.015257,-0.123676,-6.492072
2.266000,-0.014368,-0.132556,-6.092130
2.267000,-0.013709,-0.141107,-5.670811
2.268000,-0.012622,-0.147685,-5.233377
2.269000,-0.011733,-0.154592,-4.788050
2.270000,-0.010515,-0.161499,-4.322332
2.271000,-0.009330,-0.167419,-3.859246
2.272000,-0.008539,-0.172352,-3.371166
2.273000,-0.008177,-0.177285,-2.891309
2.274000,-0.006267,-0.179588,-2.396981
2.275000,-0.002283,-0.179588,-1.901996
2.276000,-0.005345,-0.187152,-1.401421
2.277000,0.001537,-0.182219,-0.884732
2.278000,-0.005444,-0.181232,-0.369358
2.279000,0.000154,-0.185179,0.146673
2.280000,-0.002546,-0.186823,0.666649
2.281000,0.000384,-0.181561,1.210306
2.282000,0.003513,-0.178601,1.726664
2.283000,0.006081,-0.174325,2.243679
2.284000,0.007365,-0.169063,2.748196
2.285000,0.008715,-0.162485,3.248766
2.286000,0.010263,-0.155579,3.743745
2.287000,0.011712,-0.148014,4.231159
2.288000,0.013259,-0.139792,4.718245
2.289000,0.014379,-0.130912,5.194806
2.290000,0.015630,-0.120058,5.661829
2.291000,0.016783,-0.108876,6.114052
2.292000,0.017902,-0.098023,6.551147
2.293000,0.019055,-0.085196,6.967850
2.294000,0.019977,-0.073356,7.360216
2.295000,0.020833,-0.059213,7.721995
2.296000,0.021459,-0.045729,8.049241
2.297000,0.021985,-0.031586,8.320905
2.298000,0.022315,-0.017444,8.553431
2.299000,0.022809,-0.003302,8.748134
2.300000,0.022842,0.010841,8.909949
2.301000,0.022907,0.025312,9.042163
2.302000,0.022875,0.040112,9.123070
2.303000,0.022578,0.054583,9.157275
2.304000,0.022446,0.068068,9.140830
2.305000,0.022084,0.082210,9.087550
2.306000,0.021656,0.095037,8.982962
2.307000,0.021162,0.108192,8.845157
2.308000,0.020701,0.121019,8.659005
2.309000,0.020109,0.134175,8.444239
2.310000,0.019516,0.146015,8.190993
2.311000,0.018693,0.157197,7.905516
2.312000,0.018034,0.168051,7.597346
2.313000,0.017112,0.178904,7.254971
2.314000,0.016157,0.189100,6.899770
2.315000,0.015433,0.198637,6.510036
2.316000,0.013951,0.206860,6.114052
2.317000,0.013589,0.215082,5.689127
2.318000,0.012469,0.222975,5.255979
2.319000,0.011481,0.230211,4.807045
2.320000,0.010493,0.235802,4.344955
2.321000,0.009637,0.241393,3.877274
2.322000,0.008419,0.246656,3.394464
2.323000,0.007398,0.250273,2.917903
2.324000,0.005949,0.254549,2.418977
2.325000,0.004072,0.257180,1.927944
2.326000,0.004731,0.261127,1.420796
2.327000,-0.001460,0.257838,0.926473
2.328000,0.002097,0.257180,0.408799
2.329000,-0.000373,0.259482,-0.104271
2.330000,-0.008342,0.253562,-0.628525
2.331000,-0.007519,0.252247,-1.152450
2.332000,-0.003304,0.252904,-1.680980
2.333000,-0.006333,0.248958,-2.203920
2.334000,-0.007584,0.244024,-2.716666
2.335000,-0.009033,0.238104,-3.227110
2.336000,-0.010383,0.232184,-3.726373
2.337000,-0.011503,0.223304,-4.220703
2.338000,-0.013149,0.215411,-4.707799
2.339000,-0.014466,0.205544,-5.184042
2.340000,-0.015981,0.195677,-5.652722
2.341000,-0.017035,0.184824,-6.102984
2.342000,-0.017990,0.173313,-6.544038
2.343000,-0.018978,0.161473,-6.959440
2.344000,-0.020130,0.147988,-7.351161
2.345000,-0.020855,0.135161,-7.712953
2.346000,-0.021513,0.121348,-8.042514
2.347000,-0.022106,0.108192,-8.333922
2.348000,-0.022303,0.093063,-8.584876
2.349000,-0.022764,0.079250,-8.794059
2.350000,-0.023127,0.064779,-8.959169
2.351000,-0.023225,0.050636,-9.078891
2.352000,-0.023061,0.036165,-9.151908
2.353000,-0.022633,0.021694,-9.181180
2.354000,-0.022369,0.007223,-9.162433
2.355000,-0.022139,-0.005933,-9.103888
2.356000,-0.021711,-0.019746,-8.996336
2.357000,-0.021217,-0.033231,-8.856880
2.358000,-0.020822,-0.046387,-8.671049
2.359000,-0.020822,-0.058556,-8.456274
2.360000,-0.019307,-0.070067,-8.200387
2.361000,-0.018714,-0.081578,-7.918846
2.362000,-0.018023,-0.093089,-7.606389
2.363000,-0.017364,-0.103285,-7.267291
2.364000,-0.016343,-0.113152,-6.909118
2.365000,-0.015290,-0.123018,-6.522331
2.366000,-0.014466,-0.131898,-6.129296
2.367000,-0.013775,-0.139792,-5.703043
2.368000,-0.012326,-0.147027,-5.274160
2.369000,-0.011602,-0.154263,-4.821268
2.370000,-0.010449,-0.160841,-4.362457
2.371000,-0.009395,-0.166761,-3.892465
2.372000,-0.008342,-0.171694,-3.410962
2.373000,-0.007321,-0.175970,-2.929460
2.374000,-0.006465,-0.179588,-2.435133
2.375000,-0.002843,-0.179917,-1.946726
2.376000,0.000121,-0.180245,-1.435626
2.377000,0.003183,-0.180245,-0.933737
2.378000,-0.006531,-0.182548,-0.410470
2.379000,0.000187,-0.184521,0.102930
2.380000,-0.001624,-0.185837,0.622578
2.381000,-0.000110,-0.181561,1.165577
2.382000,0.005192,-0.178930,1.684894
2.383000,0.006344,-0.174654,2.201910
2.384000,0.007563,-0.169721,2.703467
2.385000,0.008913,-0.163472,3.210286
2.386000,0.010197,-0.156565,3.702963
2.387000,0.011547,-0.149001,4.194324
2.388000,0.012996,-0.140450,4.678449
2.389000,0.014280,-0.131241,5.155997
2.390000,0.015597,-0.121045,5.623020
2.391000,0.016882,-0.110520,6.075901
2.392000,0.017968,-0.098351,6.517271
2.393000,0.019088,-0.086840,6.934961
2.394000,0.020043,-0.073356,7.330945
2.395000,0.020767,-0.060529,7.693382
2.396000,0.021492,-0.046715,8.023588
2.397000,0.021953,-0.033231,8.301501
2.398000,0.022315,-0.018760,8.537644
2.399000,0.022611,-0.004617,8.733005
2.400000,0.022875,0.009525,8.898766
2.401000,0.022940,0.024983,9.031309
2.402000,0.023072,0.038467,9.119123
2.403000,0.022710,0.052610,9.154973
2.404000,0.022446,0.066752,9.145435
2.405000,0.022216,0.080894,9.090839
2.406000,0.021821,0.094379,8.992500
2.407000,0.021426,0.108192,8.856339
2.408000,0.020668,0.120032,8.674463
2.409000,0.020043,0.132859,8.465288
2.410000,0.019252,0.144370,8.211384
2.411000,0.018857,0.156210,7.935116
2.412000,0.018034,0.167393,7.621026
2.413000,0.017178,0.178246,7.286216
2.414000,0.016486,0.187784,6.926081
2.415000,0.015531,0.197651,6.543253
2.416000,0.014478,0.205873,6.146941
2.417000,0.013753,0.214753,5.723331
2.418000,0.012535,0.222318,5.296762
2.419000,0.011745,0.229553,4.841250
2.420000,0.010592,0.235144,4.386724
2.421000,0.009571,0.241064,3.912465
2.422000,0.008386,0.245998,3.437220
2.423000,0.007102,0.250931,2.952765
2.424000,0.006147,0.254220,2.459760
2.425000,0.005093,0.256851,1.969056
2.426000,0.003743,0.256522,1.466840
2.427000,0.006246,0.263100,0.955415
2.428000,0.005653,0.260798,0.449252
2.429000,-0.000110,0.260140,-0.060200
2.430000,0.005324,0.262771,-0.572942
2.431000,0.000450,0.259153,-1.112654
2.432000,-0.005411,0.253562,-1.632962
2.433000,-0.004917,0.250273,-2.161164
2.434000,-0.007683,0.244353,-2.673252
2.435000,-0.009000,0.238433,-3.185998
2.436000,-0.010219,0.233500,-3.683287
2.437000,-0.011536,0.224620,-4.181564
2.438000,-0.012886,0.216069,-4.667673
2.439000,-0.014236,0.206531,-5.146548
2.440000,-0.015784,0.196006,-5.614569
2.441000,-0.016870,0.185811,-6.068121
2.442000,-0.018023,0.174299,-6.507859
2.443000,-0.018945,0.162788,-6.924905
2.444000,-0.019965,0.149304,-7.319258
2.445000,-0.020855,0.136148,-7.683023
2.446000,-0.021645,0.123321,-8.016201
2.447000,-0.022205,0.108192,-8.312543
2.448000,-0.022468,0.094050,-8.565470
2.449000,-0.022633,0.079908,-8.777943
2.450000,-0.022797,0.066094,-8.947658
2.451000,-0.023192,0.051294,-9.070010
2.452000,-0.023028,0.036494,-9.149277
2.453000,-0.022731,0.022352,-9.178878
2.454000,-0.022731,0.007552,-9.167037
2.455000,-0.022172,-0.005604,-9.108821
2.456000,-0.021941,-0.019089,-9.007518
2.457000,-0.021447,-0.031915,-8.868391
2.458000,-0.021019,-0.045071,-8.687823
2.459000,-0.020064,-0.057240,-8.475680
2.460000,-0.019439,-0.069738,-8.222095
2.461000,-0.018615,-0.080920,-7.946145
2.462000,-0.018154,-0.092760,-7.631385
2.463000,-0.017825,-0.102627,-7.299195
2.464000,-0.016376,-0.112165,-6.936417
2.465000,-0.015487,-0.123018,-6.555550
2.466000,-0.014664,-0.131241,-6.157910
2.467000,-0.013709,-0.139463,-5.737906
2.468000,-0.012952,-0.147027,-5.309023
2.469000,-0.012063,-0.153934,-4.856789
2.470000,-0.010680,-0.160512,-4.381862
2.471000,-0.009461,-0.166103,-3.928643
2.472000,-0.007551,-0.171036,-3.455363
2.473000,-0.007551,-0.175312,-2.965310
2.474000,-0.006926,-0.179588,-2.476244
2.475000,-0.004555,-0.182219,-1.984549
2.476000,-0.006531,-0.187481,-1.479369
2.477000,-0.002316,-0.184850,-0.970244
2.478000,-0.000966,-0.191428,-0.466710
2.479000,-0.000110,-0.185179,0.069712
2.480000,0.005521,-0.181890,0.595938
2.481000,0.000779,-0.179917,1.119532
2.482000,0.004994,-0.178272,1.646085
2.483000,0.006279,-0.175312,2.159812
2.484000,0.007431,-0.170050,2.666960
2.485000,0.008781,-0.163472,3.168188
2.486000,0.009934,-0.157223,3.661194
2.487000,0.011448,-0.149658,4.155844
2.488000,0.012963,-0.140450,4.636680
2.489000,0.014214,-0.131898,5.117517
2.490000,0.015334,-0.122032,5.587171
2.491000,0.016552,-0.111178,6.042683
2.492000,0.017804,-0.099338,6.482409
2.493000,0.018989,-0.087498,6.902401
2.494000,0.019878,-0.075000,7.299372
2.495000,0.020734,-0.061844,7.665097
2.496000,0.021327,-0.048031,7.997606
2.497000,0.021887,-0.034547,8.280123
2.498000,0.022414,-0.020404,8.518239
2.499000,0.022776,-0.005275,8.719521
2.500000,0.022743,0.008209,8.886597
2.501000,0.022809,0.022681,9.024403
2.502000,0.022875,0.037810,9.113861
2.503000,0.022776,0.051623,9.154315
2.504000,0.022512,0.066094,9.151355
2.505000,0.022249,0.079579,9.097417
2.506000,0.021854,0.093063,9.005327
2.507000,0.021228,0.106219,8.868179
2.508000,0.020767,0.119046,8.693209
2.509000,0.020240,0.131872,8.481404
2.510000,0.019549,0.143713,8.233420
2.511000,0.018824,0.154895,7.957152
2.512000,0.018067,0.166406,7.647337
2.513000,0.017211,0.176931,7.321407
2.514000,0.016355,0.186797,6.955681
2.515000,0.015564,0.196993,6.579760
2.516000,0.014708,0.205873,6.177199
2.517000,0.013852,0.213438,5.761811
2.518000,0.012634,0.221331,5.328664
2.519000,0.011481,0.228567,4.878743
2.520000,0.010691,0.235144,4.425862
2.521000,0.009670,0.241064,3.950946
2.522000,0.008649,0.245998,3.467807
2.523000,0.007431,0.250273,2.989272
2.524000,0.005883,0.254220,2.504160
2.525000,0.005027,0.256851,2.007207
2.526000,0.004863,0.260798,1.504663
2.527000,-0.000768,0.256851,1.009682
2.528000,0.001767,0.264416,0.498915
2.529000,-0.000143,0.260140,-0.016129
2.530000,-0.005411,0.261127,-0.541040
2.531000,-0.003139,0.259482,-1.056742
2.532000,-0.000900,0.256522,-1.596455
2.533000,-0.006201,0.248958,-2.116764
2.534000,-0.007354,0.245011,-2.635100
2.535000,-0.008836,0.239091,-3.143571
2.536000,-0.010219,0.232513,-3.644478
2.537000,-0.011338,0.224949,-4.140452
2.538000,-0.012721,0.216398,-4.625574
2.539000,-0.014236,0.207517,-5.107738
2.540000,-0.015652,0.197651,-5.574115
2.541000,-0.016837,0.186797,-6.032271
2.542000,-0.017628,0.174957,-6.472009
2.543000,-0.018912,0.163446,-6.891357
2.544000,-0.019998,0.150619,-7.288670
2.545000,-0.020789,0.137464,-7.655395
2.546000,-0.021546,0.123321,-7.989889
2.547000,-0.021908,0.109837,-8.287876
2.548000,-0.022468,0.096023,-8.546394
2.549000,-0.022699,0.080894,-8.763800
2.550000,-0.023061,0.066423,-8.934830
2.551000,-0.023127,0.052610,-9.062445
2.552000,-0.023028,0.037810,-9.142698
2.553000,-0.022666,0.023667,-9.179865
2.554000,-0.022501,0.009854,-9.169669
2.555000,-0.022270,-0.004617,-9.113755
2.556000,-0.022040,-0.017773,-9.019359
2.557000,-0.021250,-0.030271,-8.879574
2.558000,-0.020855,-0.044084,-8.705913
2.559000,-0.020229,-0.056911,-8.490151
2.560000,-0.019636,-0.068422,-8.243803
2.561000,-0.019043,-0.080262,-7.965879
2.562000,-0.017924,-0.091774,-7.658355
2.563000,-0.017199,-0.101969,-7.327809
2.564000,-0.016442,-0.111836,-6.964044
2.565000,-0.015784,-0.121703,-6.584164
2.566000,-0.014862,-0.130254,-6.188827
2.567000,-0.013709,-0.138805,-5.775730
2.568000,-0.012688,-0.146698,-5.339282
2.569000,-0.011865,-0.153276,-4.894612
2.570000,-0.010877,-0.160183,-4.438432
2.571000,-0.009856,-0.165774,-3.965809
2.572000,-0.008836,-0.170379,-3.493844
2.573000,-0.007551,-0.175312,-3.002804
2.574000,-0.006300,-0.176956,-2.519987
2.575000,-0.003863,-0.180574,-2.022042
2.576000,-0.006037,-0.186494,-1.521467
2.577000,0.001932,-0.180903,-1.013986
2.578000,0.003084,-0.179259,-0.490061
2.579000,0.000187,-0.184850,0.017418
2.580000,0.005653,-0.183205,0.552524
2.581000,0.004039,-0.184521,1.075789
2.582000,0.004632,-0.177614,1.605632
2.583000,0.005620,-0.174983,2.117056
2.584000,0.007398,-0.170050,2.627822
2.585000,0.008649,-0.164788,3.129050
2.586000,0.009999,-0.157552,3.625674
2.587000,0.011152,-0.150316,4.117364
2.588000,0.012733,-0.141765,4.602147
2.589000,0.014116,-0.132556,5.081339
2.590000,0.015433,-0.122361,5.548691
2.591000,0.016618,-0.112165,6.008150
2.592000,0.017507,-0.100325,6.446889
2.593000,0.018758,-0.088485,6.871486
2.594000,0.019845,-0.075658,7.270100
2.595000,0.020668,-0.062831,7.638457
2.596000,0.021261,-0.049018,7.974583
2.597000,0.021920,-0.035204,8.261705
2.598000,0.022348,-0.021062,8.502782
2.599000,0.022710,-0.006920,8.704392
2.600000,0.022907,0.007880,8.874099
2.601000,0.022940,0.022023,9.015194
2.602000,0.022842,0.036165,9.107612
2.603000,0.022710,0.050636,9.153328
2.604000,0.022512,0.064779,9.151026
2.605000,0.022249,0.078263,9.103994
2.606000,0.021656,0.092406,9.013878
2.607000,0.021228,0.104903,8.879691
2.608000,0.020866,0.118388,8.691894
2.609000,0.020141,0.130886,8.496533
2.610000,0.019680,0.143055,8.255456
2.611000,0.018956,0.154566,7.977872
2.612000,0.018133,0.165748,7.672991
2.613000,0.017310,0.176273,7.341141
2.614000,0.016552,0.185811,6.983637
2.615000,0.015663,0.195677,6.609031
2.616000,0.014675,0.204886,6.207786
2.617000,0.013852,0.212451,5.795029
2.618000,0.012765,0.221002,5.360566
2.619000,0.011811,0.227909,4.917223
2.620000,0.010790,0.235144,4.458093
2.621000,0.009901,0.240407,3.988110
2.622000,0.008814,0.245669,3.513522
2.623000,0.007497,0.249287,3.028081
2.624000,0.006081,0.253891,2.543955
2.625000,0.005126,0.256851,2.042727
2.626000,0.005192,0.259811,1.545774
2.627000,0.006081,0.262442,1.034678
2.628000,-0.003370,0.256851,0.527528
2.629000,-0.000077,0.260140,0.021365
2.630000,0.004665,0.258824,-0.498612
2.631000,-0.000900,0.258496,-1.029773
2.632000,-0.001624,0.255207,-1.558961
2.633000,-0.005675,0.249944,-2.076310
2.634000,-0.007189,0.245340,-2.596620
2.635000,-0.007617,0.240407,-3.102788
2.636000,-0.009692,0.233171,-3.609286
2.637000,-0.011272,0.225278,-4.102958
2.638000,-0.012886,0.217384,-4.590383
2.639000,-0.014236,0.208175,-5.071559
2.640000,-0.015454,0.198637,-5.540896
2.641000,-0.016541,0.187784,-6.000368
2.642000,-0.017726,0.176602,-6.438133
2.643000,-0.018879,0.164433,-6.860769
2.644000,-0.020064,0.151277,-7.258411
2.645000,-0.020723,0.138779,-7.627768
2.646000,-0.021217,0.124966,-7.967853
2.647000,-0.021974,0.110495,-8.267155
2.648000,-0.022435,0.097010,-8.528962
2.649000,-0.022896,0.082539,-8.747683
2.650000,-0.022929,0.067739,-8.923319
2.651000,-0.022896,0.053925,-9.053565
2.652000,-0.022929,0.039125,-9.137436
2.653000,-0.022666,0.023996,-9.177891
2.654000,-0.022797,0.011169,-9.170326
2.655000,-0.022205,-0.003302,-9.120004
2.656000,-0.021875,-0.016457,-9.026924
2.657000,-0.021381,-0.030271,-8.890757
2.658000,-0.020855,-0.043427,-8.719727
2.659000,-0.020295,-0.055924,-8.505939
2.660000,-0.019768,-0.067765,-8.263866
2.661000,-0.018813,-0.079276,-7.986271
2.662000,-0.018187,-0.090129,-7.684339
2.663000,-0.017331,-0.101311,-7.350503
2.664000,-0.016640,-0.111507,-6.993974
2.665000,-0.015784,-0.121374,-6.618041
2.666000,-0.014697,-0.129267,-6.220401
2.667000,-0.013742,-0.137818,-5.808948
2.668000,-0.012853,-0.146041,-5.373158
2.669000,-0.012359,-0.151632,-4.934409
2.670000,-0.010976,-0.159525,-4.470335
2.671000,-0.009988,-0.165116,-4.004618
2.672000,-0.008869,-0.170708,-3.526733
2.673000,-0.007354,-0.175312,-3.042271
2.674000,-0.006564,-0.178601,-2.555837
2.675000,-0.006860,-0.183205,-2.057234
2.676000,-0.004324,-0.182877,-1.559290
2.677000,-0.004950,-0.188468,-1.056084
2.678000,-0.010548,-0.191757,-0.552222
2.679000,-0.000241,-0.185508,-0.020404
2.680000,0.000055,-0.181561,0.508124
2.681000,0.004665,-0.178601,1.033363
2.682000,0.005455,-0.178601,1.564521
2.683000,0.005883,-0.175312,2.078905
2.684000,0.007168,-0.170708,2.589342
2.685000,0.008419,-0.164788,3.086624
2.686000,0.009868,-0.157881,3.587523
2.687000,0.011514,-0.150974,4.076581
2.688000,0.012568,-0.142423,4.563667
2.689000,0.013984,-0.133543,5.042859
2.690000,0.015334,-0.123347,5.513829
2.691000,0.016355,-0.113152,5.973945
2.692000,0.017738,-0.100983,6.414000
2.693000,0.018857,-0.089471,6.840241
2.694000,0.019779,-0.076645,7.237211
2.695000,0.020570,-0.063160,7.609186
2.696000,0.021294,-0.050333,7.950245
2.697000,0.021887,-0.035862,8.239340
2.698000,0.022348,-0.021720,8.484035
2.699000,0.022644,-0.007906,8.688934
2.700000,0.022743,0.006236,8.861931
2.701000,0.022743,0.020707,9.005327
2.702000,0.022907,0.035178,9.103008
2.703000,0.022875,0.049650,9.150368
2.704000,0.022578,0.063463,9.150039
2.705000,0.022183,0.077934,9.110243
2.706000,0.021689,0.090761,9.020127
2.707000,0.021294,0.104575,8.892517
2.708000,0.020899,0.117401,8.723796
2.709000,0.020174,0.129570,8.514951
2.710000,0.019713,0.142068,8.275847
2.711000,0.018758,0.153250,7.999908
2.712000,0.018133,0.166735,7.701275
2.713000,0.017310,0.175615,7.366465
2.714000,0.016684,0.185482,7.014553
2.715000,0.015696,0.195677,6.636000
2.716000,0.014807,0.203900,6.240675
2.717000,0.013786,0.212451,5.828247
2.718000,0.012963,0.220344,5.395757
2.719000,0.011942,0.228238,4.955045
2.720000,0.010823,0.233829,4.492298
2.721000,0.009868,0.240735,4.030537
2.722000,0.008682,0.244682,3.550687
2.723000,0.007497,0.249616,3.069192
2.724000,0.006279,0.253562,2.578818
2.725000,0.005620,0.256522,2.083509
2.726000,0.003513,0.257180,1.590503
2.727000,0.003875,0.262771,1.079078
2.728000,-0.002184,0.256851,0.573902
2.729000,0.000187,0.260140,0.062476
2.730000,0.003611,0.256522,-0.457172
2.731000,-0.003139,0.256851,-0.977479
2.732000,-0.006926,0.251260,-1.511929
2.733000,-0.007255,0.249944,-2.033225
2.734000,-0.007090,0.245669,-2.554192
2.735000,-0.008441,0.241064,-3.062663
2.736000,-0.009692,0.233500,-3.568503
2.737000,-0.011174,0.226593,-4.060202
2.738000,-0.012754,0.218371,-4.551902
2.739000,-0.013907,0.209162,-5.032091
2.740000,-0.015421,0.199295,-5.503731
2.741000,-0.016409,0.188771,-5.961886
2.742000,-0.017693,0.176931,-6.403598
2.743000,-0.018879,0.164762,-6.828537
2.744000,-0.019801,0.152264,-7.227494
2.745000,-0.020723,0.139766,-7.601126
2.746000,-0.021316,0.125952,-7.942856
2.747000,-0.021809,0.111810,-8.244460
2.748000,-0.022336,0.097997,-8.509886
2.749000,-0.022797,0.083854,-8.730909
2.750000,-0.022962,0.069712,-8.911149
2.751000,-0.023127,0.054583,-9.046000
2.752000,-0.022896,0.039783,-9.134147
2.753000,-0.022764,0.025970,-9.178220
2.754000,-0.022534,0.011827,-9.172629
2.755000,-0.022600,-0.002315,-9.127898
2.756000,-0.021974,-0.015471,-9.035475
2.757000,-0.021513,-0.028955,-8.906873
2.758000,-0.020822,-0.041453,-8.734856
2.759000,-0.020262,-0.054938,-8.528304
2.760000,-0.019702,-0.067436,-8.286231
2.761000,-0.019109,-0.078618,-8.011268
2.762000,-0.018385,-0.089471,-7.713611
2.763000,-0.017364,-0.100654,-7.378460
2.764000,-0.016574,-0.110192,-7.027851
2.765000,-0.015784,-0.120387,-6.646326
2.766000,-0.015125,-0.128938,-6.254936
2.767000,-0.014005,-0.137490,-5.840194
2.768000,-0.012787,-0.145054,-5.412297
2.769000,-0.011898,-0.152947,-4.969930
2.770000,-0.011042,-0.158867,-4.509145
2.771000,-0.009922,-0.165116,-4.046388
2.772000,-0.008836,-0.170050,-3.564885
2.773000,-0.005609,-0.173996,-3.087987
2.774000,-0.006432,-0.178601,-2.593659
2.775000,-0.006827,-0.182548,-2.099661
2.776000,-0.000999,-0.180574,-1.600402
2.777000,-0.001394,-0.182877,-1.088974
2.778000,0.004632,-0.182877,-0.577875
2.779000,-0.000241,-0.185508,-0.062173
2.780000,0.006147,-0.184521,0.456159
2.781000,-0.000274,-0.182219,0.996527
2.782000,0.002788,-0.177943,1.518805
2.783000,0.005455,-0.175641,2.037465
2.784000,0.007102,-0.170708,2.545929
2.785000,0.008386,-0.165445,3.048472
2.786000,0.009802,-0.158867,3.546411
2.787000,0.011185,-0.151303,4.036786
2.788000,0.012469,-0.143410,4.525187
2.789000,0.013852,-0.134201,5.001748
2.790000,0.015301,-0.124334,5.476664
2.791000,0.016421,-0.113809,5.933492
2.792000,0.017639,-0.101969,6.377822
2.793000,0.018693,-0.090787,6.803734
2.794000,0.019549,-0.077631,7.207282
2.795000,0.020537,-0.064805,7.580902
2.796000,0.021294,-0.051649,7.925250
2.797000,0.021821,-0.037507,8.217633
2.798000,0.022183,-0.023364,8.464301
2.799000,0.022545,-0.009551,8.675449
2.800000,0.022710,0.004920,8.849762
2.801000,0.022875,0.019063,8.993487
2.802000,0.022940,0.034521,9.096101
2.803000,0.022842,0.048334,9.148066
2.804000,0.022512,0.062476,9.153986
2.805000,0.022249,0.076290,9.115177
2.806000,0.021755,0.090103,9.027034
2.807000,0.021459,0.102930,8.904686
2.808000,0.020866,0.116415,8.735636
2.809000,0.020174,0.128255,8.534026
2.810000,0.019549,0.140753,8.294594
2.811000,0.019022,0.152593,8.022601
2.812000,0.018265,0.163446,7.723969
2.813000,0.017606,0.174628,7.393105
2.814000,0.016651,0.184495,7.045797
2.815000,0.015663,0.194362,6.664285
2.816000,0.016750,0.203242,6.277510
2.817000,0.014050,0.212122,5.858834
2.818000,0.012963,0.219686,5.431606
2.819000,0.012074,0.226264,4.985303
2.820000,0.010889,0.233829,4.528804
2.821000,0.009835,0.238762,4.066715
2.822000,0.008748,0.245011,3.586865
2.823000,0.007826,0.249616,3.109317
2.824000,0.007003,0.252247,2.614338
2.825000,0.003974,0.256193,2.127252
2.826000,0.003414,0.257838,1.625036
2.827000,0.003480,0.257509,1.123479
2.828000,-0.001624,0.258824,0.606791
2.829000,0.000253,0.259811,0.099312
2.830000,0.003644,0.255536,-0.419678
2.831000,-0.003337,0.256851,-0.949194
2.832000,-0.007189,0.252904,-1.465227
2.833000,-0.006531,0.250273,-1.994415
2.834000,-0.007321,0.245669,-2.511107
2.835000,-0.008210,0.240735,-3.024840
2.836000,-0.009856,0.234158,-3.528049
2.837000,-0.011272,0.227251,-4.025010
2.838000,-0.012491,0.219029,-4.515394
2.839000,-0.013709,0.209820,-4.993939
2.840000,-0.015092,0.199295,-5.468210
2.841000,-0.016574,0.189100,-5.924721
2.842000,-0.017726,0.178246,-6.372024
2.843000,-0.018780,0.166077,-6.795647
2.844000,-0.019537,0.153250,-7.199209
2.845000,-0.020492,0.140424,-7.572512
2.846000,-0.021381,0.126610,-7.916873
2.847000,-0.022007,0.113126,-8.223410
2.848000,-0.022336,0.098983,-8.491796
2.849000,-0.022699,0.084183,-8.716766
2.850000,-0.022830,0.069712,-8.899309
2.851000,-0.023291,0.055570,-9.036791
2.852000,-0.023192,0.041427,-9.128884
2.853000,-0.022764,0.027285,-9.175589
2.854000,-0.022534,0.012485,-9.175260
2.855000,-0.022139,-0.001657,-9.132173
2.856000,-0.021941,-0.014484,-9.043369
2.857000,-0.021645,-0.028298,-8.918385
2.858000,-0.020920,-0.041124,-8.748670
2.859000,-0.022336,-0.053622,-8.546723
2.860000,-0.019702,-0.065133,-8.303992
2.861000,-0.019109,-0.077302,-8.033633
2.862000,-0.018484,-0.088814,-7.732030
2.863000,-0.017463,-0.099338,-7.402141
2.864000,-0.016771,-0.109534,-7.052848
2.865000,-0.015751,-0.120387,-6.674941
2.866000,-0.014829,-0.128938,-6.290128
2.867000,-0.014038,-0.137161,-5.871110
2.868000,-0.013742,-0.144725,-5.447160
2.869000,-0.012260,-0.151961,-4.998873
2.870000,-0.010943,-0.158539,-4.545653
2.871000,-0.009889,-0.164788,-4.078620
2.872000,-0.009000,-0.170050,-3.601064
2.873000,-0.008012,-0.173996,-3.121535
2.874000,-0.006531,-0.177943,-2.629180
2.875000,-0.003831,-0.180903,-2.144720
2.876000,-0.006827,-0.185508,-1.631975
2.877000,-0.004061,-0.186165,-1.138965
2.878000,0.004369,-0.182548,-0.611422
2.879000,-0.000307,-0.185179,-0.105258
2.880000,-0.002678,-0.181890,0.426559
2.881000,0.003776,-0.185179,0.952455
2.882000,0.002327,-0.178272,1.481311
2.883000,0.004994,-0.176628,2.001945
2.884000,0.006542,-0.171036,2.514026
2.885000,0.008254,-0.165445,3.011966
2.886000,0.009703,-0.159525,3.507602
2.887000,0.011152,-0.151961,4.003239
2.888000,0.012337,-0.144067,4.488022
2.889000,0.013819,-0.134529,4.969188
2.890000,0.015235,-0.124663,5.442460
2.891000,0.016289,-0.114467,5.899616
2.892000,0.017474,-0.103943,6.348551
2.893000,0.018495,-0.092102,6.773805
2.894000,0.019549,-0.078947,7.178340
2.895000,0.020471,-0.066120,7.554919
2.896000,0.021261,-0.052636,7.900254
2.897000,0.021788,-0.038164,8.196913
2.898000,0.022150,-0.024351,8.448515
2.899000,0.022611,-0.010209,8.660978
2.900000,0.022710,0.003934,8.838250
2.901000,0.022875,0.018734,8.984607
2.902000,0.022809,0.032876,9.092483
2.903000,0.022710,0.046690,9.146092
2.904000,0.022545,0.061490,9.156617
2.905000,0.022381,0.074974,9.119123
2.906000,0.021920,0.088788,9.035585
2.907000,0.021393,0.102272,8.915211
2.908000,0.020932,0.115099,8.749779
2.909000,0.020438,0.127268,8.552444
2.910000,0.019648,0.140095,8.312354
2.911000,0.019022,0.152264,8.045953
2.912000,0.018363,0.162788,7.743373
2.913000,0.017375,0.173642,7.419416
2.914000,0.016618,0.184166,7.069806
2.915000,0.015828,0.193704,6.692241
2.916000,0.014939,0.202913,6.305137
2.917000,0.014083,0.211135,5.887118
2.918000,0.013095,0.219029,5.467784
2.919000,0.012041,0.226264,5.015561
2.920000,0.010954,0.232842,4.565969
2.921000,0.009835,0.239420,4.095986
2.922000,0.008814,0.243696,3.623043
2.923000,0.007925,0.248300,3.140890
2.924000,0.006509,0.252576,2.650516
2.925000,0.005291,0.256193,2.162772
2.926000,0.004632,0.258167,1.657925
2.927000,0.004138,0.256522,1.167221
2.928000,0.003677,0.260469,0.654809
2.929000,0.000417,0.259811,0.138121
2.930000,-0.002151,0.264416,-0.376265
2.931000,-0.000538,0.258496,-0.897887
2.932000,-0.002678,0.256851,-1.431680
2.933000,-0.007058,0.249616,-1.957908
2.934000,-0.007058,0.245669,-2.474600
2.935000,-0.008572,0.241393,-2.990964
2.936000,-0.009725,0.234815,-3.489239
2.937000,-0.010910,0.227251,-3.992449
2.938000,-0.012161,0.219686,-4.480202
2.939000,-0.013808,0.209820,-4.963023
2.940000,-0.015191,0.200611,-5.434333
2.941000,-0.016310,0.190086,-5.894462
2.942000,-0.017595,0.179233,-6.341436
2.943000,-0.018484,0.166735,-6.766704
2.944000,-0.019636,0.154895,-7.172239
2.945000,-0.020394,0.141081,-7.546529
2.946000,-0.021447,0.127597,-7.892863
2.947000,-0.021875,0.113783,-8.203018
2.948000,-0.022270,0.099312,-8.474364
2.949000,-0.022600,0.085170,-8.700979
2.950000,-0.022896,0.071357,-8.888126
2.951000,-0.023160,0.056228,-9.026924
2.952000,-0.023061,0.042085,-9.125266
2.953000,-0.022863,0.027943,-9.171971
2.954000,-0.022270,0.013801,-9.177891
2.955000,-0.022369,-0.000342,-9.135462
2.956000,-0.022073,-0.014484,-9.050605
2.957000,-0.021678,-0.026982,-8.926937
2.958000,-0.021085,-0.040138,-8.758866
2.959000,-0.020295,-0.052636,-8.559550
2.960000,-0.019570,-0.065133,-8.319121
2.961000,-0.019175,-0.076645,-8.052381
2.962000,-0.018418,-0.087827,-7.752093
2.963000,-0.017595,-0.098351,-7.427795
2.964000,-0.016738,-0.108876,-7.074555
2.965000,-0.015718,-0.118085,-6.701911
2.966000,-0.014927,-0.127623,-6.313151
2.967000,-0.014005,-0.136174,-5.898080
2.968000,-0.013281,-0.144396,-5.474788
2.969000,-0.012227,-0.151303,-5.026829
2.970000,-0.011174,-0.156236,-4.579858
2.971000,-0.009856,-0.164130,-4.107563
2.972000,-0.009066,-0.169721,-3.635598
2.973000,-0.007947,-0.173996,-3.150149
2.974000,-0.006465,-0.177614,-2.663056
2.975000,-0.004621,-0.179588,-2.170702
2.976000,-0.007123,-0.185837,-1.667825
2.977000,-0.003435,-0.186165,-1.173828
2.978000,-0.004160,-0.190112,-0.651876
2.979000,-0.000735,-0.184850,-0.134201
2.980000,-0.002250,-0.186165,0.392025
2.981000,-0.000505,-0.182548,0.922855
2.982000,0.003183,-0.177614,1.449080
2.983000,0.005554,-0.176299,1.967411
2.984000,0.006772,-0.172023,2.474560
2.985000,0.008221,-0.166761,2.979405
2.986000,0.009506,-0.159854,3.475042
2.987000,0.011119,-0.152290,3.971994
2.988000,0.011778,-0.144396,4.455133
2.989000,0.013819,-0.135845,4.938272
2.990000,0.015169,-0.125321,5.410557
2.991000,0.016256,-0.116112,5.872647
2.992000,0.017441,-0.104600,6.319937
2.993000,0.018528,-0.092102,6.747165
2.994000,0.019615,-0.079605,7.153344
2.995000,0.020438,-0.066449,7.530910
2.996000,0.021195,-0.053293,7.879205
2.997000,0.021722,-0.039151,8.180798
2.998000,0.022117,-0.025338,8.433715
2.999000,0.022578,-0.011195,8.647494
3.000000,0.022809,0.003276,8.827068
3.001000,0.022940,0.017747,8.976713
3.002000,0.022842,0.031890,9.086892
3.003000,0.022809,0.046690,9.143461
3.004000,0.022611,0.060503,9.154315
3.005000,0.022348,0.074645,9.122741
3.006000,0.021887,0.087801,9.045123
3.007000,0.021459,0.101286,8.922446
3.008000,0.020833,0.114441,8.760632
3.009000,0.020372,0.127268,8.564284
3.010000,0.019680,0.138779,8.327812
3.011000,0.019055,0.150948,8.066015
3.012000,0.018363,0.162130,7.763436
3.013000,0.017573,0.175286,7.444741
3.014000,0.016684,0.182851,7.091184
3.015000,0.015762,0.193375,6.720854
3.016000,0.015169,0.202255,6.329475
3.017000,0.014181,0.210806,5.916390
3.018000,0.013095,0.218700,5.491793
3.019000,0.012041,0.225935,5.047134
3.020000,0.011086,0.232513,4.598858
3.021000,0.010164,0.238762,4.126573
3.022000,0.008979,0.244024,3.658892
3.023000,0.007925,0.247971,3.171148
3.024000,0.006575,0.252576,2.686036
3.025000,0.005324,0.256193,2.192043
3.026000,0.005258,0.257180,1.693117
3.027000,0.004665,0.256851,1.193861
3.028000,0.002064,0.260140,0.678161
3.029000,-0.000439,0.260140,0.177259
3.030000,0.000351,0.255207,-0.344691
3.031000,-0.006465,0.252576,-0.866643
3.032000,-0.003600,0.253891,-1.402408
3.033000,-0.003633,0.252904,-1.920743
3.034000,-0.006597,0.246327,-2.442039
3.035000,-0.008309,0.241722,-2.953799
3.036000,-0.009692,0.235144,-3.455034
3.037000,-0.010976,0.227909,-3.956271
3.038000,-0.012326,0.219686,-4.443366
3.039000,-0.013709,0.210477,-4.930462
3.040000,-0.014862,0.201269,-5.398812
3.041000,-0.016409,0.191073,-5.864203
3.042000,-0.017562,0.179562,-6.308546
3.043000,-0.018484,0.168379,-6.738418
3.044000,-0.019439,0.155224,-7.142966
3.045000,-0.020492,0.141739,-7.521203
3.046000,-0.021217,0.128584,-7.869511
3.047000,-0.021875,0.115428,-8.182955
3.048000,-0.022270,0.100957,-8.454959
3.049000,-0.022567,0.087143,-8.685849
3.050000,-0.022896,0.072343,-8.875956
3.051000,-0.023094,0.057214,-9.020346
3.052000,-0.023127,0.043401,-9.119346
3.053000,-0.023061,0.029258,-9.169669
3.054000,-0.022633,0.014787,-9.179865
3.055000,-0.022369,0.000645,-9.140396
3.056000,-0.022040,-0.013169,-9.061788
3.057000,-0.021645,-0.026324,-8.936146
3.058000,-0.021217,-0.039480,-8.775640
3.059000,-0.020394,-0.052307,-8.575666
3.060000,-0.019702,-0.064147,-8.340829
3.061000,-0.019011,-0.075987,-8.075404
3.062000,-0.018484,-0.087827,-7.775445
3.063000,-0.017693,-0.098351,-7.456081
3.064000,-0.016837,-0.108547,-7.101525
3.065000,-0.015849,-0.117427,-6.736116
3.066000,-0.015059,-0.126636,-6.340449
3.067000,-0.014236,-0.136174,-5.934259
3.068000,-0.013347,-0.143410,-5.505704
3.069000,-0.012260,-0.150974,-5.063665
3.070000,-0.011042,-0.157223,-4.613076
3.071000,-0.009988,-0.164130,-4.143412
3.072000,-0.008934,-0.169392,-3.676381
3.073000,-0.007980,-0.173996,-3.187971
3.074000,-0.008638,-0.179588,-2.704826
3.075000,-0.006531,-0.181890,-2.207209
3.076000,-0.001921,-0.180245,-1.709594
3.077000,0.000582,-0.181232,-1.203428
3.078000,0.002031,-0.180574,-0.691672
3.079000,0.000516,-0.185508,-0.177614
3.080000,0.005225,-0.187152,0.346310
3.081000,0.005686,-0.179259,0.869904
3.082000,0.002097,-0.180574,1.410600
3.083000,0.005225,-0.177285,1.922353
3.084000,0.006641,-0.172681,2.436408
3.085000,0.007958,-0.166761,2.937965
3.086000,0.009275,-0.160183,3.436562
3.087000,0.010987,-0.153276,3.931212
3.088000,0.012337,-0.145383,4.416653
3.089000,0.013556,-0.136503,4.900779
3.090000,0.014873,-0.126307,5.369775
3.091000,0.016091,-0.115454,5.836469
3.092000,0.017310,-0.104929,6.282773
3.093000,0.018429,-0.093747,6.713290
3.094000,0.019450,-0.080920,7.120126
3.095000,0.020306,-0.068093,7.502626
3.096000,0.021063,-0.054280,7.851907
3.097000,0.021854,-0.040467,8.158762
3.098000,0.022348,-0.026653,8.413323
3.099000,0.022512,-0.012182,8.632365
3.100000,0.022743,0.001632,8.813912
3.101000,0.022842,0.016103,8.964545
3.102000,0.022809,0.030903,9.078341
3.103000,0.022842,0.045374,9.140172
3.104000,0.022644,0.059516,9.156946
3.105000,0.022282,0.073330,9.125701
3.106000,0.021920,0.087143,9.053345
3.107000,0.021459,0.099970,8.931984
3.108000,0.020932,0.112468,8.780366
3.109000,0.020306,0.126281,8.580400
3.110000,0.019878,0.138450,8.350834
3.111000,0.019121,0.149962,8.085419
3.112000,0.018396,0.161144,7.791062
3.113000,0.017573,0.171997,7.471710
3.114000,0.016882,0.182193,7.120126
3.115000,0.015894,0.192717,6.755387
3.116000,0.015169,0.201269,6.361048
3.117000,0.013984,0.209162,5.957172
3.118000,0.013029,0.217713,5.525998
3.119000,0.012173,0.225278,5.087259
3.120000,0.011251,0.232513,4.632076
3.121000,0.010164,0.238104,4.167355
3.122000,0.009143,0.243367,3.697372
3.123000,0.007859,0.247971,3.210944
3.124000,0.006674,0.252247,2.730436
3.125000,0.005719,0.254878,2.231839
3.126000,0.002591,0.257838,1.739490
3.127000,0.005093,0.257509,1.232999
3.128000,-0.001097,0.259153,0.732756
3.129000,-0.001624,0.259811,0.218371
3.130000,0.000779,0.258824,-0.306869
3.131000,0.003842,0.262771,-0.820269
3.132000,-0.002546,0.254549,-1.359652
3.133000,-0.003666,0.252904,-1.873383
3.134000,-0.007123,0.246327,-2.398625
3.135000,-0.008934,0.241064,-2.907424
3.136000,-0.009428,0.235473,-3.416882
3.137000,-0.010713,0.228238,-3.914501
3.138000,-0.012161,0.220673,-4.405872
3.139000,-0.013709,0.211464,-4.888692
3.140000,-0.015059,0.201926,-5.361976
3.141000,-0.016245,0.192388,-5.826380
3.142000,-0.017331,0.180548,-6.283879
3.143000,-0.018418,0.168708,-6.703226
3.144000,-0.019570,0.155882,-7.109419
3.145000,-0.020459,0.143384,-7.492260
3.146000,-0.021283,0.130228,-7.841554
3.147000,-0.021678,0.116086,-8.157301
3.148000,-0.022238,0.101615,-8.435224
3.149000,-0.022567,0.087472,-8.668746
3.150000,-0.022962,0.073659,-8.861156
3.151000,-0.023094,0.059188,-9.010478
3.152000,-0.023094,0.044059,-9.110795
3.153000,-0.022699,0.030245,-9.169011
3.154000,-0.022764,0.015774,-9.178220
3.155000,-0.022600,0.001632,-9.144014
3.156000,-0.022336,-0.012182,-9.067379
3.157000,-0.021447,-0.025338,-8.946671
3.158000,-0.020986,-0.038822,-8.789783
3.159000,-0.020492,-0.050991,-8.590467
3.160000,-0.020031,-0.062831,-8.363195
3.161000,-0.019307,-0.074671,-8.095467
3.162000,-0.018582,-0.086511,-7.803072
3.163000,-0.017562,-0.097365,-7.478446
3.164000,-0.016903,-0.107232,-7.132771
3.165000,-0.016113,-0.117427,-6.763744
3.166000,-0.015290,-0.126965,-6.371037
3.167000,-0.014466,-0.134858,-5.968464
3.168000,-0.013281,-0.142752,-5.537607
3.169000,-0.011404,-0.150316,-5.104449
3.170000,-0.011239,-0.157881,-4.645308
3.171000,-0.010449,-0.163472,-4.180907
3.172000,-0.009099,-0.169063,-3.709928
3.173000,-0.007947,-0.173339,-3.225465
3.174000,-0.006761,-0.177614,-2.741662
3.175000,-0.006366,-0.181232,-2.244045
3.176000,-0.001822,-0.180574,-1.753995
3.177000,-0.004094,-0.184521,-1.237633
3.178000,-0.008605,-0.191099,-0.740348
3.179000,0.002459,-0.185837,-0.218726
3.180000,-0.001591,-0.182548,0.307829
3.181000,0.006213,-0.179259,0.831095
3.182000,0.005850,-0.179917,1.368502
3.183000,0.005258,-0.176628,1.884531
3.184000,0.006740,-0.172681,2.399902
3.185000,0.008024,-0.167090,2.899814
3.186000,0.009308,-0.161499,3.401700
3.187000,0.010592,-0.153276,3.893719
3.188000,0.012074,-0.145712,4.382778
3.189000,0.013622,-0.137490,4.864272
3.190000,0.014939,-0.127623,5.336886
3.191000,0.016025,-0.117427,5.803252
3.192000,0.017310,-0.105916,6.248239
3.193000,0.018232,-0.094405,6.683361
3.194000,0.019351,-0.081578,7.091184
3.195000,0.020306,-0.068751,7.476314
3.196000,0.021096,-0.055267,7.826911
3.197000,0.021656,-0.042111,8.137713
3.198000,0.022150,-0.027969,8.397537
3.199000,0.022479,-0.013826,8.617565
3.200000,0.022710,0.000645,8.801415
3.201000,0.022907,0.015445,8.953691
3.202000,0.022940,0.029916,9.072750
3.203000,0.022842,0.043401,9.138199
3.204000,0.022512,0.057872,9.156617
3.205000,0.022381,0.072014,9.130306
3.206000,0.022051,0.085499,9.057950
3.207000,0.021590,0.099641,8.943167
3.208000,0.021063,0.112139,8.790232
3.209000,0.020405,0.124966,8.593884
3.210000,0.019746,0.137464,8.370568
3.211000,0.019187,0.149633,8.103508
3.212000,0.018297,0.160815,7.813098
3.213000,0.017771,0.171011,7.491772
3.214000,0.016783,0.182193,7.146438
3.215000,0.015927,0.191073,6.775779
3.216000,0.015136,0.200282,6.385715
3.217000,0.014148,0.208833,5.983483
3.218000,0.013259,0.217384,5.554282
3.219000,0.012272,0.224291,5.086601
3.220000,0.011284,0.231527,4.660031
3.221000,0.010032,0.238104,4.201559
3.222000,0.009077,0.243367,3.725985
3.223000,0.007859,0.247971,3.244819
3.224000,0.007003,0.251918,2.758063
3.225000,0.005752,0.254878,2.264399
3.226000,0.004039,0.257180,1.772379
3.227000,0.005686,0.258496,1.261613
3.228000,0.002195,0.258167,0.766961
3.229000,0.004006,0.260469,0.245011
3.230000,0.003052,0.257509,-0.257535
3.231000,-0.004160,0.255207,-0.786064
3.232000,-0.005971,0.254878,-1.316238
3.233000,-0.003238,0.253891,-1.844111
3.234000,-0.006070,0.247971,-2.367052
3.235000,-0.007782,0.241393,-2.876179
3.236000,-0.009297,0.235802,-3.385637
3.237000,-0.010746,0.229553,-3.881282
3.238000,-0.012194,0.221331,-4.376271
3.239000,-0.013577,0.212122,-4.858105
3.240000,-0.014829,0.202584,-5.333690
3.241000,-0.016113,0.192060,-5.798095
3.242000,-0.017199,0.181206,-6.245397
3.243000,-0.018550,0.169695,-6.676585
3.244000,-0.019636,0.156868,-7.083106
3.245000,-0.020394,0.144041,-7.469237
3.246000,-0.020953,0.130886,-7.820833
3.247000,-0.021546,0.116415,-8.139869
3.248000,-0.022270,0.102930,-8.417135
3.249000,-0.022764,0.088130,-8.654603
3.250000,-0.022929,0.074317,-8.850960
3.251000,-0.023028,0.060174,-9.001927
3.252000,-0.022962,0.045045,-9.105861
3.253000,-0.022863,0.030574,-9.166380
3.254000,-0.022764,0.016103,-9.178220
3.255000,-0.022303,0.002289,-9.149277
3.256000,-0.022205,-0.010209,-9.071984
3.257000,-0.021612,-0.024022,-8.954236
3.258000,-0.021019,-0.037178,-8.798993
3.259000,-0.020394,-0.050333,-8.603623
3.260000,-0.019702,-0.062502,-8.377666
3.261000,-0.019340,-0.075000,-8.110268
3.262000,-0.018582,-0.085525,-7.818531
3.263000,-0.017660,-0.097036,-7.497522
3.264000,-0.017068,-0.106903,-7.155465
3.265000,-0.015981,-0.116769,-6.783807
3.266000,-0.015125,-0.126307,-6.397678
3.267000,-0.014466,-0.134858,-5.990829
3.268000,-0.013446,-0.142752,-5.563919
3.269000,-0.012491,-0.149987,-5.130760
3.270000,-0.011075,-0.156565,-4.670962
3.271000,-0.010054,-0.164130,-4.216098
3.272000,-0.008967,-0.169063,-3.736897
3.273000,-0.007716,-0.172681,-3.258026
3.274000,-0.007321,-0.176956,-2.767973
3.275000,-0.006728,-0.181232,-2.273975
3.276000,-0.005707,-0.185179,-1.780635
3.277000,-0.002415,-0.185179,-1.277429
3.278000,-0.007255,-0.189783,-0.776526
3.279000,-0.003435,-0.186165,-0.246353
3.280000,-0.002579,-0.185179,0.272967
3.281000,-0.000175,-0.186823,0.802152
3.282000,0.005554,-0.179259,1.332324
3.283000,0.005192,-0.177943,1.855917
3.284000,0.006509,-0.173339,2.367999
3.285000,0.007760,-0.167748,2.870543
3.286000,0.009110,-0.161499,3.370455
3.287000,0.010724,-0.154263,3.860501
3.288000,0.012239,-0.146041,4.354493
3.289000,0.013128,-0.137818,4.834014
3.290000,0.014774,-0.128281,5.311233
3.291000,0.015861,-0.117756,5.775296
3.292000,0.017145,-0.106574,6.224230
3.293000,0.018330,-0.094734,6.657049
3.294000,0.019318,-0.082894,7.067504
3.295000,0.020141,-0.069738,7.452963
3.296000,0.020899,-0.056582,7.806520
3.297000,0.021459,-0.042111,8.120611
3.298000,0.022183,-0.028626,8.382737
3.299000,0.022381,-0.014484,8.603751
3.300000,0.022710,-0.000013,8.791877
3.301000,0.022875,0.014129,8.946456
3.302000,0.022710,0.028930,9.067487
3.303000,0.022875,0.042743,9.136555
3.304000,0.022710,0.057214,9.157604
3.305000,0.022381,0.071357,9.135568
3.306000,0.021887,0.084512,9.063870
3.307000,0.021524,0.098983,8.953691
3.308000,0.021096,0.111810,8.800428
3.309000,0.020570,0.124308,8.610987
3.310000,0.019977,0.136477,8.384052
3.311000,0.019187,0.148646,8.121926
3.312000,0.018429,0.159828,7.835134
3.313000,0.017672,0.170682,7.513150
3.314000,0.016914,0.181864,7.175380
3.315000,0.016058,0.191073,6.802090
3.316000,0.015268,0.200611,6.415315
3.317000,0.014247,0.208833,6.007492
3.318000,0.013424,0.216726,5.582567
3.319000,0.012272,0.223962,5.148103
3.320000,0.011185,0.231198,4.691934
3.321000,0.010263,0.237447,4.233791
3.322000,0.009209,0.242709,3.756572
3.323000,0.010098,0.246984,3.279682
3.324000,0.006772,0.251260,2.788321
3.325000,0.005818,0.255207,2.298932
3.326000,0.004500,0.256851,1.802966
3.327000,0.005060,0.256851,1.299106
3.328000,-0.001987,0.255864,0.795903
3.329000,0.001899,0.260469,0.282505
3.330000,-0.000867,0.259811,-0.231224
3.331000,0.004402,0.264087,-0.752846
3.332000,-0.007947,0.251589,-1.281376
3.333000,-0.002843,0.254220,-1.811551
3.334000,-0.006959,0.246984,-2.331531
3.335000,-0.007881,0.242709,-2.844277
3.336000,-0.009560,0.236131,-3.351432
3.337000,-0.010548,0.229224,-3.848393
3.338000,-0.011931,0.221660,-4.344697
3.339000,-0.013347,0.212780,-4.841331
3.340000,-0.014730,0.203242,-5.303103
3.341000,-0.016245,0.192717,-5.765863
3.342000,-0.017232,0.182193,-6.216125
3.343000,-0.018451,0.170353,-6.649944
3.344000,-0.019274,0.158184,-7.059754
3.345000,-0.020295,0.144699,-7.445885
3.346000,-0.021118,0.131215,-7.798139
3.347000,-0.021809,0.117401,-8.120135
3.348000,-0.022369,0.103588,-8.401018
3.349000,-0.022435,0.089446,-8.641776
3.350000,-0.022764,0.074974,-8.839448
3.351000,-0.022863,0.060832,-8.994362
3.352000,-0.023028,0.046690,-9.101256
3.353000,-0.023061,0.032218,-9.163748
3.354000,-0.022797,0.018076,-9.179536
3.355000,-0.022435,0.003934,-9.153881
3.356000,-0.022106,-0.009880,-9.078891
3.357000,-0.021645,-0.023693,-8.966405
3.358000,-0.021283,-0.037178,-8.809846
3.359000,-0.020756,-0.049347,-8.618753
3.360000,-0.020196,-0.061516,-8.391809
3.361000,-0.019175,-0.073356,-8.129673
3.362000,-0.018451,-0.084867,-7.841225
3.363000,-0.017660,-0.095720,-7.519230
3.364000,-0.017068,-0.106574,-7.180790
3.365000,-0.016245,-0.116112,-6.807816
3.366000,-0.014071,-0.124992,-6.425634
3.367000,-0.014368,-0.133872,-6.016155
3.368000,-0.013413,-0.142094,-5.593191
3.369000,-0.012194,-0.149658,-5.156086
3.370000,-0.011503,-0.156565,-4.702536
3.371000,-0.010449,-0.162485,-4.242081
3.372000,-0.009494,-0.167748,-3.765511
3.373000,-0.008078,-0.172681,-3.292560
3.374000,-0.006926,-0.177285,-2.799218
3.375000,-0.005181,-0.180245,-2.312126
3.376000,-0.003896,-0.183205,-1.811222
3.377000,-0.002711,-0.184521,-1.310318
3.378000,-0.003863,-0.187481,-0.795602
3.379000,-0.003205,-0.183534,-0.281215
3.380000,0.001142,-0.184192,0.238104
3.381000,-0.000241,-0.187152,0.768277
3.382000,0.002294,-0.178601,1.298119
3.383000,0.004632,-0.176956,1.825002
3.384000,0.005982,-0.173010,2.332808
3.385000,0.007662,-0.167419,2.837983
3.386000,0.009242,-0.161827,3.339869
3.387000,0.010724,-0.154263,3.831559
3.388000,0.011942,-0.147027,4.321933
3.389000,0.013226,-0.138147,4.802441
3.390000,0.014511,-0.128609,5.280975
3.391000,0.015927,-0.117756,5.744051
3.392000,0.017079,-0.107232,6.196933
3.393000,0.018297,-0.095391,6.629094
3.394000,0.019252,-0.083222,7.042179
3.395000,0.020043,-0.070725,7.429283
3.396000,0.020866,-0.057569,7.785142
3.397000,0.021689,-0.043427,8.101206
3.398000,0.022117,-0.029284,8.367608
3.399000,0.022414,-0.015142,8.591253
3.400000,0.022710,-0.001000,8.780694
3.401000,0.022809,0.013472,8.936918
3.402000,0.022809,0.027943,9.061567
3.403000,0.022809,0.041756,9.132608
3.404000,0.022710,0.056556,9.157604
3.405000,0.022414,0.070370,9.136883
3.406000,0.022018,0.084512,9.067816
3.407000,0.021590,0.097668,8.961913
3.408000,0.020965,0.111152,8.810624
3.409000,0.020438,0.123650,8.624142
3.410000,0.019977,0.136148,8.397208
3.411000,0.019154,0.147659,8.139686
3.412000,0.018495,0.158842,7.850592
3.413000,0.017672,0.169695,7.531568
3.414000,0.016816,0.180548,7.193798
3.415000,0.016256,0.191073,6.823139
3.416000,0.015268,0.199953,6.412355
3.417000,0.014445,0.208175,6.031501
3.418000,0.013424,0.216726,5.613153
3.419000,0.012370,0.223304,5.172112
3.420000,0.011251,0.231198,4.720547
3.421000,0.010197,0.236460,4.260102
3.422000,0.009341,0.242709,3.784198
3.423000,0.008123,0.246984,3.310269
3.424000,0.007135,0.251589,2.817263
3.425000,0.005620,0.254220,2.329519
3.426000,0.004303,0.257180,1.829935
3.427000,0.004961,0.258496,1.330680
3.428000,0.006114,0.262771,0.820899
3.429000,0.001175,0.260140,0.308158
3.430000,-0.000439,0.259482,-0.199979
3.431000,0.001504,0.262442,-0.725219
3.432000,0.000351,0.258496,-1.251446
3.433000,-0.002612,0.253891,-1.781950
3.434000,-0.006136,0.249944,-2.296340
3.435000,-0.007453,0.242709,-2.816321
3.436000,-0.009066,0.237118,-3.321503
3.437000,-0.010581,0.229882,-3.819450
3.438000,-0.012129,0.222318,-4.314109
3.439000,-0.013511,0.213766,-4.796601
3.440000,-0.014730,0.204229,-5.275147
3.441000,-0.015849,0.194033,-5.737248
3.442000,-0.017002,0.181864,-6.190471
3.443000,-0.018187,0.171011,-6.622317
3.444000,-0.019406,0.158184,-7.035745
3.445000,-0.020361,0.145686,-7.420230
3.446000,-0.020986,0.132201,-7.778405
3.447000,-0.021579,0.118717,-8.100072
3.448000,-0.022139,0.105232,-8.385231
3.449000,-0.022468,0.090103,-8.627962
3.450000,-0.022863,0.075961,-8.828594
3.451000,-0.023225,0.061490,-8.984824
3.452000,-0.023094,0.047019,-9.098296
3.453000,-0.022962,0.032547,-9.161117
3.454000,-0.022666,0.018405,-9.180523
3.455000,-0.022435,0.004592,-9.155526
3.456000,-0.022238,-0.009222,-9.083824
3.457000,-0.021678,-0.022706,-8.974957
3.458000,-0.021217,-0.035862,-8.821029
3.459000,-0.020657,-0.048360,-8.632567
3.460000,-0.019900,-0.061187,-8.404965
3.461000,-0.019406,-0.072369,-8.149407
3.462000,-0.018451,-0.083880,-7.858986
3.463000,-0.017891,-0.095063,-7.541924
3.464000,-0.017101,-0.105587,-7.201511
3.465000,-0.016310,-0.115454,-6.831497
3.466000,-0.015257,-0.125321,-6.452275
3.467000,-0.014335,-0.133214,-6.042138
3.468000,-0.013479,-0.140778,-5.627067
3.469000,-0.012589,-0.149001,-5.182397
3.470000,-0.011536,-0.156236,-4.734439
3.471000,-0.010449,-0.161827,-4.270695
3.472000,-0.009198,-0.167419,-3.796427
3.473000,-0.007947,-0.172681,-3.320187
3.474000,-0.007025,-0.176628,-2.829805
3.475000,-0.006300,-0.180245,-2.343042
3.476000,-0.003501,-0.180574,-1.838520
3.477000,-0.001361,-0.182219,-1.340576
3.478000,0.002162,-0.182877,-0.823229
3.479000,0.004566,-0.188468,-0.319367
3.480000,0.000516,-0.185179,0.207517
3.481000,0.006081,-0.179259,0.737690
3.482000,0.002130,-0.183534,1.268519
3.483000,0.004500,-0.177614,1.792113
3.484000,0.006081,-0.173668,2.297617
3.485000,0.007727,-0.168076,2.806738
3.486000,0.009506,-0.162485,3.303362
3.487000,0.010460,-0.154921,3.801301
3.488000,0.011909,-0.147356,4.289044
3.489000,0.013095,-0.139134,4.771854
3.490000,0.014544,-0.129596,5.248415
3.491000,0.015828,-0.119072,5.713465
3.492000,0.017079,-0.107560,6.167990
3.493000,0.018133,-0.097036,6.598507
3.494000,0.019154,-0.084538,7.014553
3.495000,0.020207,-0.071382,7.402972
3.496000,0.020833,-0.057898,7.763765
3.497000,0.021623,-0.043755,8.082788
3.498000,0.022084,-0.030271,8.351821
3.499000,0.022512,-0.015800,8.577111
3.500000,0.022644,-0.002315,8.768854
3.501000,0.022809,0.012156,8.928367
3.502000,0.022875,0.026956,9.052030
3.503000,0.022907,0.041427,9.128332
3.504000,0.022809,0.055241,9.157933
3.505000,0.022348,0.069712,9.138857
3.506000,0.021920,0.082868,9.075710
3.507000,0.021524,0.096681,8.968491
3.508000,0.021129,0.109837,8.821148
3.509000,0.020635,0.122664,8.638614
3.510000,0.020076,0.134833,8.412337
3.511000,0.019384,0.146344,8.162709
3.512000,0.018594,0.158842,7.869996
3.513000,0.017672,0.169695,7.556893
3.514000,0.017046,0.180220,7.214847
3.515000,0.016190,0.189428,6.850108
3.516000,0.015334,0.198637,6.468595
3.517000,0.014478,0.207517,6.058470
3.518000,0.013391,0.216069,5.644069
3.519000,0.012535,0.222975,5.201055
3.520000,0.011251,0.230869,4.758040
3.521000,0.010526,0.236789,4.289044
3.522000,0.009440,0.242380,3.819719
3.523000,0.008386,0.247313,3.339211
3.524000,0.007036,0.250602,2.853441
3.525000,0.005653,0.254549,2.365039
3.526000,0.004566,0.257509,1.864469
3.527000,0.005455,0.261127,1.365871
3.528000,0.000878,0.261127,0.862668
3.529000,0.003809,0.256851,0.356176
3.530000,-0.000571,0.259811,-0.161827
3.531000,-0.008243,0.253891,-0.691672
3.532000,-0.001954,0.258167,-1.211650
3.533000,-0.002612,0.253562,-1.743799
3.534000,-0.006300,0.247971,-2.259832
3.535000,-0.007584,0.243367,-2.779485
3.536000,-0.009132,0.237447,-3.281378
3.537000,-0.010581,0.230540,-3.785903
3.538000,-0.012227,0.222318,-4.276944
3.539000,-0.013149,0.214424,-4.762724
3.540000,-0.014368,0.204229,-5.240283
3.541000,-0.015915,0.194033,-5.706332
3.542000,-0.017199,0.183837,-6.156924
3.543000,-0.018319,0.171997,-6.590413
3.544000,-0.019241,0.159499,-7.006144
3.545000,-0.020031,0.147001,-7.395234
3.546000,-0.020887,0.133517,-7.754395
3.547000,-0.021579,0.120032,-8.078364
3.548000,-0.022303,0.104903,-8.365497
3.549000,-0.022600,0.091419,-8.611517
3.550000,-0.022896,0.077605,-8.817082
3.551000,-0.022830,0.062805,-8.974957
3.552000,-0.023028,0.048334,-9.090402
3.553000,-0.022896,0.033534,-9.156841
3.554000,-0.022830,0.018734,-9.183812
3.555000,-0.022666,0.005578,-9.156512
3.556000,-0.022040,-0.008235,-9.092705
3.557000,-0.021678,-0.022049,-8.982522
3.558000,-0.021151,-0.034547,-8.834185
3.559000,-0.020855,-0.047702,-8.649012
3.560000,-0.020097,-0.060200,-8.421739
3.561000,-0.019340,-0.072369,-8.172102
3.562000,-0.018517,-0.083222,-7.879707
3.563000,-0.017825,-0.093747,-7.572183
3.564000,-0.017134,-0.104600,-7.225192
3.565000,-0.016343,-0.115454,-6.862414
3.566000,-0.015619,-0.124005,-6.477601
3.567000,-0.014466,-0.132885,-6.073712
3.568000,-0.013446,-0.141107,-5.656011
3.569000,-0.012524,-0.149001,-5.214629
3.570000,-0.011569,-0.155907,-4.771934
3.571000,-0.010548,-0.162156,-4.304243
3.572000,-0.011009,-0.167090,-3.837539
3.573000,-0.008441,-0.172023,-3.352419
3.574000,-0.007025,-0.176299,-2.868615
3.575000,-0.005576,-0.180245,-2.377247
3.576000,-0.006168,-0.182877,-1.877001
3.577000,-0.000143,-0.181232,-1.382675
3.578000,-0.003370,-0.185508,-0.874865
3.579000,-0.000801,-0.190441,-0.361136
3.580000,0.000549,-0.184850,0.166406
3.581000,0.000681,-0.185508,0.684409
3.582000,0.005752,-0.181890,1.227737
3.583000,0.004270,-0.178601,1.751001
3.584000,0.005818,-0.173339,2.263083
3.585000,0.007398,-0.168076,2.768258
3.586000,0.009012,-0.162814,3.265868
3.587000,0.010526,-0.155907,3.764136
3.588000,0.011811,-0.147685,4.252866
3.589000,0.013128,-0.139463,4.736992
3.590000,0.014379,-0.130254,5.211579
3.591000,0.015795,-0.119729,5.681562
3.592000,0.016914,-0.108876,6.132470
3.593000,0.018034,-0.097694,6.570551
3.594000,0.019121,-0.085525,6.985939
3.595000,0.020043,-0.072040,7.376332
3.596000,0.020833,-0.058884,7.737124
3.597000,0.021623,-0.045400,8.060424
3.598000,0.022117,-0.031258,8.330443
3.599000,0.022315,-0.017773,8.562969
3.600000,0.022611,-0.002644,8.756028
3.601000,0.022809,0.010841,8.917513
3.602000,0.022940,0.025641,9.046767
3.603000,0.022907,0.040441,9.125043
3.604000,0.022644,0.054254,9.159248
3.605000,0.022381,0.068396,9.139844
3.606000,0.022051,0.082210,9.083274
3.607000,0.021722,0.095694,8.978029
3.608000,0.021228,0.108850,8.837264
3.609000,0.020668,0.121677,8.651769
3.610000,0.020043,0.133188,8.431741
3.611000,0.019384,0.146015,8.181127
3.612000,0.018594,0.157526,7.894005
3.613000,0.017804,0.168379,7.587150
3.614000,0.017310,0.179233,7.241158
3.615000,0.015169,0.188771,6.883654
3.616000,0.015367,0.198309,6.495564
3.617000,0.014379,0.207517,6.093003
3.618000,0.013490,0.215411,5.673011
3.619000,0.012502,0.223304,5.235259
3.620000,0.011382,0.229224,4.790272
3.621000,0.010493,0.236131,4.323906
3.622000,0.009407,0.241393,3.861488
3.623000,0.008221,0.246656,3.375060
3.624000,0.006279,0.251260,2.894552
3.625000,0.006246,0.253891,2.399573
3.626000,0.005554,0.256193,1.904922
3.627000,0.005949,0.259153,1.402707
3.628000,0.004270,0.263429,0.898846
3.629000,0.005291,0.258167,0.387421
3.630000,-0.000175,0.259482,-0.126307
3.631000,-0.007486,0.255536,-0.679503
3.632000,0.001175,0.259811,-1.175143
3.633000,-0.003567,0.254220,-1.701043
3.634000,-0.006860,0.247971,-2.223654
3.635000,-0.007321,0.244024,-2.739360
3.636000,-0.008836,0.237775,-3.246186
3.637000,-0.010252,0.230211,-3.747093
3.638000,-0.011635,0.223304,-4.239121
3.639000,-0.013248,0.215082,-4.727861
3.640000,-0.014664,0.205215,-5.202131
3.641000,-0.015652,0.195020,-5.670811
3.642000,-0.016870,0.184166,-6.122060
3.643000,-0.018023,0.172326,-6.559826
3.644000,-0.019208,0.160486,-6.975227
3.645000,-0.020097,0.147659,-7.365962
3.646000,-0.021085,0.133846,-7.726767
3.647000,-0.021678,0.120361,-8.054683
3.648000,-0.022040,0.106877,-8.344776
3.649000,-0.022435,0.092406,-8.594085
3.650000,-0.022764,0.078263,-8.802282
3.651000,-0.023127,0.063792,-8.965090
3.652000,-0.023192,0.048992,-9.081851
3.653000,-0.022962,0.034850,-9.154210
3.654000,-0.022699,0.020707,-9.182167
3.655000,-0.022303,0.005907,-9.161446
3.656000,-0.022139,-0.007577,-9.099612
3.657000,-0.021809,-0.021062,-8.990744
3.658000,-0.022369,-0.034875,-8.848986
3.659000,-0.020756,-0.046387,-8.662168
3.660000,-0.019965,-0.058884,-8.442789
3.661000,-0.019274,-0.071053,-8.189862
3.662000,-0.018582,-0.082894,-7.902401
3.663000,-0.018023,-0.093747,-7.594548
3.664000,-0.017331,-0.104271,-7.250188
3.665000,-0.016343,-0.113809,-6.894975
3.666000,-0.015388,-0.124334,-6.504899
3.667000,-0.014401,-0.132885,-6.109233
3.668000,-0.013775,-0.140450,-5.683967
3.669000,-0.012688,-0.148672,-5.250479
3.670000,-0.011799,-0.155250,-4.801863
3.671000,-0.010449,-0.161499,-4.339106
3.672000,-0.009494,-0.167090,-3.873060
3.673000,-0.008243,-0.171694,-3.389255
3.674000,-0.007058,-0.175970,-2.889993
3.675000,-0.006465,-0.179917,-2.413755
3.676000,-0.002909,-0.180903,-1.923374
3.677000,-0.006136,-0.185508,-1.409973
3.678000,-0.003633,-0.186494,-0.914003
3.679000,-0.006564,-0.186494,-0.392052
3.680000,0.000187,-0.185508,0.126939
3.681000,-0.002513,-0.187152,0.645600
3.682000,0.003282,-0.178272,1.185639
3.683000,0.004467,-0.178601,1.704299
3.684000,0.006509,-0.174325,2.223945
3.685000,0.007596,-0.169392,2.729120
3.686000,0.009045,-0.163472,3.231664
3.687000,0.010197,-0.156236,3.726643
3.688000,0.011547,-0.148672,4.216031
3.689000,0.013062,-0.139463,4.701471
3.690000,0.014313,-0.130912,5.176717
3.691000,0.015663,-0.121045,5.646042
3.692000,0.016882,-0.109205,6.098923
3.693000,0.017902,-0.098680,6.538649
3.694000,0.019088,-0.086182,6.955681
3.695000,0.020043,-0.073356,7.348047
3.696000,0.020899,-0.059542,7.711471
3.697000,0.021524,-0.046387,8.039704
3.698000,0.021953,-0.032244,8.313012
3.699000,0.022315,-0.018431,8.546524
3.700000,0.022710,-0.003960,8.742872
3.701000,0.022776,0.009854,8.906331
3.702000,0.022907,0.024654,9.038874
3.703000,0.022842,0.039454,9.121754
3.704000,0.022677,0.053267,9.155959
3.705000,0.022414,0.067081,9.142475
3.706000,0.022183,0.081881,9.089523
3.707000,0.021689,0.095037,8.987238
3.708000,0.021393,0.107863,8.850419
3.709000,0.020701,0.121019,8.665583
3.710000,0.019977,0.132859,8.452132
3.711000,0.019351,0.145028,8.198887
3.712000,0.018693,0.156539,7.918343
3.713000,0.018001,0.167722,7.606884
3.714000,0.017112,0.178246,7.267469
3.715000,0.016355,0.188113,6.910952
3.716000,0.015400,0.196993,6.523520
3.717000,0.014346,0.206531,6.104186
3.718000,0.013424,0.215082,5.702611
3.719000,0.012634,0.222975,5.272424
3.720000,0.011712,0.228895,4.820201
3.721000,0.010559,0.235473,4.361071
3.722000,0.009473,0.241064,3.892074
3.723000,0.008419,0.246327,3.411238
3.724000,0.007135,0.250602,2.930072
3.725000,0.006015,0.254220,2.435093
3.726000,0.005422,0.256193,1.945047
3.727000,0.005422,0.257180,1.440529
3.728000,-0.000208,0.259811,0.943575
3.729000,0.004896,0.261127,0.425901
3.730000,-0.000208,0.259482,-0.087498
3.731000,-0.003501,0.254220,-0.606818
3.732000,-0.000505,0.259153,-1.132059
3.733000,-0.006136,0.250273,-1.660589
3.734000,-0.005905,0.248958,-2.186818
3.735000,-0.007387,0.245669,-2.698906
3.736000,-0.008967,0.238104,-3.208692
3.737000,-0.010252,0.231198,-3.708941
3.738000,-0.011602,0.223962,-4.204587
3.739000,-0.012952,0.215082,-4.690367
3.740000,-0.014302,0.205544,-5.167597
3.741000,-0.015685,0.196335,-5.636606
3.742000,-0.016936,0.185153,-6.088184
3.743000,-0.018056,0.173642,-6.528251
3.744000,-0.017957,0.161473,-6.945297
3.745000,-0.020097,0.148646,-7.338005
3.746000,-0.021052,0.135490,-7.700455
3.747000,-0.021579,0.121677,-8.031660
3.748000,-0.022040,0.108192,-8.325042
3.749000,-0.022369,0.093063,-8.576982
3.750000,-0.022666,0.078921,-8.787152
3.751000,-0.023127,0.064779,-8.954565
3.752000,-0.023061,0.049979,-9.074615
3.753000,-0.022797,0.035836,-9.152237
3.754000,-0.022731,0.022023,-9.179536
3.755000,-0.022501,0.007880,-9.164406
3.756000,-0.022139,-0.006591,-9.104874
3.757000,-0.021711,-0.019417,-9.001598
3.758000,-0.021414,-0.032902,-8.861484
3.759000,-0.020887,-0.046058,-8.677627
3.760000,-0.020262,-0.057898,-8.464168
3.761000,-0.019406,-0.070067,-8.208610
3.762000,-0.018385,-0.081249,-7.930029
3.763000,-0.017858,-0.093089,-7.615927
3.764000,-0.017265,-0.103943,-7.280118
3.765000,-0.016475,-0.113480,-6.918327
3.766000,-0.015586,-0.122689,-6.535158
3.767000,-0.014697,-0.131241,-6.140150
3.768000,-0.013643,-0.139792,-5.716528
3.769000,-0.012622,-0.147356,-5.285013
3.770000,-0.011536,-0.154921,-4.834753
3.771000,-0.010515,-0.160183,-4.377915
3.772000,-0.009692,-0.166432,-3.905292
3.773000,-0.008441,-0.171365,-3.427736
3.774000,-0.007222,-0.175641,-2.943274
3.775000,-0.006201,-0.179917,-2.450262
3.776000,-0.003040,-0.179917,-1.959224
3.777000,-0.007123,-0.186165,-1.448453
3.778000,-0.008012,-0.193730,-0.952812
3.779000,-0.003962,-0.191428,-0.440070
3.780000,0.000220,-0.185179,0.086814
3.781000,0.004994,-0.182548,0.620276
3.782000,0.005159,-0.183205,1.147159
3.783000,0.004105,-0.178272,1.669437
3.784000,0.005752,-0.174325,2.186781
3.785000,0.007266,-0.169392,2.690969
3.786000,0.008715,-0.163801,3.194828
3.787000,0.010263,-0.157223,3.685532
3.788000,0.011646,-0.149330,4.179524
3.789000,0.012765,-0.140778,4.663649
3.790000,0.014214,-0.131569,5.141526
3.791000,0.015597,-0.122032,5.610522
3.792000,0.016980,-0.110849,6.064061
3.793000,0.017869,-0.099338,6.504773
3.794000,0.019022,-0.086840,6.921148
3.795000,0.019911,-0.074342,7.319105
3.796000,0.020734,-0.061187,7.683515
3.797000,0.021459,-0.047702,8.014379
3.798000,0.022018,-0.033560,8.294265
3.799000,0.022315,-0.019746,8.530080
3.800000,0.022512,-0.004946,8.729387
3.801000,0.022842,0.009525,8.894491
3.802000,0.022940,0.023338,9.030652
3.803000,0.022940,0.037810,9.117808
3.804000,0.022710,0.051952,9.155959
3.805000,0.022315,0.066423,9.148395
3.806000,0.022051,0.080565,9.094457
3.807000,0.021821,0.093721,8.997434
3.808000,0.021261,0.106877,8.860615
3.809000,0.020767,0.119375,8.682356
3.810000,0.020043,0.131872,8.470550
3.811000,0.019351,0.144041,8.220265
3.812000,0.018857,0.155882,7.928210
3.813000,0.018001,0.166735,7.631222
3.814000,0.017277,0.177588,7.299043
3.815000,0.016223,0.187126,6.937921
3.816000,0.015597,0.196993,6.555751
3.817000,0.014609,0.205544,6.158781
3.818000,0.013720,0.213766,5.736816
3.819000,0.012765,0.221989,5.308273
3.820000,0.011712,0.228895,4.856378
3.821000,0.010625,0.233500,4.399551
3.822000,0.009440,0.241064,3.926937
3.823000,0.008584,0.245998,3.452020
3.824000,0.007497,0.250602,2.966579
3.825000,0.006443,0.253562,2.476533
3.826000,0.004731,0.257180,1.983527
3.827000,0.001866,0.259482,1.479996
3.828000,-0.001032,0.259482,0.985673
3.829000,-0.003040,0.257838,0.465697
3.830000,-0.000110,0.259811,-0.041453
3.831000,-0.008506,0.254878,-0.573929
3.832000,-0.003831,0.256851,-1.087000
3.833000,-0.001888,0.255536,-1.621780
3.834000,-0.005576,0.249944,-2.143404
3.835000,-0.007288,0.244353,-2.658780
3.836000,-0.008539,0.238433,-3.169224
3.837000,-0.010252,0.231855,-3.667171
3.838000,-0.011700,0.224949,-4.166106
3.839000,-0.013347,0.216398,-4.650571
3.840000,-0.014203,0.206860,-5.131747
3.841000,-0.015487,0.196993,-5.600427
3.842000,-0.016804,0.186140,-6.054307
3.843000,-0.018154,0.174299,-6.495690
3.844000,-0.019175,0.162459,-6.912078
3.845000,-0.019900,0.150290,-7.309062
3.846000,-0.020723,0.136477,-7.673156
3.847000,-0.021447,0.122992,-8.007650
3.848000,-0.022007,0.109179,-8.303663
3.849000,-0.022600,0.095037,-8.559221
3.850000,-0.022830,0.079908,-8.772022
3.851000,-0.022896,0.066423,-8.942724
3.852000,-0.022896,0.051294,-9.067708
3.853000,-0.022929,0.036823,-9.145659
3.854000,-0.022929,0.022681,-9.178220
3.855000,-0.022699,0.008867,-9.166709
3.856000,-0.022238,-0.004617,-9.110137
3.857000,-0.021447,-0.018760,-9.011794
3.858000,-0.021348,-0.031915,-8.871352
3.859000,-0.020756,-0.044413,-8.693085
3.860000,-0.020262,-0.057569,-8.478640
3.861000,-0.019636,-0.069080,-8.228344
3.862000,-0.018912,-0.080262,-7.952723
3.863000,-0.017957,-0.091774,-7.638950
3.864000,-0.017167,-0.100983,-7.309391
3.865000,-0.016376,-0.112494,-6.944310
3.866000,-0.015718,-0.121703,-6.565417
3.867000,-0.014730,-0.130912,-6.166462
3.868000,-0.013643,-0.139134,-5.747773
3.869000,-0.012622,-0.147027,-5.318561
3.870000,-0.011733,-0.153934,-4.867643
3.871000,-0.010811,-0.160512,-4.414752
3.872000,-0.009758,-0.166103,-3.939826
3.873000,-0.005049,-0.170708,-3.467203
3.874000,-0.007354,-0.175312,-2.975834
3.875000,-0.007058,-0.179588,-2.487756
3.876000,-0.004324,-0.182548,-1.994744
3.877000,-0.001460,-0.182219,-1.493511
3.878000,-0.007255,-0.189783,-0.990306
3.879000,-0.003765,-0.191757,-0.479208
3.880000,0.000187,-0.185179,0.044059
3.881000,-0.003271,-0.187481,0.569298
3.882000,0.000318,-0.183205,1.109665
3.883000,0.003381,-0.178601,1.634245
3.884000,0.005653,-0.174983,2.148630
3.885000,0.007266,-0.169392,2.653805
3.886000,0.008682,-0.164459,3.156677
3.887000,0.010032,-0.157552,3.650340
3.888000,0.011448,-0.149987,4.144661
3.889000,0.012765,-0.141436,4.625827
3.890000,0.014280,-0.132556,5.108308
3.891000,0.015630,-0.122689,5.574673
3.892000,0.016750,-0.111507,6.031501
3.893000,0.017836,-0.099996,6.473529
3.894000,0.018890,-0.087498,6.893850
3.895000,0.019944,-0.075000,7.290820
3.896000,0.020767,-0.062173,7.659177
3.897000,0.021426,-0.048689,7.992672
3.898000,0.021920,-0.034547,8.274860
3.899000,0.022315,-0.019746,8.514622
3.900000,0.022677,-0.005604,8.715245
3.901000,0.022842,0.007880,8.882651
3.902000,0.022907,0.023009,9.020456
3.903000,0.022875,0.037152,9.112546
3.904000,0.022677,0.050965,9.152670
3.905000,0.022512,0.065765,9.150697
3.906000,0.022282,0.079579,9.098403
3.907000,0.021821,0.093063,9.006643
3.908000,0.021294,0.105561,8.870153
3.909000,0.020701,0.118717,8.696498
3.910000,0.020109,0.131215,8.484364
3.911000,0.019615,0.143055,8.237038
3.912000,0.018726,0.155224,7.963401
3.913000,0.018100,0.166406,7.652271
3.914000,0.017277,0.176931,7.324367
3.915000,0.016355,0.186797,6.959957
3.916000,0.012173,0.196993,6.585680
3.917000,0.014774,0.204886,6.184435
3.918000,0.013819,0.213766,5.769047
3.919000,0.012831,0.221002,5.335242
3.920000,0.011580,0.228238,4.886307
3.921000,0.010724,0.234487,4.432769
3.922000,0.009736,0.240735,3.959168
3.923000,0.008781,0.245669,3.488198
3.924000,0.007596,0.249944,2.996179
3.925000,0.006311,0.253233,2.512711
3.926000,0.004994,0.256193,2.013127
3.927000,0.003875,0.256851,1.518476
3.928000,0.006213,0.262771,1.007709
3.929000,0.000187,0.263429,0.503848
3.930000,-0.000208,0.259811,-0.008564
3.931000,0.004731,0.260140,-0.527226
3.932000,-0.002843,0.256193,-1.056413
3.933000,-0.006629,0.252904,-1.582641
3.934000,-0.004193,0.249944,-2.107555
3.935000,-0.007222,0.244682,-2.627207
3.936000,-0.008869,0.239420,-3.134362
3.937000,-0.010087,0.232184,-3.636255
3.938000,-0.011404,0.224949,-4.133217
3.939000,-0.012655,0.216069,-4.618668
3.940000,-0.014236,0.207517,-5.100502
3.941000,-0.015553,0.197651,-5.567866
3.942000,-0.016804,0.187126,-6.025364
3.943000,-0.017792,0.175286,-6.464445
3.944000,-0.018813,0.162788,-6.885766
3.945000,-0.019834,0.150290,-7.283736
3.946000,-0.020855,0.137135,-7.650462
3.947000,-0.021414,0.123650,-7.985613
3.948000,-0.021908,0.110166,-8.284915
3.949000,-0.022402,0.095694,-8.542447
3.950000,-0.022666,0.080894,-8.761169
3.951000,-0.023094,0.066752,-8.932528
3.952000,-0.023061,0.052281,-9.061788
3.953000,-0.022962,0.037810,-9.141712
3.954000,-0.022731,0.023996,-9.177233
3.955000,-0.022468,0.009196,-9.169340
3.956000,-0.022336,-0.003960,-9.115070
3.957000,-0.022040,-0.018102,-9.021332
3.958000,-0.021447,-0.031258,-8.880890
3.959000,-0.019537,-0.044084,-8.707886
3.960000,-0.020163,-0.056253,-8.492783
3.961000,-0.019669,-0.068751,-8.247420
3.962000,-0.018978,-0.079934,-7.967195
3.963000,-0.018121,-0.091445,-7.660658
3.964000,-0.017167,-0.101969,-7.330111
3.965000,-0.016277,-0.112165,-6.968320
3.966000,-0.015751,-0.121703,-6.594689
3.967000,-0.014862,-0.130912,-6.190800
3.968000,-0.014203,-0.138805,-5.780992
3.969000,-0.012787,-0.146698,-5.344544
3.970000,-0.011700,-0.153605,-4.899546
3.971000,-0.010877,-0.160183,-4.441063
3.972000,-0.009889,-0.166103,-3.970413
3.973000,-0.008770,-0.170379,-3.497462
3.974000,-0.007255,-0.175312,-3.007408
3.975000,-0.006234,-0.178601,-2.511107
3.976000,-0.004588,-0.180574,-2.023358
3.977000,-0.002546,-0.181561,-1.525414
3.978000,-0.003040,-0.185508,-1.023195
3.979000,-0.004193,-0.191757,-0.512755
3.980000,0.000154,-0.185179,0.013143
3.981000,-0.003337,-0.187152,0.535751
3.982000,0.001142,-0.180245,1.069869
3.983000,0.003348,-0.178601,1.601027
3.984000,0.005422,-0.172023,2.113109
3.985000,0.007299,-0.170050,2.622889
3.986000,0.008551,-0.164130,3.120828
3.987000,0.010032,-0.158210,3.618438
3.988000,0.011350,-0.150316,4.110128
3.989000,0.012733,-0.141765,4.594253
3.990000,0.014148,-0.133214,5.076734
3.991000,0.015400,-0.122689,5.543429
3.992000,0.016651,-0.112823,6.001572
3.993000,0.017705,-0.100983,6.442613
3.994000,0.018824,-0.088485,6.867539
3.995000,0.019713,-0.075987,7.265825
3.996000,0.020767,-0.062831,7.634840
3.997000,0.021459,-0.049347,7.971294
3.998000,0.021985,-0.035204,8.258087
3.999000,0.022282,-0.021062,8.498506
4.000000,0.022545,-0.007249,8.703405
4.001000,0.022677,0.007223,8.873113
4.002000,0.022907,0.021694,9.014207
4.003000,0.022842,0.035836,9.106297
4.004000,0.022710,0.049979,9.152999
4.005000,0.022512,0.064121,9.151684
4.006000,0.022084,0.078921,9.103994
4.007000,0.021953,0.092077,9.014207
4.008000,0.021360,0.105561,8.880020
4.009000,0.020866,0.118059,8.712285
4.010000,0.020240,0.130557,8.498177
4.011000,0.019450,0.142726,8.258745
4.012000,0.018824,0.153908,7.980174
4.013000,0.018133,0.165748,7.675622
4.014000,0.017310,0.175944,7.344429
4.015000,0.016453,0.186140,6.986926
4.016000,0.015630,0.196006,6.611991
4.017000,0.014642,0.204886,6.211733
4.018000,0.013786,0.212780,5.769047
4.019000,0.012897,0.221002,5.362211
4.020000,0.011843,0.227580,4.920841
4.021000,0.010691,0.234487,4.462369
4.022000,0.009440,0.240407,3.993372
4.023000,0.008748,0.245340,3.517469
4.024000,0.007793,0.248958,3.030054
4.025000,0.006344,0.253233,2.547902
4.026000,0.004928,0.256851,2.047989
4.027000,0.003941,0.259482,1.556298
4.028000,0.000483,0.260140,1.047176
4.029000,-0.002382,0.255864,0.530817
4.030000,0.000121,0.259811,0.027285
4.031000,0.002558,0.265073,-0.483483
4.032000,0.001932,0.261127,-1.019248
4.033000,-0.000801,0.256193,-1.552712
4.034000,-0.005279,0.249616,-2.069074
4.035000,-0.007123,0.245998,-2.590371
4.036000,-0.008441,0.238433,-3.094894
4.037000,-0.010252,0.233171,-3.602379
4.038000,-0.011305,0.225278,-4.097038
4.039000,-0.012589,0.217384,-4.585778
4.040000,-0.014170,0.208175,-5.066625
4.041000,-0.015487,0.198309,-5.533989
4.042000,-0.016771,0.187784,-5.993790
4.043000,-0.017825,0.176602,-6.432541
4.044000,-0.018747,0.164104,-6.858467
4.045000,-0.020328,0.150948,-7.254464
4.046000,-0.020690,0.138450,-7.625794
4.047000,-0.021480,0.124637,-7.962919
4.048000,-0.021974,0.110166,-8.265181
4.049000,-0.022336,0.096352,-8.526002
4.050000,-0.022731,0.082539,-8.745710
4.051000,-0.023028,0.068068,-8.922003
4.052000,-0.023160,0.053267,-9.054552
4.053000,-0.022995,0.039125,-9.137436
4.054000,-0.022600,0.024654,-9.177562
4.055000,-0.022600,0.010841,-9.170655
4.056000,-0.022270,-0.003960,-9.120662
4.057000,-0.021908,-0.017115,-9.027910
4.058000,-0.021447,-0.030600,-8.891744
4.059000,-0.020822,-0.042769,-8.722029
4.060000,-0.020163,-0.055596,-8.509886
4.061000,-0.019570,-0.068093,-8.251367
4.062000,-0.018945,-0.079276,-7.989560
4.063000,-0.018352,-0.089800,-7.687628
4.064000,-0.017331,-0.100983,-7.354121
4.065000,-0.016475,-0.111178,-6.997263
4.066000,-0.015553,-0.120387,-6.619685
4.067000,-0.014993,-0.129596,-6.222046
4.068000,-0.013907,-0.138147,-5.812237
4.069000,-0.012985,-0.145712,-5.375789
4.070000,-0.011766,-0.152947,-4.939013
4.071000,-0.010746,-0.159854,-4.473953
4.072000,-0.010252,-0.165116,-4.009223
4.073000,-0.008869,-0.171036,-3.531009
4.074000,-0.007815,-0.175312,-3.045889
4.075000,-0.006399,-0.178272,-2.560112
4.076000,-0.003435,-0.179917,-2.060523
4.077000,-0.001888,-0.182219,-1.568828
4.078000,0.002294,-0.179917,-1.053453
4.079000,-0.001756,-0.179917,-0.542026
4.080000,-0.000077,-0.185508,-0.022378
4.081000,0.000154,-0.181561,0.504177
4.082000,0.002623,-0.179259,1.030731
4.083000,0.002887,-0.179588,1.562218
4.084000,0.005126,-0.174983,2.073643
4.085000,0.006772,-0.170050,2.585395
4.086000,0.008320,-0.164459,3.082677
4.087000,0.009901,-0.158867,3.583247
4.088000,0.010296,-0.150974,4.073292
4.089000,0.012667,-0.142752,4.560707
4.090000,0.013885,-0.133872,5.040885
4.091000,0.015268,-0.123676,5.509882
4.092000,0.016552,-0.112823,5.969341
4.093000,0.017705,-0.102298,6.411040
4.094000,0.018791,-0.089800,6.836623
4.095000,0.019615,-0.076973,7.235238
4.096000,0.020570,-0.063818,7.609844
4.097000,0.021327,-0.050333,7.947614
4.098000,0.021854,-0.036191,8.239011
4.099000,0.022183,-0.022706,8.482719
4.100000,0.022545,-0.008564,8.688934
4.101000,0.022776,0.006236,8.860944
4.102000,0.022940,0.020707,9.003683
4.103000,0.022907,0.034521,9.102679
4.104000,0.022809,0.049321,9.144119
4.105000,0.022414,0.063792,9.151684
4.106000,0.022150,0.076948,9.111230
4.107000,0.021821,0.091090,9.020127
4.108000,0.021459,0.103917,8.891860
4.109000,0.020833,0.117072,8.722152
4.110000,0.020240,0.128912,8.514951
4.111000,0.019648,0.141410,8.277820
4.112000,0.018758,0.153579,7.999579
4.113000,0.018297,0.164433,7.702920
4.114000,0.017343,0.175286,7.368438
4.115000,0.016618,0.185482,7.014224
4.116000,0.015663,0.194691,6.636658
4.117000,0.014807,0.203571,6.241662
4.118000,0.013786,0.212451,5.828905
4.119000,0.012930,0.220015,5.395428
4.120000,0.011942,0.227251,4.955374
4.121000,0.010921,0.233500,4.494929
4.122000,0.009670,0.240735,4.031523
4.123000,0.008649,0.244682,3.551345
4.124000,0.007793,0.249616,3.068863
4.125000,0.006542,0.252247,2.579147
4.126000,0.004830,0.255864,2.084496
4.127000,0.004599,0.259482,1.586885
4.128000,0.004731,0.257509,1.078749
4.129000,0.003875,0.259482,0.583111
4.130000,-0.000241,0.260140,0.063134
4.131000,-0.004226,0.263100,-0.445003
4.132000,0.001306,0.261127,-0.983728
4.133000,-0.006761,0.251260,-1.512258
4.134000,-0.003896,0.251589,-2.033225
4.135000,-0.006794,0.245998,-2.552877
4.136000,-0.008572,0.240078,-3.059374
4.137000,-0.010087,0.233500,-3.566858
4.138000,-0.011305,0.226264,-4.059873
4.139000,-0.012458,0.218042,-4.551244
4.140000,-0.014368,0.208504,-5.029460
4.141000,-0.015224,0.198637,-5.502744
4.142000,-0.016574,0.188771,-5.960900
4.143000,-0.017825,0.176602,-6.401296
4.144000,-0.018813,0.165419,-6.827551
4.145000,-0.019801,0.152264,-7.225850
4.146000,-0.020525,0.138779,-7.600469
4.147000,-0.021513,0.125624,-7.938251
4.148000,-0.022007,0.112139,-8.242816
4.149000,-0.022402,0.097997,-8.508570
4.150000,-0.022666,0.083525,-8.730909
4.151000,-0.022764,0.068725,-8.910162
4.152000,-0.022929,0.054254,-9.045014
4.153000,-0.023028,0.040112,-9.132831
4.154000,-0.022896,0.025970,-9.175260
4.155000,-0.022633,0.011169,-9.172958
4.156000,-0.022238,-0.002644,-9.127898
4.157000,-0.021875,-0.015800,-9.035146
4.158000,-0.021678,-0.028955,-8.905558
4.159000,-0.020953,-0.042440,-8.734527
4.160000,-0.020426,-0.054280,-8.526989
4.161000,-0.019702,-0.066449,-8.285902
4.162000,-0.018813,-0.078947,-8.010939
4.163000,-0.018220,-0.090129,-7.711309
4.164000,-0.017463,-0.100983,-7.378131
4.165000,-0.016837,-0.109863,-7.028180
4.166000,-0.015751,-0.120058,-6.646984
4.167000,-0.014730,-0.128938,-6.255264
4.168000,-0.013841,-0.137818,-5.840852
4.169000,-0.012952,-0.145383,-5.408679
4.170000,-0.011931,-0.152619,-4.968285
4.171000,-0.011075,-0.159196,-4.508158
4.172000,-0.010021,-0.164788,-4.048033
4.173000,-0.008737,-0.170050,-3.565543
4.174000,-0.008276,-0.175641,-3.086672
4.175000,-0.006366,-0.178930,-2.594317
4.176000,-0.003172,-0.180903,-2.100648
4.177000,-0.005905,-0.186165,-1.600730
4.178000,-0.003007,-0.185508,-1.097525
4.179000,-0.007090,-0.186823,-0.591031
4.180000,-0.000077,-0.185508,-0.063489
4.181000,0.005883,-0.183863,0.458132
4.182000,0.006147,-0.181232,0.988962
4.183000,0.004830,-0.180903,1.520778
4.184000,0.005258,-0.175641,2.036478
4.185000,0.006707,-0.170708,2.545600
4.186000,0.008452,-0.165116,3.046499
4.187000,0.009703,-0.158867,3.546082
4.188000,0.011185,-0.151303,4.034483
4.189000,0.012601,-0.143410,4.524200
4.190000,0.013687,-0.134529,4.999774
4.191000,0.015038,-0.124334,5.475677
4.192000,0.016552,-0.113809,5.932834
4.193000,0.017606,-0.102627,6.377822
4.194000,0.018824,-0.090787,6.804392
4.195000,0.019746,-0.078289,7.205309
4.196000,0.020438,-0.065133,7.581888
4.197000,0.021195,-0.051978,7.922290
4.198000,0.021854,-0.037178,8.218291
4.199000,0.022348,-0.023035,8.464301
4.200000,0.022611,-0.008893,8.674463
4.201000,0.022710,0.004920,8.848446
4.202000,0.022776,0.019063,8.993487
4.203000,0.022907,0.033863,9.096759
4.204000,0.022677,0.048334,9.149710
4.205000,0.022611,0.062148,9.153328
4.206000,0.022216,0.076290,9.113861
4.207000,0.021953,0.090432,9.029007
4.208000,0.021492,0.102930,8.904686
4.209000,0.020767,0.116086,8.737281
4.210000,0.020240,0.128584,8.534026
4.211000,0.019648,0.141410,8.293936
4.212000,0.018890,0.152922,8.023917
4.213000,0.018363,0.164104,7.724955
4.214000,0.017408,0.173971,7.394092
4.215000,0.016552,0.184166,7.046126
4.216000,0.015729,0.193704,6.664943
4.217000,0.017079,0.203242,6.278168
4.218000,0.013918,0.212122,5.860478
4.219000,0.012996,0.219686,5.431277
4.220000,0.012008,0.226593,4.986619
4.221000,0.011086,0.233500,4.528804
4.222000,0.009967,0.239091,4.067044
4.223000,0.008682,0.244024,3.586865
4.224000,0.007694,0.248958,3.110632
4.225000,0.006410,0.253233,2.614996
4.226000,0.006213,0.256193,2.126594
4.227000,0.003644,0.258167,1.624379
4.228000,-0.000571,0.257180,1.125781
4.229000,0.004566,0.264087,0.617316
4.230000,0.000088,0.259811,0.100957
4.231000,0.005258,0.259153,-0.415403
4.232000,-0.003633,0.255864,-0.947879
4.233000,-0.006564,0.252904,-1.463911
4.234000,-0.003699,0.251589,-1.997047
4.235000,-0.006037,0.245998,-2.511436
4.236000,-0.008638,0.240407,-3.023853
4.237000,-0.009593,0.234158,-3.528049
4.238000,-0.011207,0.226922,-4.024681
4.239000,-0.012293,0.218371,-4.515723
4.240000,-0.013775,0.208833,-4.993939
4.241000,-0.015224,0.199624,-5.467552
4.242000,-0.016541,0.189100,-5.926036
4.243000,-0.017693,0.178246,-6.372353
4.244000,-0.018582,0.166077,-6.796305
4.245000,-0.019702,0.154237,-7.199209
4.246000,-0.020558,0.140424,-7.573499
4.247000,-0.021414,0.126610,-7.915557
4.248000,-0.022007,0.112139,-8.223410
4.249000,-0.022402,0.098983,-8.490809
4.250000,-0.022699,0.084512,-8.715451
4.251000,-0.022830,0.069712,-8.898651
4.252000,-0.022929,0.055241,-9.036791
4.253000,-0.022995,0.041099,-9.128227
4.254000,-0.022995,0.026956,-9.173616
4.255000,-0.022962,0.012814,-9.175260
4.256000,-0.022303,-0.001000,-9.131516
4.257000,-0.021842,-0.014813,-9.042053
4.258000,-0.021381,-0.028298,-8.917069
4.259000,-0.020986,-0.041782,-8.746039
4.260000,-0.020229,-0.053293,-8.544749
4.261000,-0.019735,-0.066120,-8.302347
4.262000,-0.018912,-0.077631,-8.031660
4.263000,-0.018187,-0.089142,-7.730714
4.264000,-0.017496,-0.099996,-7.401154
4.265000,-0.016706,-0.109863,-7.051532
4.266000,-0.015784,-0.119072,-6.671981
4.267000,-0.014993,-0.128609,-6.286839
4.268000,-0.013841,-0.137161,-5.867492
4.269000,-0.013479,-0.145054,-5.442556
4.270000,-0.012129,-0.151632,-4.996899
4.271000,-0.011239,-0.158539,-4.541706
4.272000,-0.010120,-0.164459,-4.075660
4.273000,-0.008671,-0.170050,-3.598432
4.274000,-0.007650,-0.174983,-3.119232
4.275000,-0.006662,-0.178930,-2.625891
4.276000,-0.005444,-0.181561,-2.132222
4.277000,-0.005246,-0.182877,-1.628357
4.278000,-0.005115,-0.187481,-1.134690
4.279000,0.005357,-0.180245,-0.608791
4.280000,-0.000307,-0.185508,-0.099667
4.281000,-0.003798,-0.184521,0.427875
4.282000,-0.000175,-0.185837,0.960678
4.283000,0.004632,-0.178272,1.481640
4.284000,0.005357,-0.175970,2.003918
4.285000,0.006740,-0.173668,2.508435
4.286000,0.008353,-0.165774,3.014926
4.287000,0.009637,-0.159525,3.511549
4.288000,0.010987,-0.151961,4.004555
4.289000,0.012436,-0.143738,4.491640
4.290000,0.013852,-0.134529,4.971490
4.291000,0.015169,-0.125321,5.445091
4.292000,0.016322,-0.114467,5.902905
4.293000,0.017441,-0.103943,6.350195
4.294000,0.017771,-0.091445,6.775450
4.295000,0.019648,-0.078618,7.181629
4.296000,0.020405,-0.066120,7.558208
4.297000,0.021228,-0.052307,7.902227
4.298000,0.021755,-0.038493,8.200531
4.299000,0.022150,-0.024022,8.451146
4.300000,0.022446,-0.010209,8.661636
4.301000,0.022776,0.004263,8.838908
4.302000,0.022940,0.018734,8.985265
4.303000,0.022842,0.032876,9.093799
4.304000,0.022809,0.046361,9.146092
4.305000,0.022479,0.061161,9.154973
4.306000,0.022183,0.075303,9.116821
4.307000,0.021985,0.089117,9.034598
4.308000,0.021426,0.101943,8.913895
4.309000,0.020800,0.114770,8.746819
4.310000,0.020306,0.127597,8.550471
4.311000,0.019582,0.139766,8.309723
4.312000,0.019022,0.151606,8.042664
4.313000,0.018363,0.163446,7.741729
4.314000,0.017540,0.174299,7.417443
4.315000,0.016618,0.183837,7.065202
4.316000,0.015729,0.193704,6.689281
4.317000,0.015038,0.203242,6.301519
4.318000,0.013951,0.211135,5.884487
4.319000,0.013128,0.219029,5.460877
4.320000,0.011909,0.225935,5.012601
4.321000,0.011086,0.233171,4.562022
4.322000,0.009802,0.238104,4.094341
4.323000,0.008847,0.244024,3.618438
4.324000,0.007793,0.248958,3.137273
4.325000,0.006805,0.252576,2.644925
4.326000,0.005258,0.255864,2.157510
4.327000,0.003513,0.257838,1.655623
4.328000,0.005587,0.257180,1.159328
4.329000,0.000812,0.258824,0.647245
4.330000,0.000318,0.259811,0.133517
4.331000,-0.004292,0.264087,-0.375278
4.332000,0.001603,0.260798,-0.910385
4.333000,-0.002019,0.255536,-1.440560
4.334000,-0.005707,0.250602,-1.961526
4.335000,-0.006662,0.245669,-2.477889
4.336000,-0.008276,0.240407,-2.994910
4.337000,-0.008441,0.234815,-3.494173
4.338000,-0.011207,0.227251,-3.995080
4.339000,-0.012425,0.219358,-4.483491
4.340000,-0.013775,0.210149,-4.967298
4.341000,-0.015092,0.200282,-5.439267
4.342000,-0.016475,0.189757,-5.897093
4.343000,-0.017726,0.178904,-6.344067
4.344000,-0.018714,0.167393,-6.768677
4.345000,-0.019603,0.153579,-7.175199
4.346000,-0.020361,0.140753,-7.550147
4.347000,-0.021283,0.127268,-7.895165
4.348000,-0.022007,0.113455,-8.204663
4.349000,-0.022303,0.100299,-8.476666
4.350000,-0.022600,0.085499,-8.702952
4.351000,-0.022797,0.071357,-8.888784
4.352000,-0.023094,0.056228,-9.028239
4.353000,-0.023028,0.042085,-9.122964
4.354000,-0.023061,0.027614,-9.172300
4.355000,-0.022567,0.013143,-9.176905
4.356000,-0.022270,-0.000342,-9.134476
4.357000,-0.021941,-0.014155,-9.050934
4.358000,-0.021546,-0.027969,-8.925950
4.359000,-0.021085,-0.040467,-8.757880
4.360000,-0.020426,-0.052964,-8.558892
4.361000,-0.019603,-0.065133,-8.316161
4.362000,-0.019011,-0.075987,-8.052710
4.363000,-0.018451,-0.088156,-7.748804
4.364000,-0.017726,-0.099338,-7.425493
4.365000,-0.016804,-0.109205,-7.071266
4.366000,-0.015718,-0.119400,-6.696648
4.367000,-0.014894,-0.127952,-6.307888
4.368000,-0.013972,-0.137490,-5.894462
4.369000,-0.013248,-0.144396,-5.470841
4.370000,-0.012326,-0.151632,-5.022882
4.371000,-0.009725,-0.158539,-4.574267
4.372000,-0.009922,-0.164130,-4.103616
4.373000,-0.008605,-0.169392,-3.630006
4.374000,-0.007980,-0.173668,-3.145544
4.375000,-0.006959,-0.177614,-2.655820
4.376000,-0.006893,-0.182219,-2.164453
4.377000,-0.001427,-0.181561,-1.665193
4.378000,-0.001954,-0.182548,-1.160672
4.379000,0.002459,-0.180574,-0.644312
4.380000,-0.000077,-0.185508,-0.135845
4.381000,0.004698,-0.187152,0.388408
4.382000,-0.001328,-0.185179,0.929762
4.383000,0.002821,-0.181890,1.456316
4.384000,0.005488,-0.176299,1.972673
4.385000,0.006608,-0.172023,2.478177
4.386000,0.008057,-0.166103,2.984668
4.387000,0.009473,-0.159196,3.491816
4.388000,0.010954,-0.152619,3.976270
4.389000,0.012436,-0.144725,4.460395
4.390000,0.013622,-0.135516,4.943534
4.391000,0.015005,-0.125649,5.415491
4.392000,0.016256,-0.115454,5.877252
4.393000,0.017474,-0.103614,6.323226
4.394000,0.018627,-0.092102,6.751112
4.395000,0.019582,-0.079934,7.158278
4.396000,0.020405,-0.066449,7.535515
4.397000,0.021096,-0.052636,7.882823
4.398000,0.021821,-0.039151,8.183429
4.399000,0.022315,-0.025009,8.436346
4.400000,0.022414,-0.010866,8.649796
4.401000,0.022743,0.003276,8.829041
4.402000,0.022875,0.017089,8.975727
4.403000,0.022776,0.032547,9.087879
4.404000,0.022875,0.047019,9.143132
4.405000,0.022545,0.060503,9.157604
4.406000,0.022249,0.074645,9.120439
4.407000,0.021887,0.087801,9.042492
4.408000,0.021524,0.101286,8.921789
4.409000,0.020998,0.114770,8.758988
4.410000,0.020537,0.127597,8.562311
4.411000,0.019746,0.139108,8.323536
4.412000,0.019088,0.150948,8.062397
4.413000,0.018330,0.161473,7.760476
4.414000,0.016453,0.173642,7.441452
4.415000,0.016684,0.183508,7.086580
4.416000,0.015828,0.193375,6.715263
4.417000,0.015038,0.201597,6.324213
4.418000,0.014017,0.210806,5.911456
4.419000,0.012996,0.219358,5.487189
4.420000,0.012107,0.225935,5.039570
4.421000,0.011284,0.232513,4.592938
4.422000,0.010098,0.238762,4.120324
4.423000,0.009242,0.243696,3.651985
4.424000,0.007694,0.248629,3.164242
4.425000,0.006674,0.252576,2.676827
4.426000,0.005850,0.254878,2.184807
4.427000,0.004632,0.256522,1.686868
4.428000,-0.000241,0.257180,1.191559
4.429000,0.006015,0.264416,0.679147
4.430000,0.000615,0.260140,0.164762
4.431000,0.004698,0.256522,-0.360478
4.432000,0.003513,0.262442,-0.868616
4.433000,-0.007551,0.251260,-1.404710
4.434000,-0.003798,0.252247,-1.930281
4.435000,-0.006959,0.247313,-2.448288
4.436000,-0.008210,0.241064,-2.961034
4.437000,-0.009494,0.235144,-3.462928
4.438000,-0.011108,0.227580,-3.963835
4.439000,-0.012392,0.220015,-4.452904
4.440000,-0.013940,0.210806,-4.936711
4.441000,-0.014960,0.200940,-5.408021
4.442000,-0.016245,0.191073,-5.870452
4.443000,-0.017364,0.179891,-6.315453
4.444000,-0.018550,0.167393,-6.744668
4.445000,-0.019537,0.155224,-7.149873
4.446000,-0.020525,0.141739,-7.527123
4.447000,-0.021151,0.128584,-7.874115
4.448000,-0.021744,0.114112,-8.185916
4.449000,-0.022336,0.100299,-8.459563
4.450000,-0.022731,0.085828,-8.689796
4.451000,-0.023061,0.072014,-8.878916
4.452000,-0.022995,0.057543,-9.021332
4.453000,-0.022995,0.043401,-9.120333
4.454000,-0.022764,0.028930,-9.170655
4.455000,-0.022666,0.014458,-9.180194
4.456000,-0.022435,0.000645,-9.137765
4.457000,-0.022336,-0.013826,-9.058828
4.458000,-0.021480,-0.026653,-8.933844
4.459000,-0.020789,-0.039480,-8.771036
4.460000,-0.020361,-0.052636,-8.571062
4.461000,-0.019801,-0.064147,-8.334909
4.462000,-0.019208,-0.075658,-8.069155
4.463000,-0.018220,-0.087498,-7.768867
4.464000,-0.017430,-0.098680,-7.449832
4.465000,-0.016804,-0.108547,-7.094618
4.466000,-0.015751,-0.119072,-6.726578
4.467000,-0.015092,-0.127623,-6.331898
4.468000,-0.014038,-0.136174,-5.922090
4.469000,-0.013050,-0.144067,-5.495837
4.470000,-0.011997,-0.150974,-5.053470
4.471000,-0.010976,-0.158210,-4.602223
4.472000,-0.010153,-0.163801,-4.132559
4.473000,-0.009132,-0.169063,-3.657962
4.474000,-0.007980,-0.173339,-3.176131
4.475000,-0.005872,-0.176628,-2.692328
4.476000,-0.004785,-0.179588,-2.196027
4.477000,-0.006959,-0.185837,-1.695780
4.478000,0.000582,-0.181890,-1.196850
4.479000,0.004632,-0.179917,-0.675227
4.480000,-0.001591,-0.185837,-0.168076
4.481000,0.000681,-0.182548,0.358479
4.482000,0.000911,-0.181561,0.889966
4.483000,0.002195,-0.179588,1.421453
4.484000,0.005653,-0.176628,1.938140
4.485000,0.006476,-0.171694,2.447591
4.486000,0.007958,-0.166761,2.952108
4.487000,0.009374,-0.160183,3.449389
4.488000,0.010757,-0.152947,3.943381
4.489000,0.012436,-0.144725,4.426849
4.490000,0.013523,-0.136174,4.911632
4.491000,0.017244,-0.126307,5.384246
4.492000,0.016190,-0.116440,5.848309
4.493000,0.017343,-0.105258,6.294942
4.494000,0.018594,-0.093089,6.724472
4.495000,0.019582,-0.080262,7.132295
4.496000,0.020405,-0.067107,7.511177
4.497000,0.021096,-0.054280,7.862103
4.498000,0.021722,-0.040138,8.165011
4.499000,0.022183,-0.025995,8.419901
4.500000,0.022545,-0.012511,8.635982
4.501000,0.022644,0.001632,8.817530
4.502000,0.022776,0.016432,8.968820
4.503000,0.022842,0.031232,9.080972
4.504000,0.022809,0.046032,9.141488
4.505000,0.022710,0.059845,9.158261
4.506000,0.022216,0.073659,9.125701
4.507000,0.021985,0.087143,9.051043
4.508000,0.021524,0.100628,8.930669
4.509000,0.020965,0.113455,8.772801
4.510000,0.020570,0.125952,8.573822
4.511000,0.019911,0.138450,8.342283
4.512000,0.019088,0.150290,8.078842
4.513000,0.018265,0.161144,7.781525
4.514000,0.017441,0.171997,7.460199
4.515000,0.016717,0.183180,7.110917
4.516000,0.016025,0.193046,6.739272
4.517000,0.015070,0.201269,6.347893
4.518000,0.014148,0.210149,5.941056
4.519000,0.013161,0.218371,5.513829
4.520000,0.012041,0.225606,5.071801
4.521000,0.011152,0.232513,4.620894
4.522000,0.010098,0.238104,4.152226
4.523000,0.009110,0.243038,3.682901
4.524000,0.007958,0.247971,3.195815
4.525000,0.006608,0.251260,2.713663
4.526000,0.005126,0.255536,2.217039
4.527000,0.004270,0.256193,1.721401
4.528000,0.005982,0.261127,1.212937
4.529000,0.002294,0.259811,0.716970
4.530000,0.000351,0.259482,0.203571
4.531000,0.002426,0.255207,-0.315091
4.532000,-0.007288,0.253233,-0.836713
4.533000,0.000516,0.257838,-1.371492
4.534000,-0.002876,0.250273,-1.894103
4.535000,-0.006498,0.246984,-2.415399
4.536000,-0.008078,0.241722,-2.925843
4.537000,-0.009626,0.235144,-3.432340
4.538000,-0.010877,0.227909,-3.931603
4.539000,-0.012293,0.220015,-4.419356
4.540000,-0.013643,0.211135,-4.906124
4.541000,-0.014993,0.201597,-5.374474
4.542000,-0.016245,0.190744,-5.840194
4.543000,-0.017298,0.180548,-6.285194
4.544000,-0.018484,0.168051,-6.716053
4.545000,-0.019373,0.155882,-7.123232
4.546000,-0.020361,0.142726,-7.504100
4.547000,-0.021217,0.128912,-7.853395
4.548000,-0.021908,0.115428,-8.166839
4.549000,-0.022238,0.101286,-8.443118
4.550000,-0.022534,0.086486,-8.676640
4.551000,-0.022764,0.073330,-8.867734
4.552000,-0.023028,0.057872,-9.013768
4.553000,-0.023192,0.044059,-9.114084
4.554000,-0.023028,0.028930,-9.168682
4.555000,-0.022863,0.016103,-9.179207
4.556000,-0.022303,0.001303,-9.142698
4.557000,-0.021974,-0.012511,-9.064090
4.558000,-0.021645,-0.025666,-8.942724
4.559000,-0.021184,-0.038822,-8.780903
4.560000,-0.020624,-0.051649,-8.585205
4.561000,-0.019867,-0.063818,-8.353985
4.562000,-0.018912,-0.075329,-8.086587
4.563000,-0.018286,-0.086840,-7.790574
4.564000,-0.017430,-0.097694,-7.468908
4.565000,-0.016969,-0.108218,-7.118628
4.566000,-0.016146,-0.117756,-6.751903
4.567000,-0.015257,-0.126965,-6.357552
4.568000,-0.014236,-0.136174,-5.953664
4.569000,-0.013116,-0.143081,-5.524780
4.570000,-0.012161,-0.151303,-5.085373
4.571000,-0.011239,-0.157552,-4.630837
4.572000,-0.010416,-0.163472,-4.164791
4.573000,-0.009066,-0.169063,-3.695128
4.574000,-0.008012,-0.173339,-3.209021
4.575000,-0.006531,-0.177285,-2.727190
4.576000,-0.005378,-0.181232,-2.229574
4.577000,-0.000241,-0.180245,-1.734261
4.578000,-0.007749,-0.187810,-1.223491
4.579000,0.003414,-0.179917,-0.714366
4.580000,0.000286,-0.183863,-0.201294
4.581000,0.004599,-0.187152,0.324274
4.582000,0.000878,-0.186494,0.849513
4.583000,0.001471,-0.181232,1.387906
4.584000,0.004632,-0.176299,1.899002
4.585000,0.006410,-0.172352,2.414702
4.586000,0.008254,-0.166761,2.915272
4.587000,0.009374,-0.159854,3.416171
4.588000,0.010856,-0.153934,3.908848
4.589000,0.012140,-0.145712,4.396591
4.590000,0.013490,-0.136832,4.879730
4.591000,0.014708,-0.127294,5.351028
4.592000,0.016058,-0.116769,5.817394
4.593000,0.017310,-0.106245,6.277839
4.594000,0.018462,-0.093747,6.696516
4.595000,0.019450,-0.081578,7.103682
4.596000,0.020306,-0.068422,7.487497
4.597000,0.021063,-0.055596,7.838752
4.598000,0.021623,-0.041124,8.146593
4.599000,0.022282,-0.026982,8.404772
4.600000,0.022479,-0.013169,8.623485
4.601000,0.022710,0.000974,8.806348
4.602000,0.022809,0.015445,8.958624
4.603000,0.022776,0.029916,9.074723
4.604000,0.022809,0.044387,9.140172
4.605000,0.022611,0.058530,9.157604
4.606000,0.022381,0.072672,9.128003
4.607000,0.022018,0.086157,9.057292
4.608000,0.021557,0.099641,8.939220
4.609000,0.020965,0.113126,8.786614
4.610000,0.020504,0.125624,8.587964
4.611000,0.019812,0.137464,8.362345
4.612000,0.019088,0.149633,8.096602
4.613000,0.018429,0.161144,7.804876
4.614000,0.017606,0.171668,7.483221
4.615000,0.016783,0.181535,7.136242
4.616000,0.015861,0.192060,6.766570
4.617000,0.015136,0.200940,6.376506
4.618000,0.014214,0.209820,5.973616
4.619000,0.013226,0.217384,5.541784
4.620000,0.012502,0.224949,5.107321
4.621000,0.011218,0.231855,4.650822
4.622000,0.010131,0.237775,4.186759
4.623000,0.009077,0.243696,3.713487
4.624000,0.008090,0.248300,3.229691
4.625000,0.007069,0.251589,2.746223
4.626000,0.005883,0.254878,2.250585
4.627000,0.004072,0.257838,1.760868
4.628000,0.000483,0.257180,1.253061
4.629000,0.000582,0.257838,0.742294
4.630000,-0.001954,0.259482,0.238762
4.631000,-0.003040,0.262113,-0.280557
4.632000,-0.008309,0.251918,-0.804811
4.633000,-0.006959,0.252904,-1.329723
4.634000,-0.002941,0.253562,-1.855622
4.635000,-0.006201,0.247313,-2.379550
4.636000,-0.007782,0.242380,-2.896571
4.637000,-0.009198,0.235473,-3.397477
4.638000,-0.010713,0.228567,-3.894109
4.639000,-0.012260,0.221002,-4.386796
4.640000,-0.013709,0.212122,-4.869287
4.641000,-0.014763,0.202584,-5.344215
4.642000,-0.016047,0.192060,-5.808619
4.643000,-0.017397,0.181206,-6.255264
4.644000,-0.018550,0.168708,-6.688097
4.645000,-0.019570,0.157197,-7.093960
4.646000,-0.020394,0.144041,-7.478775
4.647000,-0.021085,0.130228,-7.829056
4.648000,-0.021678,0.116415,-8.147105
4.649000,-0.022369,0.102601,-8.424371
4.650000,-0.022797,0.088130,-8.660524
4.651000,-0.022896,0.073988,-8.854577
4.652000,-0.022764,0.058859,-9.005545
4.653000,-0.022995,0.045045,-9.107177
4.654000,-0.022896,0.031232,-9.168024
4.655000,-0.022962,0.016761,-9.177891
4.656000,-0.022468,0.002289,-9.146316
4.657000,-0.021908,-0.011524,-9.069352
4.658000,-0.021612,-0.025009,-8.951933
4.659000,-0.021151,-0.037507,-8.796361
4.660000,-0.020624,-0.050662,-8.597045
4.661000,-0.019998,-0.063160,-8.372404
4.662000,-0.019373,-0.074342,-8.102703
4.663000,-0.019109,-0.085854,-7.814584
4.664000,-0.017529,-0.096378,-7.489300
4.665000,-0.016837,-0.107560,-7.143624
4.666000,-0.016179,-0.116769,-6.773611
4.667000,-0.015323,-0.126307,-6.384851
4.668000,-0.014170,-0.134529,-5.981620
4.669000,-0.013215,-0.143081,-5.551750
4.670000,-0.012194,-0.149987,-5.118920
4.671000,-0.011404,-0.156894,-4.659780
4.672000,-0.010548,-0.163143,-4.200311
4.673000,-0.009033,-0.168076,-3.724070
4.674000,-0.007848,-0.173339,-3.243226
4.675000,-0.006597,-0.177943,-2.756791
4.676000,-0.006004,-0.179917,-2.260490
4.677000,-0.006168,-0.184850,-1.767479
4.678000,-0.007683,-0.188797,-1.257695
4.679000,-0.007848,-0.190112,-0.758108
4.680000,0.003084,-0.186494,-0.233197
4.681000,0.002261,-0.184521,0.288754
4.682000,0.003183,-0.184850,0.812348
4.683000,0.005291,-0.181232,1.350413
4.684000,0.004599,-0.176628,1.868744
4.685000,0.006246,-0.172352,2.381484
4.686000,0.007793,-0.167090,2.881396
4.687000,0.009407,-0.160841,3.383282
4.688000,0.010658,-0.154263,3.874643
4.689000,0.012107,-0.146041,4.366004
4.690000,0.013259,-0.136832,4.847170
4.691000,0.014774,-0.127952,5.321757
4.692000,0.016190,-0.117427,5.785163
4.693000,0.017244,-0.106574,6.235084
4.694000,0.018265,-0.094734,6.667574
4.695000,0.019285,-0.082236,7.077700
4.696000,0.020240,-0.069409,7.462830
4.697000,0.021031,-0.056253,7.816387
4.698000,0.021755,-0.042440,8.127188
4.699000,0.022117,-0.027640,8.388985
4.700000,0.022479,-0.013826,8.609342
4.701000,0.022743,0.000645,8.794837
4.702000,0.022743,0.014787,8.949744
4.703000,0.023006,0.029258,9.070119
4.704000,0.022842,0.043072,9.138857
4.705000,0.022611,0.057214,9.155301
4.706000,0.022414,0.071357,9.133923
4.707000,0.022051,0.085170,9.062225
4.708000,0.021656,0.098983,8.948758
4.709000,0.021096,0.112139,8.795495
4.710000,0.020504,0.124637,8.601778
4.711000,0.019911,0.136806,8.376816
4.712000,0.019187,0.148646,8.114691
4.713000,0.018429,0.160157,7.829543
4.714000,0.017639,0.171011,7.502297
4.715000,0.016783,0.180877,7.162224
4.716000,0.016124,0.191073,6.791236
4.717000,0.015103,0.199953,6.404791
4.718000,0.014148,0.209162,5.998612
4.719000,0.013358,0.217713,5.570069
4.720000,0.012403,0.224949,5.136921
4.721000,0.011317,0.231198,4.679436
4.722000,0.010230,0.237447,4.211097
4.723000,0.009110,0.242380,3.743416
4.724000,0.008024,0.247971,3.265540
4.725000,0.006871,0.251589,2.775494
4.726000,0.006213,0.254878,2.285119
4.727000,0.004467,0.257180,1.791126
4.728000,0.005357,0.261127,1.282662
4.729000,0.006213,0.263758,0.784063
4.730000,-0.002217,0.262442,0.263429
4.731000,-0.000044,0.264087,-0.245695
4.732000,0.004336,0.263758,-0.765673
4.733000,-0.007617,0.251589,-1.295189
4.734000,-0.002909,0.252904,-1.824707
4.735000,-0.006070,0.248300,-2.342714
4.736000,-0.007848,0.242380,-2.854472
4.737000,-0.009165,0.235802,-3.363930
4.738000,-0.010614,0.228895,-3.859575
4.739000,-0.012161,0.221002,-4.354564
4.740000,-0.016179,0.212451,-4.834753
4.741000,-0.014862,0.202913,-5.312641
4.742000,-0.015915,0.192717,-5.775401
4.743000,-0.017199,0.181864,-6.225664
4.744000,-0.018286,0.170024,-6.657838
4.745000,-0.019373,0.157526,-7.066990
4.746000,-0.020459,0.144370,-7.452463
4.747000,-0.021184,0.131544,-7.806033
4.748000,-0.021546,0.118059,-8.125726
4.749000,-0.022106,0.103588,-8.406939
4.750000,-0.022633,0.088788,-8.645065
4.751000,-0.022962,0.074645,-8.843395
4.752000,-0.023225,0.060503,-8.996007
4.753000,-0.023028,0.046032,-9.102243
4.754000,-0.022731,0.031232,-9.165064
4.755000,-0.022633,0.017089,-9.179207
4.756000,-0.022501,0.003605,-9.153223
4.757000,-0.022303,-0.010537,-9.076917
4.758000,-0.021381,-0.023364,-8.963774
4.759000,-0.021151,-0.036520,-8.807544
4.760000,-0.020459,-0.049676,-8.615464
4.761000,-0.019900,-0.062173,-8.386876
4.762000,-0.019340,-0.073685,-8.124739
4.763000,-0.018615,-0.084867,-7.838265
4.764000,-0.017759,-0.096049,-7.513639
4.765000,-0.016771,-0.106245,-7.147242
4.766000,-0.016047,-0.116440,-6.799923
4.767000,-0.015454,-0.125321,-6.419714
4.768000,-0.014499,-0.134201,-6.009577
4.769000,-0.013347,-0.142094,-5.586942
4.770000,-0.012293,-0.149658,-5.149508
4.771000,-0.011305,-0.156565,-4.694643
4.772000,-0.010449,-0.163472,-4.236490
4.773000,-0.009527,-0.168076,-3.759262
4.774000,-0.008506,-0.173010,-3.281706
4.775000,-0.007255,-0.176628,-2.791325
4.776000,-0.004127,-0.178930,-2.303904
4.777000,-0.002678,-0.180903,-1.801684
4.778000,-0.000373,-0.181232,-1.297820
4.779000,-0.004259,-0.186165,-0.799877
4.780000,-0.002448,-0.183863,-0.273979
4.781000,0.000549,-0.184192,0.245340
4.782000,-0.001394,-0.187152,0.776828
4.783000,0.006015,-0.179259,1.301408
4.784000,0.004533,-0.176628,1.829277
4.785000,0.005686,-0.172681,2.338728
4.786000,0.007694,-0.167748,2.844890
4.787000,0.009209,-0.161170,3.343486
4.788000,0.010625,-0.154921,3.835505
4.789000,0.011975,-0.146370,4.326537
4.790000,0.013226,-0.138476,4.807374
4.791000,0.014741,-0.127952,5.285250
4.792000,0.014972,-0.117756,5.748985
4.793000,0.017277,-0.106903,6.201537
4.794000,0.018297,-0.095391,6.633040
4.795000,0.019121,-0.083222,7.047442
4.796000,0.020109,-0.069738,7.433888
4.797000,0.020932,-0.056911,7.788431
4.798000,0.021689,-0.043427,8.104495
4.799000,0.022150,-0.029284,8.368923
4.800000,0.022414,-0.015142,8.593555
4.801000,0.022611,-0.001000,8.782339
4.802000,0.022842,0.013801,8.938891
4.803000,0.022907,0.028272,9.062225
4.804000,0.022907,0.042414,9.134910
4.805000,0.022743,0.057214,9.157604
4.806000,0.022282,0.070041,9.139186
4.807000,0.021953,0.084512,9.070119
4.808000,0.021557,0.097339,8.963558
4.809000,0.021228,0.110495,8.810295
4.810000,0.020537,0.123979,8.624800
4.811000,0.019845,0.135490,8.398194
4.812000,0.019252,0.147988,8.140673
4.813000,0.018462,0.159499,7.851249
4.814000,0.017672,0.170353,7.532226
4.815000,0.016980,0.180877,7.194784
4.816000,0.016190,0.190415,6.823139
4.817000,0.015169,0.199624,6.430444
4.818000,0.014247,0.208175,6.032488
4.819000,0.013391,0.216726,5.612167
4.820000,0.012469,0.223962,5.173099
4.821000,0.011448,0.231855,4.719889
4.822000,0.010230,0.236789,4.259773
4.823000,0.009143,0.242380,3.783870
4.824000,0.008024,0.247642,3.310269
4.825000,0.006805,0.251589,2.817921
4.826000,0.005785,0.255536,2.329519
4.827000,0.004764,0.257180,1.830593
4.828000,0.000944,0.260140,1.333968
4.829000,-0.001460,0.258167,0.831753
4.830000,-0.000834,0.261127,0.322300
4.831000,-0.000538,0.259482,-0.198006
4.832000,0.002821,0.263429,-0.720943
4.833000,0.001010,0.259153,-1.249144
4.834000,-0.003040,0.252576,-1.779977
4.835000,-0.006103,0.248629,-2.291077
4.836000,-0.007716,0.242709,-2.812045
4.837000,-0.009363,0.236789,-3.316569
4.838000,-0.010317,0.229882,-3.817148
4.839000,-0.011931,0.222318,-4.310821
4.840000,-0.013544,0.213438,-4.793970
4.841000,-0.014829,0.203571,-5.271200
4.842000,-0.016014,0.194033,-5.733960
4.843000,-0.016969,0.182851,-6.186524
4.844000,-0.018089,0.171011,-6.618370
4.845000,-0.019472,0.158842,-7.033771
4.846000,-0.020229,0.146015,-7.418915
4.847000,-0.021217,0.132530,-7.776760
4.848000,-0.021711,0.118717,-8.097769
4.849000,-0.022073,0.104575,-8.383258
4.850000,-0.022501,0.090761,-8.626647
4.851000,-0.022764,0.076619,-8.827278
4.852000,-0.023061,0.061819,-8.983837
4.853000,-0.023225,0.047019,-9.095336
4.854000,-0.022896,0.033205,-9.159801
4.855000,-0.022731,0.018734,-9.179865
4.856000,-0.022336,0.004592,-9.154210
4.857000,-0.022369,-0.009222,-9.083495
4.858000,-0.021941,-0.022706,-8.974628
4.859000,-0.021184,-0.035204,-8.822016
4.860000,-0.020525,-0.048360,-8.637500
4.861000,-0.019801,-0.060858,-8.406610
4.862000,-0.019636,-0.073027,-8.151381
4.863000,-0.018615,-0.084209,-7.859973
4.864000,-0.017924,-0.095063,-7.543898
4.865000,-0.016870,-0.104929,-7.202498
4.866000,-0.015915,-0.115783,-6.833800
4.867000,-0.015125,-0.125321,-6.453262
4.868000,-0.014401,-0.133214,-6.044111
4.869000,-0.013610,-0.141436,-5.616214
4.870000,-0.012557,-0.148343,-5.184371
4.871000,-0.011635,-0.155907,-4.737728
4.872000,-0.010153,-0.162485,-4.273326
4.873000,-0.009099,-0.167748,-3.801032
4.874000,-0.008408,-0.172352,-3.322489
4.875000,-0.007321,-0.175970,-2.832437
4.876000,-0.006333,-0.179588,-2.346989
4.877000,-0.001987,-0.180903,-1.845098
4.878000,-0.001065,-0.183534,-1.346825
4.879000,0.003875,-0.179588,-0.831451
4.880000,-0.005477,-0.184192,-0.314433
4.881000,0.000318,-0.185179,0.203242
4.882000,0.002722,-0.183205,0.723547
4.883000,0.005389,-0.178272,1.257337
4.884000,0.004665,-0.177943,1.785864
4.885000,0.006279,-0.173996,2.293012
4.886000,0.007530,-0.167748,2.802463
4.887000,0.009012,-0.162156,3.297442
4.888000,0.010559,-0.154592,3.795381
4.889000,0.011975,-0.147685,4.284440
4.890000,0.013194,-0.138805,4.767907
4.891000,0.014544,-0.129267,5.245126
4.892000,0.015795,-0.119072,5.708531
4.893000,0.017013,-0.107889,6.164044
4.894000,0.018232,-0.097036,6.596534
4.895000,0.019252,-0.084209,7.012908
4.896000,0.020207,-0.071053,7.400341
4.897000,0.020866,-0.058227,7.760476
4.898000,0.021557,-0.044413,8.079828
4.899000,0.022018,-0.030271,8.348203
4.900000,0.022479,-0.016129,8.575138
4.901000,0.022776,-0.001986,8.766552
4.902000,0.022809,0.012485,8.926064
4.903000,0.022875,0.026627,9.053345
4.904000,0.022809,0.041427,9.129648
4.905000,0.022743,0.055570,9.158919
4.906000,0.022446,0.069712,9.140172
4.907000,0.022150,0.083197,9.075381
4.908000,0.021689,0.097339,8.971451
4.909000,0.021195,0.109508,8.823450
4.910000,0.020504,0.122664,8.640916
4.911000,0.019977,0.135161,8.414968
4.912000,0.019318,0.146673,8.155802
4.913000,0.018528,0.158184,7.872298
4.914000,0.017869,0.170024,7.561826
4.915000,0.016947,0.179891,7.219780
4.916000,0.016190,0.189757,6.853726
4.917000,0.015301,0.199295,6.472213
4.918000,0.014511,0.207517,6.063403
4.919000,0.013424,0.215740,5.647358
4.920000,0.012370,0.223304,5.205330
4.921000,0.011382,0.228895,4.759685
4.922000,0.010329,0.236789,4.293648
4.923000,0.009440,0.242380,3.823336
4.924000,0.008386,0.246327,3.344144
4.925000,0.007168,0.250931,2.856072
4.926000,0.005785,0.254220,2.369973
4.927000,0.004566,0.257180,1.868744
4.928000,0.005653,0.261127,1.370146
4.929000,0.005949,0.262113,0.856748
4.930000,-0.002513,0.261456,0.365056
4.931000,-0.000702,0.259811,-0.160512
4.932000,0.002558,0.260140,-0.673583
4.933000,-0.000669,0.257838,-1.214611
4.934000,-0.001987,0.255207,-1.739194
4.935000,-0.005872,0.248300,-2.254899
4.936000,-0.007288,0.242709,-2.774222
4.937000,-0.009132,0.237118,-3.276773
4.938000,-0.010581,0.229882,-3.781956
4.939000,-0.011635,0.222975,-4.272669
4.940000,-0.013281,0.214095,-4.760093
4.941000,-0.014466,0.204557,-5.235679
4.942000,-0.015751,0.194033,-5.702714
4.943000,-0.017232,0.183508,-6.155279
4.944000,-0.018352,0.171668,-6.588769
4.945000,-0.019406,0.160157,-7.003512
4.946000,-0.020130,0.147330,-7.390629
4.947000,-0.020920,0.132859,-7.751764
4.948000,-0.021480,0.120361,-8.075733
4.949000,-0.022172,0.105561,-8.363523
4.950000,-0.022699,0.091748,-8.609873
4.951000,-0.022830,0.077277,-8.814122
4.952000,-0.023094,0.063134,-8.972983
4.953000,-0.022962,0.048663,-9.090074
4.954000,-0.022962,0.034192,-9.156841
4.955000,-0.022863,0.019721,-9.180194
4.956000,-0.022666,0.005578,-9.156512
4.957000,-0.022172,-0.007906,-9.091718
4.958000,-0.021678,-0.021062,-8.983508
4.959000,-0.021151,-0.034875,-8.833199
4.960000,-0.020492,-0.047702,-8.649341
4.961000,-0.020031,-0.059871,-8.424042
4.962000,-0.019472,-0.072040,-8.172430
4.963000,-0.018747,-0.083222,-7.881680
4.964000,-0.017924,-0.094734,-7.571196
4.965000,-0.016969,-0.104929,-7.225521
4.966000,-0.016146,-0.114796,-6.862743
4.967000,-0.015355,-0.124334,-6.478587
4.968000,-0.014565,-0.132885,-6.074041
4.969000,-0.013577,-0.140778,-5.656011
4.970000,-0.012458,-0.148343,-5.215616
4.971000,-0.011338,-0.155250,-4.772262
4.972000,-0.010482,-0.161170,-4.305229
4.973000,-0.010416,-0.167748,-3.838197
4.974000,-0.008605,-0.172023,-3.354721
4.975000,-0.007749,-0.176628,-2.869602
4.976000,-0.006300,-0.180245,-2.379550
4.977000,-0.002546,-0.179917,-1.879961
4.978000,-0.004753,-0.186494,-1.384648
4.979000,-0.007222,-0.189783,-0.868616
4.980000,0.002459,-0.183534,-0.365740
4.981000,0.000549,-0.184521,0.169366
4.982000,-0.002184,-0.186165,0.693618
4.983000,0.001405,-0.183534,1.230039
4.984000,0.003743,-0.177614,1.748041
4.985000,0.005653,-0.173339,2.261439
4.986000,0.007398,-0.168076,2.767929
4.987000,0.008781,-0.162485,3.264553
4.988000,0.010329,-0.155250,3.762821
4.989000,0.011843,-0.148343,4.261746
4.990000,0.013128,-0.139463,4.736992
4.991000,0.014445,-0.129596,5.210921
4.992000,0.015762,-0.119729,5.679589
4.993000,0.017046,-0.108547,6.131812
4.994000,0.018133,-0.097694,6.568907
4.995000,0.019121,-0.085525,6.984953
4.996000,0.020010,-0.072040,7.374687
4.997000,0.020767,-0.058884,7.736467
4.998000,0.021557,-0.045071,8.058779
4.999000,0.021953,-0.031586,8.332745
